site_id,latitude,longitude,building_density,road_distance,facility_distance,shoreline_distance,flood_susceptibility,landslide_susceptibility,storm_surge_susceptibility,barangay,road_accessibility,shoreline_excluded,raw_hazard_integrated,raw_service_only,baseline_score,baseline_service_only,score,suitability_class,recommendation_level,high_hazard_excluded,recommendation_eligible,rank
TALOMO_0001,7.019055768767344,125.51504941274918,8.0,115.62614103114996,572.5341011572424,143.8930242419818,0,0,3,Dumoy,0.008574406999652914,False,-0.022045520752569377,0.027954479247430625,0.16353656424909616,0.03665855033007929,0.16820077888973411,Not Suitable,0,True,False,1465
TALOMO_0002,7.02132719068027,125.51280019591772,5.0,27.879202176238838,616.5090363084279,492.14187792547153,0,0,2,Dumoy,0.03462699536841006,False,0.010503652569674261,0.043836985903007594,0.23071581247750905,0.07405776282398266,0.22973961551529123,Not Suitable,1,False,True,1299
TALOMO_0003,7.021315065246987,125.51506155267211,0.0,63.5675550437469,743.6861523294385,306.5444045034675,0,0,2,Dumoy,0.015487654741184844,False,0.0023562521896573763,0.03568958552299071,0.2139001401675958,0.0548727333640286,0.21420667759180995,Not Suitable,1,False,True,1346
TALOMO_0004,7.021302928934249,125.51732290542188,0.0,58.386230946867116,922.5263109977857,132.88014037042907,0,0,3,Dumoy,0.016838920134444976,False,-0.0067185508923032974,0.043281449107696705,0.19517037266070847,0.07274961675443774,0.19499138569237023,Not Suitable,0,True,False,1399
TALOMO_0005,7.023598609351102,125.510550957308,5.0,169.03164168682585,826.0577986508944,843.1948111957407,0,0,0,Dumoy,0.00588125827686742,False,0.0349563697180001,0.0349563697180001,0.2811845337228484,0.05314619898948745,0.28068961717269547,Low Suitability,1,False,True,1036
TALOMO_0006,7.023586490861417,125.51281232895431,0.0,88.39042073913359,854.6093774518156,659.9665542179658,0,0,0,Dumoy,0.011186881007286917,False,0.03738640169867853,0.03738640169867853,0.28619995208744997,0.0588682984277686,0.28663414622724087,Low Suitability,1,False,True,984
TALOMO_0007,7.0235743614886506,125.51507369659957,0.0,59.518120833133906,917.5028956740294,486.15185510260824,0,0,0,Dumoy,0.01652397639307558,False,0.04290585740705279,0.04290585740705279,0.2975917278922508,0.07186519503638382,0.2974890696387298,Low Suitability,1,False,True,882
TALOMO_0008,7.023562221232891,125.51733506024017,0.0,36.23525897883757,1021.1943954906945,304.70110741512445,0,0,0,Dumoy,0.02685626547054081,False,0.05290425913446859,0.05290425913446859,0.31822773928595455,0.09540885592770361,0.317583418162109,Low Suitability,2,False,True,696
TALOMO_0009,7.0235500700942355,125.51959641987251,0.0,283.8467117863421,1169.9847961375315,118.64028654304047,0,0,2,Dumoy,0.003510660150256817,False,0.011545208585528557,0.04487854191886189,0.2328655122391634,0.07651035897936094,0.22645919525965602,Not Suitable,1,False,True,1310
TALOMO_0010,7.025882125421325,125.5060403063801,15.0,84.32408538436557,542.0361495077569,1393.2562653915772,0,0,0,Dumoy,0.011720020150174804,False,0.031109866595563876,0.031109866595563876,0.2732456166414454,0.04408867483702997,0.2709274239396452,Low Suitability,1,False,True,1109
TALOMO_0011,7.0258700247691745,125.50830169691258,22.0,110.20340078487997,769.3873543752636,1195.7221045238027,0,0,0,Dumoy,0.008992530740444472,False,0.040626946999168814,0.040626946999168814,0.2928882140282926,0.06649894797933671,0.29149529384653455,Low Suitability,1,False,True,943
TALOMO_0012,7.025857913230218,125.51056308345107,15.0,234.3653738186614,663.2662240852927,1013.3887039324641,0,0,0,Dumoy,0.004248713325055433,False,0.0313402968509757,0.0313402968509757,0.27372120879164813,0.04463127873917568,0.27528919831158044,Low Suitability,1,False,True,1075
TALOMO_0013,7.025845790804547,125.512824465992,3.0,302.3890101561277,625.2587574946375,839.4235698347873,0,0,0,Dumoy,0.0032960982979752225,False,0.025100298387061088,0.025100298387061088,0.2608422824483557,0.02993768952341876,0.26155603521019755,Low Suitability,1,False,True,1170
TALOMO_0014,7.0258336574922575,125.51508584453173,0.0,214.41250287278424,683.3556494499143,653.7617928760488,0,0,0,Dumoy,0.004642256074572274,False,0.027039122020101433,0.027039122020101433,0.26484388067100917,0.034503119818064115,0.26557502249470333,Low Suitability,1,False,True,1142
TALOMO_0015,7.025821513293442,125.5173472190667,0.0,235.18492652859393,817.3135098886413,472.1820982262105,0,0,0,Dumoy,0.004233970451450186,False,0.03189318043497964,0.03189318043497964,0.2748623223665921,0.04593317717945076,0.2752345399826366,Low Suitability,1,False,True,1076
TALOMO_0016,7.025809358208195,125.51960858959335,0.0,369.02293907128285,997.0094298740942,288.07071929357375,0,0,3,Dumoy,0.002702535152306748,False,-0.012171991233394075,0.03782800876660593,0.1839148480196997,0.05990816933293375,0.1931860928260494,Not Suitable,0,True,False,1409
TALOMO_0017,7.025797192236613,125.521869956108,0.0,393.22685760069425,1089.2086442162038,95.1315261021564,0,0,3,Dumoy,0.0025366105345691163,False,-0.00876363414691974,0.04123636585308026,0.19094946190978132,0.06793397241908547,0.1935672854098638,Not Suitable,0,True,False,1408
TALOMO_0018,7.028153530614494,125.50379100930284,3.0,66.10382325116574,563.0346978148455,1742.1070238858163,0,0,0,Dumoy,0.014902280549009224,False,0.02953688245915928,0.02953688245915928,0.2699990859012417,0.04038470233176565,0.2705455940586946,Low Suitability,1,False,True,1114
TALOMO_0019,7.028141436923826,125.50605241472417,17.0,127.99603401428381,700.1155509220077,1548.71727983717,0,0,0,Dumoy,0.007752176317988734,False,0.03550088193568107,0.03550088193568107,0.2823083693752272,0.05442838501819133,0.2815350794651966,Low Suitability,1,False,True,1022
TALOMO_0020,7.028129332342722,125.50831381615498,25.0,21.709849235255813,603.3730473478831,1366.8108536469624,0,0,0,Dumoy,0.04403375776037976,False,0.05591180433465508,0.05591180433465508,0.3244351050940264,0.1024908502542917,0.3222304081512928,Low Suitability,2,False,True,664
TALOMO_0021,7.028117216871277,125.51057521359174,27.0,37.08168616705818,435.9879173523584,1192.6952845669664,0,0,0,Dumoy,0.026259341448620795,False,0.03983583961158667,0.03983583961158667,0.2912554229573934,0.06463609383828131,0.2870028959766328,Low Suitability,1,False,True,981
TALOMO_0022,7.028105090509583,125.51283660703082,4.0,134.80954148376952,375.64863088879093,1005.9325488165541,0,0,0,Dumoy,0.007363252898689074,False,0.01834643546425578,0.01834643546425578,0.24690277531249405,0.01403408185730788,0.24823841326025,Not Suitable,1,False,True,1243
TALOMO_0023,7.028092953257735,125.51509799646863,0.0,38.07382752928974,465.98103362690546,825.7239099093805,0,0,0,Dumoy,0.02559257854251417,False,0.031053230330184277,0.031053230330184277,0.2731287232969356,0.04395531101923179,0.2741907541866714,Low Suitability,1,False,True,1092
TALOMO_0024,7.028080805115827,125.51735938190158,0.0,137.3104786480026,646.6565962791808,640.2561451194928,0,0,0,Dumoy,0.007230110182359935,False,0.027160508565886057,0.027160508565886057,0.26509441412727003,0.034788953869209056,0.26585842639529067,Low Suitability,1,False,True,1139
TALOMO_0025,7.028068646083953,125.5196207633261,0.0,187.27607999915023,784.1134311183027,435.8913814869342,0,0,1,Dumoy,0.005311349163443988,False,0.01459563736463777,0.031262304031304436,0.2391613867956711,0.04444762573658996,0.23351509941790521,Not Suitable,1,False,True,1288
TALOMO_0026,7.028056476162208,125.52188214073857,0.0,197.27688998421615,858.064428534067,228.76233101527572,0,0,3,Dumoy,0.005043452114261047,False,-0.01608294104791228,0.03391705895208772,0.1758429174119004,0.0506988898194384,0.1795971297649385,Not Suitable,0,True,False,1440
TALOMO_0027,7.028044295350686,125.52414351413542,0.0,88.5073387329369,991.3199554991681,43.84943059207689,0,0,3,Dumoy,0.011172268264881616,True,-0.0074241411024799225,0.04257585889752008,0.19371408314429853,0.07108813354046738,0.19405828891198204,Not Suitable,0,True,False,1405
TALOMO_0028,7.0277735625754225,125.57389270564373,6.0,63.92021455254392,1972.716032107754,30.679606129409635,0,0,3,Matina Aplaya,0.015403522722350812,True,0.03448882931578022,0.08448882931578022,0.28021956258743475,0.16978238381945482,0.3906626200349647,Low Suitability,0,True,False,287
TALOMO_0029,7.030424932526452,125.50154169042499,10.0,83.00343615368715,768.2531838617484,2092.5369158731005,0,0,0,Dumoy,0.011904274941449609,False,0.03805387901814963,0.03805387901814963,0.2875775792267832,0.06044003560043934,0.28759842762842225,Low Suitability,1,False,True,975
TALOMO_0030,7.03041284580439,125.50380311073535,3.0,206.43543654947396,798.9785154890495,1901.919839132463,0,0,0,Dumoy,0.0048207770891715365,False,0.03259911256750482,0.03259911256750482,0.27631931758714084,0.04759546553248683,0.27647443339077304,Low Suitability,1,False,True,1069
TALOMO_0031,7.030400748188266,125.50606452705871,8.0,33.20833785797907,733.6184188795834,1720.23300336146,0,0,0,Dumoy,0.029232639251624757,False,0.04618719069038221,0.04618719069038221,0.30436417341578414,0.07959188978223258,0.3042287444848816,Low Suitability,1,False,True,821
TALOMO_0032,7.030388639678171,125.50832593939148,22.0,96.10287917678443,489.10368464238326,1545.9669992991453,0,0,0,Dumoy,0.01029835581063885,False,0.030735330346418996,0.030735330346418996,0.2724725996617899,0.0432067384354154,0.26565535735387213,Low Suitability,1,False,True,1140
TALOMO_0033,7.0303765202742,125.51058734773008,24.0,32.157395805705654,255.4385330018399,1358.8215864169335,0,0,0,Dumoy,0.0301591839678773,False,0.034197567461591125,0.034197567461591125,0.2796184182140179,0.05135941511187278,0.28099560107626576,Low Suitability,1,False,True,1029
TALOMO_0034,7.030364389976446,125.51284875207092,20.0,95.3738436408379,127.57458192566489,1179.2657215925503,0,0,0,Dumoy,0.010376259389702864,False,0.0163288082925966,0.0163288082925966,0.24273853202264514,0.00928308952576311,0.24568754637851392,Not Suitable,1,False,True,1254
TALOMO_0035,7.030352248785004,125.5151101524104,5.0,94.66511447719859,303.8119546115398,992.4415709454117,0,0,0,Dumoy,0.010453131274288562,False,0.017779101462627137,0.017779101462627137,0.24573183707248095,0.012698156405359413,0.251233281520543,Low Suitability,1,False,True,1228
TALOMO_0036,7.030340096699968,125.51737154874493,2.0,112.26443235404503,541.5646545749951,778.3408332930202,0,0,0,Dumoy,0.008828896938044707,False,0.024807844610692357,0.024807844610692357,0.2602386780297886,0.029249036204125608,0.26063386851074893,Low Suitability,1,False,True,1177
TALOMO_0037,7.03032793372143,125.51963294107091,0.0,37.81285806663706,538.2684885262294,582.0713061274023,0,0,0,Dumoy,0.02576465763699027,False,0.03390260729618687,0.03390260729618687,0.27900964078139273,0.050664859891943616,0.27883618727624465,Low Suitability,1,False,True,1052
TALOMO_0038,7.030315759849487,125.52189432938476,0.0,31.026559402509744,641.228240485156,384.1562183108968,0,0,2,Dumoy,0.031224084592790677,False,0.007683831073672619,0.04101716440700595,0.22489589544415534,0.0674178094708505,0.22420387222396823,Not Suitable,1,False,True,1314
TALOMO_0039,7.030303575084231,125.52415571368287,0.0,163.79651163171428,810.9342433582805,200.48785435846995,0,0,3,Dumoy,0.006068089610020331,False,-0.017274381237851286,0.03272561876214872,0.17338386705517375,0.04789335503808454,0.17656863710957935,Not Suitable,0,True,False,1451
TALOMO_0040,7.030291379425758,125.52641709396168,0.0,82.98806470979743,1014.4235001745792,83.91565700068948,0,0,3,Dumoy,0.011906453654519644,False,-0.006115384344478593,0.04388461565552141,0.19641526680404758,0.07416991862368891,0.1952973054279628,Not Suitable,0,True,False,1398
TALOMO_0041,7.032684251400204,125.50155378493875,10.0,211.78840641810424,1018.1215800597414,2255.232346368122,0,0,0,Dumoy,0.0046995041545408135,False,0.04333162588225901,0.04333162588225901,0.2984704846520781,0.07286777013506014,0.29764499704538633,Low Suitability,1,False,True,881
TALOMO_0042,7.032672160756188,125.50381521615482,4.0,84.8288863955199,980.9856954986085,2073.6551530759584,0,0,0,Dumoy,0.011651089067983037,False,0.043875749353318234,0.043875749353318234,0.2995935179582485,0.07414904076559493,0.299068174303201,Low Suitability,1,False,True,862
TALOMO_0043,7.03266005921457,125.50607664338384,5.0,30.70789875083879,733.7297626403504,1899.2387140313242,0,0,0,Dumoy,0.031537882969099186,False,0.046483410277403624,0.046483410277403624,0.3049755502077419,0.08028941061569497,0.30460967130392763,Low Suitability,1,False,True,814
TALOMO_0044,7.032647946775449,125.50833806662216,5.0,49.42005003427535,489.27067600219107,1711.984788091499,0,0,0,Dumoy,0.01983337976301499,False,0.0303284654859089,0.0303284654859089,0.2716328586585692,0.04224867648055537,0.27058151687330256,Low Suitability,1,False,True,1113
TALOMO_0045,7.032635823438916,125.5105994858662,17.0,105.04240564447542,255.75813615018617,1532.8075332757205,0,0,0,Dumoy,0.00943018968612108,False,0.019588981086755667,0.019588981086755667,0.2494673037563548,0.016959956769686722,0.2509191935418702,Low Suitability,1,False,True,1232
TALOMO_0046,7.0326236892050655,125.51286090111238,15.0,100.43376742574131,128.21331451293705,1334.6468250286077,0,0,0,Dumoy,0.009858649889269768,False,0.014284494257735522,0.014284494257735522,0.238519208888226,0.004469256504815385,0.24449131371653987,Not Suitable,1,False,True,1257
TALOMO_0047,7.032611544073994,125.51512231235711,7.0,45.051843568369875,304.080719266726,1126.4652418215526,0,0,0,Dumoy,0.021714657275671744,False,0.025095877640320126,0.025095877640320126,0.26083315833206167,0.029927279803446193,0.26390993087615283,Low Suitability,1,False,True,1150
TALOMO_0048,7.03259938804579,125.5173837195968,21.0,172.72316019444855,305.2726125369386,935.3802812395288,0,0,0,Dumoy,0.005756284878082454,False,0.020730501079715302,0.020730501079715302,0.25182332227042026,0.019647942344542167,0.2521159491540822,Low Suitability,1,False,True,1220
TALOMO_0049,7.032587221120553,125.51964512282785,4.0,58.35032196090598,299.3861363198128,729.4466467311197,0,0,1,Dumoy,0.016849108260250035,False,0.0043398423146565855,0.021006508981323252,0.21799413334129294,0.020297869864554095,0.20780505866666196,Not Suitable,1,False,True,1368
TALOMO_0050,7.032575043298375,125.52190652204666,0.0,153.30342879235334,459.4265439391625,547.4593958510609,0,0,3,Dumoy,0.006480737387538572,False,-0.030397582417827407,0.019602417582172595,0.14629848516565772,0.016991596255705427,0.15232401457951558,Not Suitable,0,True,False,1494
TALOMO_0051,7.032562854579351,125.52416791724967,2.0,59.12020135763924,676.397397933538,420.94609983947197,0,0,3,Dumoy,0.016633344157503123,False,-0.01549128610105803,0.03450871389894197,0.17706405240500103,0.05209208483331875,0.1844876887775615,Not Suitable,0,True,False,1428
TALOMO_0052,7.0325506549635755,125.52642930843325,2.0,82.08034478657757,910.4691815688428,308.73198199031987,0,0,3,Dumoy,0.012036541285052053,False,-0.009285609365671493,0.04071439063432851,0.1898721410684056,0.06670485521825661,0.19224704165113393,Not Suitable,0,True,False,1412
TALOMO_0053,7.032538444451142,125.52869069559384,25.0,55.26506673708299,1151.2579299366482,187.41481612959024,0,0,3,Dumoy,0.017773017219953342,False,0.011351910033752535,0.06135191003375254,0.23246655736361577,0.11530089802835634,0.22927975822459823,Not Suitable,0,True,False,1301
TALOMO_0054,7.032526223042144,125.53095207872784,51.0,12.98927554538644,1219.097505936048,81.44753697765071,0,0,3,Dumoy,0.07148332998057164,False,0.05459051094829552,0.10459051094829552,0.32170804669822534,0.21711666669823784,0.31709051054878656,Low Suitability,0,True,False,698
TALOMO_0055,7.034955653700605,125.49930443732698,14.0,116.78779607856163,817.9681496898972,2608.61012758221,0,0,0,Dumoy,0.008489843882748465,False,0.03935510160228708,0.03935510160228708,0.29026321287144624,0.06350407964470449,0.29055908497892385,Low Suitability,1,False,True,954
TALOMO_0056,7.034943570035821,125.50156588343599,2.0,99.79274482519443,1062.7864218815757,2427.0884298777755,0,0,0,Dumoy,0.009921349019061908,False,0.04526607989990656,0.04526607989990656,0.30246306429001274,0.07742291111088853,0.3023080867574202,Low Suitability,1,False,True,837
TALOMO_0057,7.034931475469809,125.5038273255614,1.0,49.166082190734386,1042.830913829166,2252.510428763503,0,0,0,Dumoy,0.019933787059510474,False,0.05002265185218655,0.05002265185218655,0.3122803006522079,0.08862341296135653,0.31246412346030794,Low Suitability,2,False,True,737
TALOMO_0058,7.034919370002664,125.50608876369964,1.0,25.836110044969804,814.5690545614596,2065.2815124337794,0,0,0,Dumoy,0.03726322474920099,False,0.05150057595036282,0.05150057595036282,0.31533063403152867,0.09210354356014626,0.3153110560941859,Low Suitability,2,False,True,714
TALOMO_0059,7.034907253634481,125.50835019784708,3.0,79.83552552617766,603.7790775279699,1886.3493449588905,0,0,0,Dumoy,0.01237079852565765,False,0.029602347794417772,0.029602347794417772,0.27013420183688003,0.040538856335123635,0.2709794418951984,Low Suitability,1,False,True,1107
TALOMO_0060,7.03489512636535,125.51061162800016,3.0,12.226930459788095,436.5496584260516,1679.687271612694,0,0,0,Dumoy,0.07560333087409463,False,0.06030501025202401,0.06030501025202401,0.33350237902813185,0.11283571868067838,0.3335556462606704,Low Suitability,2,False,True,579
TALOMO_0061,7.034882988195366,125.51287305415529,1.0,44.30760033528113,376.30045719249193,1477.167428678301,0,0,0,Dumoy,0.022071352104280344,False,0.025932614490261366,0.025932614490261366,0.26256012546537594,0.03189757957608589,0.2678975630799168,Low Suitability,1,False,True,1131
TALOMO_0062,7.034870839124626,125.51513447630887,16.0,19.18304787243527,382.948782724197,1284.1298381041097,0,0,0,Dumoy,0.04954653064890842,False,0.047584486753797874,0.047584486753797874,0.30724809609374154,0.08288216212562412,0.3077087519615783,Low Suitability,1,False,True,789
TALOMO_0063,7.034858679153221,125.51739589445732,20.0,28.544334819017664,134.5007838093218,1080.0966719639594,0,0,0,Dumoy,0.03384743661097087,False,0.030348794771354003,0.030348794771354003,0.2716748169012472,0.04229654671179143,0.2749544624328765,Low Suitability,1,False,True,1080
TALOMO_0064,7.034846508281248,125.51965730859703,18.0,55.667050874808176,120.54522595565372,899.5711202934176,0,0,0,Dumoy,0.017646939174746405,False,0.01961684890529446,0.01961684890529446,0.24952482101126838,0.017025578304742585,0.2516408737155332,Low Suitability,1,False,True,1223
TALOMO_0065,7.034834326508798,125.5219187187244,1.0,106.95616077390657,368.7435994781161,759.5048256227791,0,0,2,Dumoy,0.009263019292565506,False,-0.015195108910569924,0.01813822442276341,0.17767534169343888,0.013543798481187534,0.17862404003900487,Not Suitable,0,False,True,1446
TALOMO_0066,7.034822133835969,125.52418012483588,3.0,26.935820839122904,618.3951267688443,642.928703135936,0,0,3,Dumoy,0.03579633495499597,False,-0.00611203208185411,0.04388796791814589,0.19642218564283798,0.0741778123387647,0.20574633471336876,Not Suitable,0,True,False,1376
TALOMO_0067,7.034809930262851,125.52644152692781,2.0,42.27879564115541,868.2472133366352,527.632657528508,0,0,2,Dumoy,0.023106003417735194,False,0.012263586888429115,0.04559692022176245,0.2343481954967281,0.07820195485800983,0.2283207403743713,Not Suitable,1,False,True,1304
TALOMO_0068,7.034797715789543,125.52870292499668,16.0,63.75367532329634,1013.2252484578028,408.7167000369834,0,0,3,Dumoy,0.015443138864431862,False,0.001560654284328944,0.05156065428432895,0.2122580809778609,0.09224501256293052,0.21469931976589596,Not Suitable,0,True,False,1345
TALOMO_0069,7.034785490416138,125.53096431903887,55.0,67.23787757914539,969.3512700424242,207.54339762389014,0,0,3,Bago Aplaya,0.014654617574237336,False,0.013199071061219661,0.06319907106121966,0.2362789702920038,0.11965048649539108,0.22977573929572406,Not Suitable,0,True,False,1298
TALOMO_0070,7.0372270526949245,125.49705506789272,2.0,54.27624395156225,549.3085235363028,2962.0267523149764,0,0,0,Dumoy,0.018090954242048086,False,0.03053084583808597,0.03053084583808597,0.2720505577436076,0.04272523008508376,0.27244116878556407,Low Suitability,1,False,True,1099
TALOMO_0071,7.037214976016501,125.49931652889484,4.0,19.243164643675115,798.2373949260718,2780.551309794751,0,0,0,Dumoy,0.04939939073767527,False,0.05905184755787274,0.05905184755787274,0.33091593768083527,0.10988484329908116,0.33359639565115334,Low Suitability,2,False,True,577
TALOMO_0072,7.037202888433222,125.50157798591684,3.0,19.14426830074668,1047.6764878945648,2605.7842070334673,0,0,0,Dumoy,0.04964191228345253,False,0.06832514181913688,0.06832514181913688,0.35005537728825686,0.1317210628654512,0.3531259125491018,Low Suitability,2,False,True,453
TALOMO_0073,7.037190789945181,125.50383943895517,4.0,16.634741352236176,1156.5723906883904,2418.6532485134826,0,0,0,Dumoy,0.05670624706231911,False,0.07695909764239339,0.07695909764239339,0.3678752664664352,0.15205180507757934,0.370719871887627,Low Suitability,2,False,True,374
TALOMO_0074,7.037178680552471,125.50610088800622,0.0,88.8754353857992,955.8693031550051,2235.5229810188257,0,0,0,Baliok,0.011126510772464146,False,0.04120113220093517,0.04120113220093517,0.294073292672738,0.06785100624302234,0.2941990425573395,Low Suitability,1,False,True,911
TALOMO_0075,7.037166560255187,125.50836233306637,5.0,14.664889616496668,784.0360671075096,2027.1800163474659,0,0,0,Dumoy,0.06383702818734846,False,0.0673269389618258,0.0673269389618258,0.34799515545497967,0.129370552232453,0.34647866664367016,Low Suitability,2,False,True,483
TALOMO_0076,7.0371544290534205,125.5106237741321,3.0,40.55273457670099,663.8817547852836,1828.6593209649175,0,0,0,Baliok,0.02406580481855241,False,0.0387421104669365,0.0387421104669365,0.2889980414572343,0.06206064340223924,0.2892338582864724,Low Suitability,1,False,True,964
TALOMO_0077,7.03714228694727,125.51288521119976,0.0,16.89799861607554,625.9116664100163,1630.492518066131,0,0,0,Dumoy,0.055872168807847865,False,0.05488122832352695,0.05488122832352695,0.32230806730463624,0.10006410918204627,0.32464651707973396,Low Suitability,2,False,True,646
TALOMO_0078,7.0371301339368255,125.51514664426577,1.0,66.66367972705213,443.3383167177616,1432.1750001825776,0,0,0,Dumoy,0.014778977496256344,False,0.02420741704359665,0.02420741704359665,0.25899943695371686,0.027835183929042516,0.25825461454778653,Low Suitability,1,False,True,1185
TALOMO_0079,7.037117970022183,125.51740807332655,18.0,96.47872326639826,260.7480656218105,1252.4953536146552,0,0,0,Dumoy,0.01025864892861916,False,0.02061731999032612,0.02061731999032612,0.25158972431008003,0.01938143002982067,0.2530415872525916,Low Suitability,1,False,True,1213
TALOMO_0080,7.037105795203435,125.5196694983785,4.0,90.32368043888695,253.831133592579,1100.6198210574955,0,0,0,Dumoy,0.010950062406532023,False,0.015816936362631633,0.015816936362631633,0.24168206367231768,0.008077762967835798,0.24533416308224615,Not Suitable,1,False,True,1255
TALOMO_0081,7.037093609480679,125.52193091941805,4.0,44.661611337331536,431.1275159813757,979.207033349527,0,0,2,Dumoy,0.02190023458901527,False,-0.0043572377589258734,0.02897609557440746,0.2000439600652699,0.03906419365379428,0.1943399464158527,Not Suitable,0,False,True,1404
TALOMO_0082,7.037081412854006,125.52419233644156,5.0,48.60596971646584,657.5040879657321,866.7728583568604,0,0,2,Dumoy,0.020158864058413262,False,0.003582486859415479,0.03691582019274881,0.21643100393026068,0.0577602001837306,0.2184950683665672,Not Suitable,1,False,True,1333
TALOMO_0083,7.037069205323513,125.5264537494455,0.0,44.30155333907889,896.5223457042366,745.0537859398386,0,0,3,Dumoy,0.022074298258937645,False,-0.004638780532716713,0.04536121946728329,0.19946287520329323,0.07764694028802419,0.19827820360649653,Not Suitable,0,True,False,1392
TALOMO_0084,7.037056986889292,125.52871515842621,5.0,26.157795768623558,777.8615300075869,509.17429863842574,0,0,3,Bago Aplaya,0.036821839611716145,False,0.00125835998802179,0.05125835998802179,0.2116341664050206,0.09153318735369527,0.21107757246746553,Not Suitable,0,True,False,1357
TALOMO_0085,7.037044757551441,125.53097656338016,19.0,28.52453699374239,719.7812448836305,291.6836338788358,0,0,3,Bago Aplaya,0.03387013317810694,False,0.002262638488703443,0.052262638488703446,0.2137069279470671,0.09389800456199553,0.21348240082820574,Not Suitable,0,True,False,1352
TALOMO_0086,7.0370325173100525,125.53323796430372,10.0,109.96448409065749,745.7221473891691,120.45693599449064,0,0,3,Bago Aplaya,0.009011892482490203,False,-0.014498045712547453,0.03550195428745255,0.17911403204502582,0.05443091013041949,0.18626947096935234,Not Suitable,0,True,False,1422
TALOMO_0087,7.036797881178281,125.57620381130377,176.0,9.720720723841064,1227.69710514546,43.2884795855275,0,0,3,Matina Aplaya,0.09327731089722072,True,0.11182173246827838,0.16182173246827838,0.43982933963683185,0.3518814529708074,0.42552295298761866,Moderately Suitable,0,True,False,203
TALOMO_0088,7.0394984483725,125.49480567662857,0.0,36.320238304191136,429.42730950901523,3315.448902029475,0,0,0,Dumoy,0.02679511293173329,False,0.030368196029538417,0.030368196029538417,0.27171485975968207,0.04234223167785019,0.27362013804704355,Low Suitability,1,False,True,1094
TALOMO_0089,7.039486378687565,125.49706715252397,1.0,168.88631768487284,628.3716247419836,3134.034608353271,0,0,0,Dumoy,0.005886289217563298,False,0.02603069693271401,0.02603069693271401,0.26276256086006755,0.032128538466061826,0.2629469873221997,Low Suitability,1,False,True,1159
TALOMO_0090,7.039474298094144,125.49932862444277,2.0,146.61492263175057,854.5723979918898,2958.370212926749,0,0,0,Baliok,0.006774382848099054,False,0.03550488652022099,0.03550488652022099,0.28231663456144857,0.0544378147833667,0.2822779490432538,Low Suitability,1,False,True,1018
TALOMO_0091,7.039462206592335,125.50159009238138,7.0,16.29891015779851,1091.2089937488315,2772.071309957391,0,0,0,Dumoy,0.057807109862882934,False,0.07617820392031316,0.07617820392031316,0.36626355569650954,0.15021300148816114,0.3675614552509539,Low Suitability,2,False,True,386
TALOMO_0092,7.039450104182226,125.5038515563362,5.0,35.73304114589646,1308.7486676086987,2581.0626121936907,0,0,0,Baliok,0.02722344703310013,False,0.06581810642599058,0.06581810642599058,0.34488102919264807,0.12581764022371777,0.3439112562372402,Low Suitability,2,False,True,504
TALOMO_0093,7.039437990863915,125.50611301630366,4.0,73.26673713910819,1135.2750789033116,2376.4612992723714,0,0,0,Baliok,0.013464978246276139,False,0.05080528852748293,0.05080528852748293,0.3138956087573285,0.09046632075668577,0.3141542222928074,Low Suitability,2,False,True,720
TALOMO_0094,7.039425866637494,125.50837447228014,4.0,5.254017731172369,994.925089939085,2180.7766021129596,0,0,0,Baliok,0.1598972121578142,False,0.1312939492093731,0.1312939492093731,0.48001865163737667,0.27999638609650995,0.473434740097512,Moderately Suitable,3,False,True,119
TALOMO_0095,7.039413731503059,125.51063592426209,4.0,13.54720483758447,903.2731394222195,1979.3994699984078,0,0,0,Baliok,0.06874172813023012,False,0.07438221901512218,0.07438221901512218,0.3625567667539512,0.14598391960822407,0.3624937555889848,Low Suitability,2,False,True,411
TALOMO_0096,7.039401585460702,125.51289737224587,1.0,16.490571171491172,790.5740100047273,1784.8365867799528,0,0,0,Baliok,0.05717366175153583,False,0.06225789475106095,0.06225789475106095,0.3375329979081686,0.11743425869324538,0.33893639888790017,Low Suitability,2,False,True,538
TALOMO_0097,7.039389428510517,125.51515881622792,0.0,57.479805764812646,609.4653033195018,1605.6964287145454,0,0,0,Dumoy,0.017099919996685437,False,0.031531189472091756,0.031531189472091756,0.2741151979922944,0.045080781695822046,0.2747417770633667,Low Suitability,1,False,True,1082
TALOMO_0098,7.0393772606526,125.51742025620463,0.0,63.184809939664305,492.8373429496897,1447.7155801002416,0,0,0,Dumoy,0.01558001030056848,False,0.026205919936373077,0.026205919936373077,0.26312420905130124,0.03254114350944548,0.2638028817307445,Low Suitability,1,False,True,1151
TALOMO_0099,7.039365081887042,125.51968169217243,0.0,290.8453277579331,489.2129774046144,1318.521816483638,0,0,0,Bago Gallera,0.0034264725348950443,False,0.01894483185981871,0.01894483185981871,0.24813782419064906,0.01544315124657746,0.2503792745029924,Low Suitability,1,False,True,1234
TALOMO_0100,7.039352892213941,125.52194312412772,4.0,155.11082631853333,600.641347158573,1201.9417492711825,0,0,1,Bago Gallera,0.006405705636068886,False,0.009673236173380066,0.026339902840046732,0.22900189032448565,0.03285663873911577,0.22973485342448166,Not Suitable,1,False,True,1300
TALOMO_0101,7.039340691633391,125.52420455206688,9.0,6.029266754448433,779.2372671862166,1067.6641812424864,0,0,2,Dumoy,0.14226234896650572,False,0.08118901004271281,0.11452234337604615,0.37660551384667534,0.24050357403435768,0.4019767913757607,Moderately Suitable,2,False,True,258
TALOMO_0102,7.039328480145483,125.52646597598635,8.0,38.29666230365125,721.4535570628419,847.3432099440752,0,0,2,Dumoy,0.025447453839027058,False,0.010172797557303874,0.04350613089063721,0.23003295055706652,0.07327868448448338,0.2274008184779424,Not Suitable,1,False,True,1308
TALOMO_0103,7.0393162577503166,125.52872739588253,3.0,10.379322465355619,555.4383094629972,641.3557006207498,0,0,3,Bago Aplaya,0.08787869427591168,False,0.022020090256447855,0.07202009025644786,0.2544849453647674,0.14042171476868753,0.27799933387199627,Low Suitability,0,True,False,1060
TALOMO_0104,7.039304024447982,125.53098881175184,6.0,82.05955197366903,470.667819422145,471.51270786244515,0,0,3,Bago Aplaya,0.012039554467101064,False,-0.02459383003540961,0.025406169964590393,0.1582770296925702,0.030657938308571768,0.15836632895544792,Not Suitable,0,True,False,1484
TALOMO_0105,7.039291780238576,125.53325022359066,10.0,25.57645983238683,509.45527464153486,257.2220143311899,0,0,3,Bago Aplaya,0.03762728393122441,False,-0.006709704499278116,0.04329029550072189,0.19518863100561576,0.07277044773154531,0.2091555629540658,Not Suitable,0,True,False,1364
TALOMO_0106,7.039279525122193,125.53551163139544,13.0,25.96683411121484,650.0470425135142,86.70996894905285,0,0,3,Bago Aplaya,0.03708258803669225,False,-0.0006242271333366731,0.04937577286666333,0.20774863646282313,0.08710017955985007,0.21411690538159828,Not Suitable,0,True,False,1347
TALOMO_0107,7.039069519468614,125.57395494338492,88.0,25.8127591021771,874.1642812898315,58.67946589627933,0,0,3,Matina Aplaya,0.03729567688984322,False,0.0345004475987383,0.0845004475987383,0.2802435419219359,0.1698097418834296,0.2620418657663915,Low Suitability,0,True,False,1165
TALOMO_0108,7.039057068042972,125.57621627796246,127.0,23.330966853396497,1063.837915968473,164.01387812881086,1,0,3,Matina Aplaya,0.04109988748188214,False,0.031044001508515356,0.10771066817518202,0.27310967564569066,0.22446383334348152,0.2794699478575112,Low Suitability,0,True,False,1047
TALOMO_0109,7.039044605712171,125.57847760843771,74.0,15.651567585680713,1274.4955991376823,34.69811047782914,0,0,0,Matina Aplaya,0.06005440598036765,True,0.10811831709861472,0.10811831709861472,0.4321857458057856,0.22542374156458195,0.412922696180327,Moderately Suitable,0,False,False,232
TALOMO_0110,7.041757778038345,125.49481775431605,0.0,129.67568737758089,634.443739746401,3487.5321168859186,0,0,0,Baliok,0.007652532923821934,False,0.026943735464703765,0.026943735464703765,0.26464700940121466,0.034278509047753106,0.2649419895964175,Low Suitability,1,False,True,1144
TALOMO_0111,7.041745704441912,125.4970792411318,0.0,59.93260489743149,782.9188613976085,3310.8080777472323,0,0,0,Baliok,0.016411574750222986,False,0.03772281173606051,0.03772281173606051,0.2868942791962853,0.05966045742042438,0.2861802722091776,Low Suitability,1,False,True,988
TALOMO_0112,7.041733619933458,125.4993407239709,1.0,61.72647398312226,973.8608874787283,3125.519982088252,0,0,0,Baliok,0.015942231987550723,False,0.045060786152742394,0.045060786152742394,0.30203935215871086,0.07693949721153617,0.3026289072330457,Low Suitability,1,False,True,833
TALOMO_0113,7.041721524513082,125.5016022028297,3.0,110.71951098495934,1186.9490775890872,2928.3090165358126,0,0,0,Baliok,0.008950987980377292,False,0.0497713124449082,0.0497713124449082,0.3117615534550373,0.08803157339190204,0.3111580774513941,Low Suitability,2,False,True,748
TALOMO_0114,7.041709418180871,125.50386367770462,5.0,17.419460587544073,1412.1937534978385,2726.843925713414,0,0,0,Baliok,0.054290406347525584,False,0.0856154581444765,0.0856154581444765,0.3857413973560533,0.17243530453782102,0.3847116620982549,Low Suitability,2,False,True,318
TALOMO_0115,7.041697300936923,125.50612514859208,2.0,35.664651260896704,1337.5398628989738,2531.7818414136696,0,0,0,Bago Gallera,0.02727422641727162,False,0.06588343497990862,0.06588343497990862,0.3450158628210359,0.12597147214224824,0.3445524119649777,Low Suitability,2,False,True,498
TALOMO_0116,7.041685172781331,125.50838661548849,3.0,73.33124069040021,1220.671665377378,2329.707851253097,0,0,0,Bago Gallera,0.013453293537304683,False,0.0536923516737219,0.0536923516737219,0.3198543079178921,0.09726461087744542,0.31994590041548066,Low Suitability,2,False,True,675
TALOMO_0117,7.041673033714187,125.51064807839022,3.0,183.8280146418659,1141.6942092871327,2137.7927990964554,0,0,0,Bago Gallera,0.005410435219669818,False,0.04597548253778472,0.04597548253778472,0.3039272223941861,0.07909337161017155,0.30378942402330356,Low Suitability,1,False,True,825
TALOMO_0118,7.041660883735589,125.51290953729372,5.0,208.18574474815776,961.7205197848015,1959.024612287194,0,0,0,Bago Gallera,0.004780440470281169,False,0.039469352050322384,0.039469352050322384,0.29049901791425903,0.06377311002361485,0.2906035109839791,Low Suitability,1,False,True,952
TALOMO_0119,7.0416487228456255,125.5151709921954,5.0,251.88308803968152,819.3577050534927,1797.3304680067395,0,0,0,Bago Gallera,0.003954396506907111,False,0.03357226962981006,0.03357226962981006,0.2783278466273902,0.04988699976901218,0.2782943522796961,Low Suitability,1,False,True,1056
TALOMO_0120,7.041636551044398,125.51743244309162,0.0,293.4966931221295,736.7412975298073,1657.714146318254,0,0,0,Bago Gallera,0.003395623867278177,False,0.028338295169842796,0.028338295169842796,0.2675252844244655,0.037562337972176445,0.2688734159109276,Low Suitability,1,False,True,1127
TALOMO_0121,7.041624368331994,125.51969388997885,0.0,415.91508829258294,734.3217483782445,1538.017298131689,0,0,0,Bago Gallera,0.0023985699440511,False,0.027661917868829242,0.027661917868829242,0.26612928833722227,0.035969643635242146,0.26629696933447305,Low Suitability,1,False,True,1135
TALOMO_0122,7.041612174708513,125.52195533285347,0.0,221.67089942848128,812.8155515223976,1404.8625744009928,0,0,0,Bago Gallera,0.004490932594095825,False,0.03187276615087686,0.03187276615087686,0.27482018869254854,0.04588510679826804,0.27508777837388265,Low Suitability,1,False,True,1079
TALOMO_0123,7.041599970174046,125.52421677171188,6.0,156.31359127781204,828.2040268747252,1193.0276709170287,0,0,1,Bago Aplaya,0.0063567298405515634,False,0.01900302969317268,0.03566969635983935,0.2482579405037282,0.054825899507436916,0.2423073184842861,Not Suitable,1,False,True,1262
TALOMO_0124,7.041587754728689,125.52647820655048,21.0,79.31505211958493,590.7100733456265,993.7729455910791,0,0,2,Bago Aplaya,0.012450966208812914,False,0.0021739007489284465,0.03550723408226178,0.21352377937402794,0.0544433426873374,0.2135203277651331,Not Suitable,1,False,True,1351
TALOMO_0125,7.041575528372536,125.52873963736573,21.0,62.3858146276454,370.07414307470896,815.1558859055314,0,0,3,Bago Aplaya,0.01577640053810802,False,-0.020932742332248934,0.02906725766775107,0.16583326214006353,0.03927885690401553,0.1665271251834434,Not Suitable,0,True,False,1468
TALOMO_0126,7.041563291105684,125.531001064154,15.0,12.200748908697067,223.54272968040127,606.4729462011328,0,0,3,Bago Aplaya,0.07575327785692285,False,0.006530466975168361,0.056530466975168364,0.2225154315133492,0.10394764143066884,0.24041475243751925,Not Suitable,0,True,False,1269
TALOMO_0127,7.041551042928223,125.53326248691168,7.0,65.9897535947643,296.6274306490378,435.73449882058395,0,0,3,Bago Aplaya,0.014927656041985454,False,-0.029165425682557707,0.020834574317442296,0.14884157166298595,0.01989300801440692,0.15781239495964888,Not Suitable,0,True,False,1485
TALOMO_0128,7.041538783840253,125.5355239056352,190.0,44.31393030371425,501.0033066097813,289.82918210768344,0,0,3,Bago Aplaya,0.022068268925197004,False,0.04739777782404625,0.09739777782404625,0.3068627417434462,0.2001796327426261,0.3137329380645069,Low Suitability,0,True,False,724
TALOMO_0129,7.041526513841867,125.53778532032099,227.0,28.254474975691288,715.3577224340617,146.09122009626998,0,0,3,Bago Aplaya,0.03418280453950857,False,0.075711068769783,0.125711068769783,0.36529942097262585,0.2668501405814816,0.35065916033897354,Low Suitability,0,True,False,467
TALOMO_0130,7.041514232933159,125.54004673096541,111.0,5.599385571331195,937.3016450171035,19.6125492619699,0,0,0,Bago Aplaya,0.1515292581697549,True,0.1619742795374948,0.1619742795374948,0.5433407368540257,0.352240662028966,0.4974587609953387,Moderately Suitable,0,False,False,87
TALOMO_0131,7.041353588324158,125.56944469994696,45.0,23.907287992656382,391.7885636592995,35.21418645818617,0,0,0,Matina Aplaya,0.040148891372470505,True,0.0526508702929445,0.0526508702929445,0.3177047621978875,0.09481219046845031,0.3118307353192193,Low Suitability,0,False,False,744
TALOMO_0132,7.041341154680985,125.57170605363552,56.0,21.965759617758398,520.6593890283675,176.9432590942293,0,0,3,Matina Aplaya,0.043543083993039126,False,0.013423665946569213,0.06342366594656922,0.23674251864096965,0.12017934960399126,0.23632598199977853,Not Suitable,0,True,False,1281
TALOMO_0133,7.041328710128928,125.57396740322888,84.0,21.547239168824976,716.7106251148848,308.67934403126634,2,0,3,Matina Aplaya,0.04435132800572115,False,-0.022096411319703885,0.08123692201362945,0.16343152962937887,0.16212497968036022,0.188022249696896,Not Suitable,0,True,False,1420
TALOMO_0134,7.041316254668082,125.57622874872344,72.0,47.8669958714405,938.7555810336069,360.0522241160282,1,0,3,Matina Aplaya,0.020463709343435072,False,-0.00522438896352348,0.07144227770314318,0.19825421980217636,0.13906111502638563,0.20990587321282708,Not Suitable,0,True,False,1360
TALOMO_0135,7.041303788298543,125.57849009011561,76.0,17.977273508591882,1172.1134593932966,259.2405200447685,0,0,3,Matina Aplaya,0.05269460860893711,False,0.05061799029500459,0.1006179902950046,0.31350903812686015,0.2077624037175465,0.30877091755025343,Low Suitability,0,True,False,776
TALOMO_0136,7.041291311020409,125.58075142740181,109.0,100.67568568800058,1411.1831498640058,201.30245207064704,0,0,3,Matina Aplaya,0.009835193077217837,False,0.04623817124239886,0.09623817124239886,0.3044693937580903,0.19744905790977182,0.31856051581658695,Low Suitability,0,True,False,690
TALOMO_0137,7.041278822833777,125.58301276057841,54.0,85.3843528109046,1303.203861517007,109.77788160123616,0,0,3,Matina Aplaya,0.01157617053853492,False,0.023735497648106466,0.07373549764810647,0.25802542787829214,0.14446105735770673,0.271679115245186,Low Suitability,0,True,False,1104
TALOMO_0138,7.041266323738742,125.58527408964186,35.0,28.67887795311797,1081.743238961728,12.346417011876298,0,0,0,Matina Aplaya,0.033693996167228527,True,0.07157067479072124,0.07157067479072124,0.35675393343814726,0.1393634570978271,0.34484749977194623,Low Suitability,0,False,False,496
TALOMO_0139,7.044029174058176,125.49256833426365,0.0,275.63809113976646,812.5188114904895,3841.0399120896304,2,0,0,Baliok,0.0036148311892983957,False,-0.02198533964207463,0.0313479936912587,0.16366077390937114,0.04464940281565289,0.16041060269510932,Not Suitable,0,False,True,1479
TALOMO_0140,7.0440171074658595,125.4948298359766,0.0,179.62027452653146,863.4986413739435,3663.4609235831063,0,0,0,Baliok,0.005536477024084631,False,0.034412644777587036,0.034412644777587036,0.2800623229564378,0.05186586679597927,0.280175728759579,Low Suitability,1,False,True,1040
TALOMO_0141,7.044005029957892,125.49709133371634,1.0,10.71797499439165,977.7898487320141,3478.9899352221487,0,0,0,Baliok,0.08533897712519534,False,0.08588414048384932,0.08588414048384932,0.3862959391686093,0.17306798224553255,0.3864011541643907,Low Suitability,2,False,True,308
TALOMO_0142,7.04399294153437,125.4993528274793,2.0,26.035554169093494,1136.4488870653636,3276.9045125828357,0,0,0,Baliok,0.03698833002443797,False,0.0639310468603935,0.0639310468603935,0.3409862684340879,0.12137410097560818,0.3391210943377259,Low Suitability,2,False,True,535
TALOMO_0143,7.043980842195388,125.50161431726188,2.0,21.62608091871465,1323.6159403470601,3077.9442931744384,0,0,0,Baliok,0.044196783508047684,False,0.07527245944601656,0.07527245944601656,0.36439416158723725,0.14808020653368817,0.36462229397365287,Low Suitability,2,False,True,397
TALOMO_0144,7.043968731941039,125.5038758030605,1.0,35.054840164878605,1467.0116084652711,2880.006198408666,0,0,0,Baliok,0.02773552719765238,False,0.07072354821127456,0.07072354821127456,0.3550055226199025,0.13736869218816877,0.35209944620649386,Low Suitability,2,False,True,458
TALOMO_0145,7.043956610771417,125.50613728487154,4.0,196.19168859078593,1331.3520617173936,2680.8683448745987,0,0,0,Bago Gallera,0.005071207651531447,False,0.05334089150695744,0.05334089150695744,0.31912891838029256,0.09643701270638777,0.3199035400740565,Low Suitability,2,False,True,677
TALOMO_0146,7.043944478686615,125.50839876269144,11.0,272.32975085046235,1232.0201155445664,2490.918397344442,0,0,0,Bago Gallera,0.003658584537133304,False,0.05120744915658683,0.05120744915658683,0.31472564055146335,0.09141330545820059,0.31405791982901027,Low Suitability,2,False,True,721
TALOMO_0147,7.043932335686728,125.5106602365166,12.0,362.07469792486893,1178.2397115925683,2312.4216401658537,0,0,0,Bago Gallera,0.0027542541678487607,False,0.048985615838058584,0.048985615838058584,0.31013992986229,0.08618146024587735,0.30957450589874236,Low Suitability,1,False,True,766
TALOMO_0148,7.043920181771851,125.51292170634342,17.0,377.03657496425706,1161.811280309906,2148.234908380755,0,0,0,Bago Gallera,0.0026452466936421402,False,0.05006230749848735,0.05006230749848735,0.3123621471704014,0.08871679179473269,0.3133231031487585,Low Suitability,2,False,True,730
TALOMO_0149,7.043908016942076,125.51518317216828,19.0,495.86922265052993,1047.0177370564074,2001.8822645860082,0,0,0,Bago Gallera,0.0020126020176205284,False,0.04603290922559376,0.04603290922559376,0.30404574711606047,0.07922859666921078,0.30646476169600334,Low Suitability,1,False,True,797
TALOMO_0150,7.0438958411975,125.51744463398765,4.0,496.57140216742295,983.710746289832,1877.5388094370614,0,0,0,Bago Gallera,0.0020097618063337165,False,0.03832850528577299,0.03832850528577299,0.28814438889718746,0.061086709728269586,0.28798411769819005,Low Suitability,1,False,True,971
TALOMO_0151,7.043883654538214,125.5197060917979,0.0,443.88399646574345,981.8999557090712,1748.5339293239297,0,0,0,Bago Gallera,0.0022477769664546723,False,0.03698697771042468,0.03698697771042468,0.28537556853123375,0.05792775781060961,0.28630126594130284,Low Suitability,1,False,True,986
TALOMO_0152,7.043871456964315,125.52196754559543,1.0,306.3077563438643,1041.90604839249,1540.9615687108314,0,0,0,Bago Gallera,0.003254066906404544,False,0.04021137403978038,0.04021137403978038,0.292030500109743,0.06552038069446604,0.2923744150366836,Low Suitability,1,False,True,933
TALOMO_0153,7.043859248475895,125.52422899537667,4.0,169.76391420500863,799.6030677060204,1346.7858775836664,0,0,2,Bago Aplaya,0.00585603817208981,False,0.0002493455249251361,0.03358267885825847,0.2095516301632751,0.04991151082101939,0.21394825125137132,Not Suitable,1,False,True,1350
TALOMO_0154,7.043847029073051,125.52649044113801,23.0,52.90849681115324,549.8923044609403,1158.5917485936886,0,0,2,Bago Gallera,0.018549951476167073,False,0.004902676168772359,0.03823600950210569,0.2191557835872965,0.06086890598083979,0.21146504734453941,Not Suitable,1,False,True,1356
TALOMO_0155,7.04383479875588,125.5287518828759,24.0,69.75365594846483,300.6626467086462,958.2954970249571,0,0,3,Bago Aplaya,0.014133545278965863,False,-0.02347566754784018,0.02652433245215982,0.1605848399269024,0.033290922974165256,0.16291646408348606,Not Suitable,0,True,False,1474
TALOMO_0156,7.043822557524469,125.5310133205867,23.0,3.7959635971669003,58.43378942301275,785.1364835708644,0,0,3,Bago Aplaya,0.20850867187372438,False,0.0808859994600755,0.1308859994600755,0.37598012090826494,0.2790357695079781,0.3879701437250751,Low Suitability,0,True,False,299
TALOMO_0157,7.043810305378919,125.53327475426684,20.0,99.97887283797613,166.31200114249222,638.9143517589578,0,0,3,Bago Aplaya,0.009903061619676943,False,-0.03247565894425921,0.017524341055740793,0.1420094785778499,0.012098261262936788,0.14846289863144904,Not Suitable,0,True,False,1498
TALOMO_0158,7.043798042319325,125.53553618391274,189.0,28.718256923770223,380.0754983286094,493.6217620092099,0,0,3,Bago Aplaya,0.03364934903702738,False,0.049234565139981284,0.09923456513998129,0.3106537440468956,0.20450479379084385,0.3134428037285281,Low Suitability,0,True,False,728
TALOMO_0159,7.043785768345779,125.53779760952075,278.0,28.476307928072718,621.4942374113064,360.27790023754017,0,0,3,Bago Aplaya,0.03392555141031138,False,0.08999670057168042,0.13999670057168043,0.3947839794717978,0.3004891240842036,0.403120443781724,Moderately Suitable,0,True,False,255
TALOMO_0160,7.043773483458377,125.54005903108735,133.0,23.71822422271531,836.5432834270413,237.23982973988973,0,0,3,Bago Aplaya,0.040455980615348164,False,0.050809322608217675,0.10080932260821768,0.31390393482166107,0.2082129420358348,0.2994129278687111,Low Suitability,0,True,False,858
TALOMO_0161,7.043625213563564,125.56719577334712,78.0,31.207376590470528,188.20543912077102,102.79948034735605,0,0,3,Matina Aplaya,0.03104878775801561,False,0.0012270590964615358,0.05122705909646154,0.21156956352423226,0.09145948181589218,0.21008285001634186,Not Suitable,0,True,False,1358
TALOMO_0162,7.043612786804734,125.5694571420482,70.0,31.390486022992786,167.35951745813034,249.31815258415094,0,0,3,Matina Aplaya,0.03087326319494365,False,-0.0024927828082804346,0.04750721719171957,0.2038920664580214,0.08270021220838844,0.2012522608761677,Not Suitable,0,True,False,1386
TALOMO_0163,7.043600349133388,125.57171850665758,56.0,21.319903809705274,381.57191832339316,377.99037845886625,0,0,3,Matina Aplaya,0.044803060466827554,False,0.008873751600535329,0.05887375160053533,0.22735180932113128,0.10946547318973963,0.23318595433183356,Not Suitable,0,True,False,1290
TALOMO_0164,7.043587900549623,125.57397986717166,160.0,31.4812420849371,623.0449820214992,529.6745919304723,1,0,3,Matina Aplaya,0.030786999997876974,False,0.01989015572841575,0.09655682239508241,0.2500889074392465,0.1981993993029205,0.26380020693618905,Low Suitability,0,True,False,1152
TALOMO_0165,7.043575441053536,125.5762412235868,113.0,49.217627766086565,869.3520405401636,589.4145590835319,1,0,3,Matina Aplaya,0.019913326146308512,False,0.006289005115722307,0.08295567178238897,0.22201707089347028,0.16617219270659328,0.2277061760523416,Not Suitable,0,True,False,1307
TALOMO_0166,7.043562970645223,125.5785025758995,73.0,190.76965596811053,1117.3007165309266,501.9572454360099,0,0,3,Matina Aplaya,0.005214589320462099,False,0.019646355108244487,0.06964635510824449,0.2495857197785776,0.13483217987113832,0.2359286851057998,Not Suitable,0,True,False,1284
TALOMO_0167,7.043550489324781,125.58076392410611,110.0,26.418102464533625,1343.7552246612956,435.33587526110784,0,0,3,Matina Aplaya,0.036472254099040535,False,0.05963965234462197,0.10963965234462197,0.33212912620909474,0.2290060942355888,0.3350161680290873,Low Suitability,0,True,False,567
TALOMO_0168,7.043537997092305,125.58302526820304,155.0,42.677306871423774,1175.6741884171117,340.7845372364308,0,0,3,Matina Aplaya,0.022895184516384594,False,0.06117826063886371,0.11117826063886371,0.3353047075826015,0.23262912048636158,0.31533440378256866,Low Suitability,0,True,False,713
TALOMO_0169,7.043525493947895,125.58528660818672,169.0,45.075671602943075,978.5432915890082,246.09106292046383,0,0,3,Matina Aplaya,0.02170342754018859,False,0.057927064267645115,0.10792706426764512,0.3285944625665738,0.2249733904065057,0.3232437048811448,Low Suitability,0,True,False,657
TALOMO_0170,7.043512979891645,125.58754794405353,170.0,46.12346963547951,744.5637003510326,164.58709363637496,0,0,3,Bucana,0.02122084828930115,False,0.04910087289487572,0.09910087289487572,0.3103778124761843,0.20418998298723973,0.31062698192687693,Low Suitability,0,True,False,753
TALOMO_0171,7.0435004549236515,125.58980927579992,102.0,77.84032462849603,525.5504107571356,105.68571417453738,0,0,3,Bucana,0.01268386456692189,False,0.011762877151345483,0.061762877151345486,0.2333147651424482,0.1162686197420739,0.2163742185719561,Not Suitable,0,True,False,1341
TALOMO_0172,7.043487919044016,125.59207060342226,37.0,8.511647214558087,350.7582709125556,82.66568137892668,0,0,3,Bucana,0.10513426091638957,False,0.03635487851250774,0.08635487851250774,0.28407095939411553,0.1741764490602828,0.2996608188150783,Low Suitability,0,True,False,855
TALOMO_0173,7.043475372252831,125.594331926917,17.0,34.89909213581955,307.9926865692389,15.004973147218145,0,0,0,Bucana,0.02785585764165372,True,0.03237447379510961,0.03237447379510961,0.2758556786583404,0.04706649908119761,0.27753400789101695,Low Suitability,0,False,False,1065
TALOMO_0174,7.046288507155318,125.49258040896974,0.0,226.03209832984922,776.2949238614838,4016.2721209555075,0,0,0,Baliok,0.004404663513910377,False,0.03043361260326625,0.03043361260326625,0.27184987505488495,0.04249627086036243,0.27204958513875804,Low Suitability,1,False,True,1102
TALOMO_0175,7.046276436654965,125.49484192161036,0.0,163.7387126771713,777.0202374148678,3829.559840761254,0,0,0,Baliok,0.006070218613154037,False,0.031437385216605704,0.031437385216605704,0.27392159248035736,0.04485989683426757,0.27410778119071755,Low Suitability,1,False,True,1093
TALOMO_0176,7.046264355235428,125.49710343027765,2.0,23.358601812422055,854.3342963333546,3626.4600746246424,0,0,0,Baliok,0.041053259448168906,False,0.05558694708547911,0.05558694708547911,0.3237646221430423,0.10172589510233834,0.32526857948771004,Low Suitability,2,False,True,642
TALOMO_0177,7.046252262896799,125.4993649349681,15.0,26.258287691674894,990.4613725080644,3429.377140265241,0,0,0,Baliok,0.03668609016498918,False,0.062792736571773,0.062792736571773,0.33863687452834673,0.11869367342778368,0.3296328691636338,Low Suitability,2,False,True,602
TALOMO_0178,7.046240159639178,125.50162643567805,17.0,109.24588329795357,1164.9636779615532,3229.388814192661,0,0,0,Baliok,0.009070633479323418,False,0.05394813694579759,0.05394813694579759,0.3203822310732922,0.09786691931342588,0.3191011620383184,Low Suitability,2,False,True,686
TALOMO_0179,7.046228045462654,125.50388793240394,5.0,152.19792432621824,1276.455960008771,3032.5849522991134,0,0,0,Baliok,0.0065275035833423515,False,0.05246021829169613,0.05246021829169613,0.31731126962004824,0.09436325410961856,0.31648977064762496,Low Suitability,2,False,True,702
TALOMO_0180,7.046215920367321,125.50614942514217,3.0,336.48874940362674,1117.9065572350871,2844.1502900847822,0,0,0,Bago Gallera,0.0029630617369233517,False,0.043636601846678225,0.043636601846678225,0.2990999340028982,0.07358590998201196,0.29939684731992333,Low Suitability,1,False,True,859
TALOMO_0181,7.046203784353275,125.50841091388916,11.0,238.4332438269388,997.5421412534396,2665.860133665621,0,0,0,Bago Gallera,0.00417652947442334,False,0.042595678141054034,0.042595678141054034,0.29695153928593687,0.07113480275436848,0.2963550938304586,Low Suitability,1,False,True,893
TALOMO_0182,7.046191637420609,125.5106723986413,10.0,139.84910944097635,930.3040236631192,2499.8859237865267,0,0,0,Bago Gallera,0.007099796398919057,False,0.04139944866789925,0.04139944866789925,0.29448260417905686,0.06831799044456369,0.29509242465450386,Low Suitability,1,False,True,906
TALOMO_0183,7.046179479569417,125.51293387939502,14.0,176.29958392773202,927.8150835759686,2348.839928906257,0,0,0,Bago Gallera,0.005640171160286557,False,0.04186149641948883,0.04186149641948883,0.29543623886249765,0.06940599389507451,0.29504405793352767,Low Suitability,1,False,True,908
TALOMO_0184,7.046167310799792,125.51519535614669,18.0,267.4852179038251,990.563517488088,2215.77715289753,0,0,0,Bago Gallera,0.003724599841314962,False,0.04453677193604656,0.04453677193604656,0.30095782296624535,0.07570557869571096,0.3006514928046907,Low Suitability,1,False,True,847
TALOMO_0185,7.046155131111831,125.51745682889278,2.0,250.8306685221328,1107.5158396364657,2094.4069435281017,0,0,0,Bago Gallera,0.0039709222306738715,False,0.04347919483927611,0.04347919483927611,0.29877505679884553,0.07321525702114612,0.2988877715128152,Low Suitability,1,False,True,865
TALOMO_0186,7.046142940505626,125.51971829762962,0.0,257.6909694898359,1230.4578887152823,1890.981250280865,0,0,0,Bago Gallera,0.003865616190515265,False,0.04738589772975753,0.04738589772975753,0.3068382220484205,0.08241453612236765,0.30782559580632296,Low Suitability,1,False,True,787
TALOMO_0187,7.0461307389812715,125.52197976235368,1.0,97.69201228576438,1086.1821859235963,1700.0234506408563,0,0,0,Bago Gallera,0.010132532277328415,False,0.045926366856758036,0.045926366856758036,0.3038258510169492,0.07897771683153151,0.3033115057940806,Low Suitability,1,False,True,826
TALOMO_0188,7.046118526538865,125.52424122306137,5.0,41.81835004114682,847.2356352504578,1506.715156057153,0,0,0,Bago Gallera,0.023354473001389302,False,0.04600278109547702,0.04600278109547702,0.30398356473398486,0.07915765268255208,0.302627197777992,Low Suitability,1,False,True,834
TALOMO_0189,7.046106303178498,125.52650267974906,12.0,25.385844282841795,617.1099596171913,1311.0496118617086,0,0,2,Bago Aplaya,0.03789910943461001,False,0.01491562728744806,0.04824896062078139,0.2398218239208245,0.08444682694125234,0.23962893313282055,Not Suitable,1,False,True,1271
TALOMO_0190,7.046094068900265,125.52876413241313,11.0,3.3643057062903123,410.58822730564583,1136.6442376480204,0,0,2,Bago Aplaya,0.22913151994799338,False,0.11879298368903712,0.15212631702237045,0.4542175212224432,0.3290512467356436,0.450887558596225,Moderately Suitable,2,False,True,154
TALOMO_0191,7.046081823704264,125.53102558105007,15.0,34.21557347810197,188.09677059352487,987.7254377936277,0,0,3,Bago Aplaya,0.028396527480145338,False,-0.022573418726125585,0.027426581273874418,0.16244701925040417,0.03541548656714379,0.17380650303005685,Not Suitable,0,True,False,1457
TALOMO_0192,7.046069567590588,125.53328702565626,14.0,72.72076830950132,164.8578108960372,841.9867670808285,0,0,3,Bago Aplaya,0.013564698563662655,False,-0.03250310675033534,0.01749689324966466,0.14195282819968338,0.012033628749052571,0.1465436276365468,Not Suitable,0,True,False,1502
TALOMO_0193,7.04605730055933,125.53554846622808,12.0,76.02958202294565,379.4414322647884,703.2177589846083,0,0,3,Bago Aplaya,0.012982025524974536,False,-0.025391788268408627,0.024608211731591376,0.15663009894935798,0.028778952191055435,0.15866269038204361,Not Suitable,0,True,False,1483
TALOMO_0194,7.046045022610589,125.53780990276196,32.0,90.63890169159282,621.1066762037536,577.90518071546,0,0,2,Bago Aplaya,0.010912396171720405,False,0.006311370497037852,0.039644703830371185,0.22206323149755827,0.06418601830222882,0.21990700011586167,Not Suitable,1,False,True,1324
TALOMO_0195,7.046032733744456,125.54007133525434,70.0,62.01501901670126,588.8652610455005,454.3081537489317,0,0,3,Bago Aplaya,0.01586923269411319,False,0.004739768436678657,0.05473976843667866,0.21881955326696542,0.0997310075827628,0.21503251896206715,Not Suitable,0,True,False,1344
TALOMO_0196,7.045884415829194,125.56720820861557,158.0,54.99325040597225,186.90162327878136,216.87722890178645,0,0,3,Matina Aplaya,0.017859295410600773,False,0.021690623265436762,0.07169062326543676,0.2538049482246533,0.13964590486199224,0.25691428549325696,Low Suitability,0,True,False,1193
TALOMO_0197,7.045871985045688,125.56946958824116,131.0,42.810794481689726,165.89194541453628,442.8693964687254,1,0,3,Matina Aplaya,0.022825424917092975,False,-0.012396403844791529,0.06427026282187513,0.18345167587159625,0.12217286719682809,0.20182461439694088,Not Suitable,0,True,False,1385
TALOMO_0198,7.045859543346132,125.57173096377494,101.0,21.041993239495085,380.93051639714486,592.6902013796328,0,0,3,Matina Aplaya,0.04536794785909783,False,0.025067474607791726,0.07506747460779173,0.26077453643239695,0.14759752003532575,0.2564878002815781,Low Suitability,0,True,False,1195
TALOMO_0199,7.045847090730624,125.5739923352133,205.0,14.986980957820212,622.6523741958842,722.7986770448829,1,0,3,Matina Aplaya,0.06255089704794067,False,0.05437931835039725,0.1310459850170639,0.32127215974595935,0.2794124942889914,0.3293804552412744,Low Suitability,0,True,False,606
TALOMO_0200,7.045834627199257,125.57625370255266,212.0,90.93945301176565,869.0707105068882,814.4074106908566,0,0,3,Matina Aplaya,0.010876723400475618,False,0.06260000884263202,0.11260000884263202,0.3382390977913378,0.23597697132241874,0.33508364765458554,Low Suitability,0,True,False,565
TALOMO_0201,7.045822152752133,125.57851506578947,28.0,249.21616027501952,1117.081832557545,746.5302094583868,1,0,3,Matina Aplaya,0.0039965444234332115,False,-0.02362956507918472,0.05303710158748194,0.1602672060393201,0.09572166568980203,0.214009923767861,Not Suitable,0,True,False,1348
TALOMO_0202,7.045809667389343,125.58077642492009,79.0,205.62156839130768,1184.9991594428034,667.1522039557011,1,0,3,Matina Aplaya,0.004839765798825816,False,-0.002547692174766192,0.07411897449190047,0.2037787373136929,0.14536404655699078,0.21972870956283047,Not Suitable,0,True,False,1327
TALOMO_0203,7.045797171110987,125.58303777994091,224.0,59.93384283124536,990.3306020647124,570.0035487307405,0,0,2,Matina Aplaya,0.016411241332168616,False,0.0913575937249679,0.12469092705830123,0.39759276905462165,0.26444796959745726,0.3888910710620074,Low Suitability,2,False,True,297
TALOMO_0204,7.045784663917163,125.58529913084841,286.0,31.98914553375666,826.0062922832738,481.2178621010868,2,0,3,Matina Aplaya,0.030313000952896293,False,0.04514635934973141,0.14847969268306474,0.30221596933375583,0.3204643856369111,0.3341260969237997,Low Suitability,0,True,False,571
TALOMO_0205,7.045772145807966,125.58756047763893,219.0,97.1466082408209,683.1937077834242,405.20227160207867,0,0,3,Bucana,0.0101888391043154,False,0.05760071760809034,0.10760071760809034,0.32792090557531955,0.22420492807672107,0.3301965707323941,Low Suitability,0,True,False,598
TALOMO_0206,7.045759616783493,125.58982182030894,107.0,10.84181733017667,434.26002892441596,350.05953716724866,2,0,3,Bucana,0.08444649770535523,False,-0.0012156499875600746,0.10211768334577326,0.2065279804929009,0.21129379459290515,0.22979915060543032,Not Suitable,0,True,False,1297
TALOMO_0207,7.045747076843839,125.5920831588548,117.0,5.648065227831647,188.17519254143545,311.35954748605786,0,0,3,Bucana,0.15041970343695968,False,0.0849588779853641,0.1349588779853641,0.38438626120392494,0.2886263494291669,0.38483847343409366,Low Suitability,0,True,False,317
TALOMO_0208,7.045734525989105,125.59434449327294,124.0,57.91571136903092,85.07663283521524,261.1297781837911,0,0,3,Bucana,0.01697340109731155,False,0.0052962644284470575,0.05529626442844706,0.2199681226023217,0.10104141231291563,0.21658616053775254,Not Suitable,0,True,False,1340
TALOMO_0209,7.045721964219387,125.59660582355976,145.0,58.892070060609946,322.59287627154714,216.52307399550156,0,0,3,Bucana,0.01669670123253402,False,0.021578897659241425,0.07157889765924143,0.253574354281214,0.13938281983531967,0.256089036569936,Low Suitability,0,True,False,1196
TALOMO_0210,7.045709391534783,125.59886714971168,195.0,54.809941045586235,570.8715216121062,175.84622525741983,0,0,3,Bucana,0.017917954781267155,False,0.04938700731997224,0.09938700731997224,0.31096837418968615,0.20486375586189165,0.3132121844709767,Low Suitability,0,True,False,732
TALOMO_0211,7.0456968079353866,125.60112847172512,138.0,102.75121173451774,531.7742155579405,131.4103603093464,0,0,3,Bucana,0.00963844164595239,False,0.02292419385296733,0.07292419385296733,0.2563509528155089,0.14255064587861793,0.24938460932424317,Not Suitable,0,True,False,1239
TALOMO_0212,7.045684213421299,125.60338978959648,87.0,50.63736400565087,506.34394029638315,82.5810605316908,0,0,3,Bucana,0.01936582200227274,False,0.00965327854925875,0.059653278549258754,0.22896069916513972,0.11130105837992713,0.21863651182050123,Not Suitable,0,True,False,1332
TALOMO_0213,7.048547840014015,125.49259248764554,0.0,200.48684059170668,530.913549111465,4177.75514627559,0,0,0,Baliok,0.004963103282890826,False,0.021431005852040344,0.021431005852040344,0.25326911579393974,0.02129745066217151,0.25441943670147055,Low Suitability,1,False,True,1204
TALOMO_0214,7.048535765605589,125.4948540112174,0.0,43.37965962297752,531.9735305156477,3976.7225401211213,0,0,0,Baliok,0.02253284519294175,False,0.03176906966506346,0.03176906966506346,0.274606166299663,0.045640928282124,0.27461067398215144,Low Suitability,1,False,True,1083
TALOMO_0215,7.048523680274445,125.49711553081588,1.0,85.27273896468691,639.6268269142824,3780.985208105778,0,0,0,Baliok,0.011591147006580135,False,0.02980230434255329,0.02980230434255329,0.2705468983575905,0.041009702505406316,0.27110441620847914,Low Suitability,1,False,True,1106
TALOMO_0216,7.048511584020677,125.49937704643736,16.0,174.77086646071012,812.5571476810625,3579.5905525063936,0,0,0,Baliok,0.005689224955965777,False,0.0382139896946285,0.0382139896946285,0.2879080366172891,0.060817055005627056,0.2867605149646002,Low Suitability,1,False,True,982
TALOMO_0217,7.048499476844378,125.50163855807828,17.0,4.660634106249045,1018.0254214835378,3384.6843136799866,0,0,0,Baliok,0.17665865364730995,False,0.14658586725676398,0.14658586725676398,0.5115801155253759,0.31600491452945156,0.48583606668985496,Moderately Suitable,3,False,True,100
TALOMO_0218,7.048487358745642,125.50390006573505,9.0,129.34877856844196,1109.7551875580325,3197.4532495330864,0,0,0,Baliok,0.007671725128401814,False,0.04820472371151291,0.04820472371151291,0.3085282223854376,0.08434266041353207,0.30788832336266314,Low Suitability,1,False,True,785
TALOMO_0219,7.048475229724563,125.50616156940406,4.0,250.49462893488592,923.0015325985413,3019.325531079421,0,0,0,Bago Gallera,0.003976228057971403,False,0.03717277514817453,0.03717277514817453,0.2857590416249197,0.05836526292273809,0.28603079349993055,Low Suitability,1,False,True,989
TALOMO_0220,7.048463089781237,125.50842306908173,0.0,81.66680978959776,772.856443362251,2852.0073706612966,0,0,0,Bago Gallera,0.012096753250127637,False,0.03481126745039423,0.03481126745039423,0.28088505265285335,0.05280452052164726,0.2816510462097095,Low Suitability,1,False,True,1021
TALOMO_0221,7.048450938915754,125.51068456476445,1.0,40.46540282015026,683.8730400548338,2697.510967908137,0,0,0,Bago Gallera,0.02411649066421336,False,0.03882583824368897,0.03882583824368897,0.2891708498122233,0.06225780075166232,0.28943254660740275,Low Suitability,1,False,True,963
TALOMO_0222,7.048438777128209,125.51294605644865,0.0,82.60223974578888,680.4833486435451,2558.1604331360904,0,0,0,Bago Gallera,0.011961402027514112,False,0.031219718977365862,0.031219718977365862,0.2734723443789672,0.044347348902721684,0.2746021719917588,Low Suitability,1,False,True,1084
TALOMO_0223,7.048426604418698,125.51520754413073,2.0,44.46240336983322,763.8277558772165,2436.4114046154104,0,0,0,Bago Gallera,0.021996197426367353,False,0.04097620841799573,0.04097620841799573,0.2936090655018367,0.06732136866530843,0.2938231509642093,Low Suitability,1,False,True,917
TALOMO_0224,7.048414420787315,125.5174690278071,1.0,36.32124286229753,910.3889792367419,2242.110082396451,0,0,0,Bago Gallera,0.026794391700449362,False,0.04900798599586663,0.04900798599586663,0.310186100324729,0.08623413620588341,0.3096833752421933,Low Suitability,1,False,True,764
TALOMO_0225,7.048402226234156,125.51973050747416,0.0,73.87184861850018,1095.0723018974634,2053.3697342171185,0,0,0,Bago Gallera,0.013356154795848178,False,0.0478007326246417,0.0478007326246417,0.3076944126527511,0.08339136545542582,0.30818469184257685,Low Suitability,1,False,True,781
TALOMO_0226,7.048390020759311,125.52199198312834,0.0,51.88916622998666,1176.1100700066852,1856.4112883979808,0,0,0,Bago Gallera,0.018907463877413676,False,0.054135622924451315,0.054135622924451315,0.32076918919891434,0.09830840050448435,0.3209880234438684,Low Suitability,2,False,True,671
TALOMO_0227,7.048377804362878,125.52425345476601,0.0,115.87630655370111,959.8184085500834,1664.1429956308334,0,0,1,Bago Gallera,0.00855605408390049,False,0.023178054303137487,0.039844720969804154,0.256874903271286,0.06465700714941118,0.2389819250102656,Not Suitable,1,False,True,1274
TALOMO_0228,7.048365577044952,125.52651492238361,5.0,204.87940774408216,742.498084701695,1489.1208641755297,0,0,2,Bago Gallera,0.0048572123407458374,False,-0.0021542797544011477,0.031179053578932185,0.20459071340851379,0.0442515923631432,0.2080594907409179,Not Suitable,1,False,True,1367
TALOMO_0229,7.048353338805625,125.52877638597757,5.0,81.67664756130591,541.3881310958026,1336.487361652228,0,0,2,Bago Gallera,0.01209531384613153,False,-0.005558593357474835,0.027774739975858498,0.1975644449892185,0.0362353106389651,0.19479445108010204,Not Suitable,0,False,True,1401
TALOMO_0230,7.048341089644995,125.5310378455442,5.0,175.98804783585976,399.8734939916953,1190.5579246673424,0,0,2,Bago Gallera,0.005650099044695993,False,-0.014716865615180597,0.018616467718152736,0.178662402861981,0.014669938266041306,0.1791207777023534,Not Suitable,0,False,True,1443
TALOMO_0231,7.048328829563153,125.53329930108004,6.0,9.925331024928404,389.4823666134923,1047.1280776937351,0,0,2,Bago Gallera,0.09153040742823197,False,0.035576197458267615,0.06890953079160095,0.28246381541796395,0.1330971483810586,0.2994480360682203,Low Suitability,1,False,True,857
TALOMO_0232,7.048316558560198,125.5355607525814,11.0,99.73303824004219,460.4820564692735,918.5705316910303,0,0,0,Bago Aplaya,0.009927229610776219,False,0.025546061166373635,0.025546061166373635,0.2617623060724875,0.030987346058555736,0.2606099153566782,Low Suitability,1,False,True,1178
TALOMO_0233,7.048304276636222,125.53782220004472,10.0,21.261336670632737,438.11151769574667,795.4315365004292,0,0,0,Bago Aplaya,0.04492093241279643,False,0.04485252035720963,0.04485252035720963,0.3016095059246124,0.07644908490375309,0.3053187118459544,Low Suitability,1,False,True,810
TALOMO_0234,7.048291983791323,125.54008364346642,10.0,142.3113702936214,344.5575805079256,667.9158156278359,0,0,2,Bago Aplaya,0.006977813399949806,False,-0.01427668355110815,0.019056649782225182,0.17957090827486072,0.015706453654150385,0.17923868305821242,Not Suitable,0,False,True,1441
TALOMO_0235,7.048143617855169,125.56722064797225,242.0,5.673151645516956,399.3033261241944,388.8761302421633,0,0,3,Matina Aplaya,0.14985422977339397,False,0.13678560896893727,0.18678560896893728,0.4913530585214258,0.4106649524628016,0.47785583400095744,Moderately Suitable,0,True,False,111
TALOMO_0236,7.048131183046948,125.56948203852592,216.0,11.563835478747807,389.9116143730791,560.9316052152935,1,0,3,Matina Aplaya,0.07959352871911902,False,0.05940234121901383,0.1360690078856805,0.33163933241750565,0.2912404194206433,0.34404775615780736,Low Suitability,0,True,False,502
TALOMO_0237,7.048118737319145,125.5717434249877,208.0,37.21748177342738,519.2484836686542,775.7169468365851,0,0,3,Matina Aplaya,0.026166035897616367,False,0.05684804061326783,0.10684804061326783,0.32636743218383274,0.22243256761252728,0.32237940851810737,Low Suitability,0,True,False,663
TALOMO_0238,7.048106280671854,125.57400480735394,342.0,10.96469031036415,715.6863199484623,935.4698838128422,1,0,3,Matina Aplaya,0.08357926315349525,False,0.11860871757416638,0.19527538424083304,0.45383720867353655,0.4306561866114506,0.4679943657817149,Moderately Suitable,0,True,False,126
TALOMO_0239,7.048093813105173,125.57626618562111,236.0,19.009451035417197,937.9737892556212,1049.529574165585,1,0,3,Matina Aplaya,0.04997638357144214,False,0.06994287360556473,0.1466095402722314,0.3533942640910489,0.3160606583836829,0.37679848191288645,Low Suitability,0,True,False,346
TALOMO_0240,7.048081334619197,125.57852755978561,74.0,191.5118822969826,1171.487409279214,990.3782724554147,1,0,3,Matina Aplaya,0.0051944845589184385,False,-0.004618758817207136,0.07204790784945952,0.199504198642843,0.14048721803556305,0.22491923120650636,Not Suitable,0,True,False,1313
TALOMO_0241,7.048068845214026,125.58078892984382,67.0,153.55405474657795,1061.9641763994543,898.3838426788495,0,0,0,Matina Aplaya,0.006470228177705842,False,0.06616001375372763,0.06616001375372763,0.34558670232952815,0.12662274391928402,0.34309986633275064,Low Suitability,2,False,True,510
TALOMO_0242,7.048056344889754,125.58305029579218,194.0,44.45340946502833,839.2255986690807,802.2356927057509,0,0,2,Matina Aplaya,0.02200054983266758,False,0.07829685213530366,0.111630185468637,0.37063629945053495,0.23369328706324302,0.35836904751499915,Low Suitability,2,False,True,435
TALOMO_0243,7.048043833646477,125.58531165762705,236.0,104.98077642070571,637.0488984114031,717.7330951876949,0,0,3,Bucana,0.009435673466198797,False,0.061406524575844154,0.11140652457584416,0.3357758286010123,0.23316662326655588,0.3400111932047088,Low Suitability,0,True,False,531
TALOMO_0244,7.0480313114842925,125.5875730153449,121.0,22.971546013279994,482.0404469262797,648.2320924879886,1,0,3,Bucana,0.04171612458562373,False,0.00716575728077784,0.0838324239474445,0.22382662687659605,0.16823671824002903,0.24023889116210356,Not Suitable,0,True,False,1270
TALOMO_0245,7.048018778403302,125.58983436894208,136.0,109.70357403659241,428.82943693104,594.8243537293258,0,0,3,Bucana,0.009033132025795806,False,0.017949151603556965,0.06794915160355697,0.24608280883190792,0.13083570274736406,0.24168879721522532,Not Suitable,0,True,False,1265
TALOMO_0246,7.048006234403594,125.59209571841505,248.0,120.98931133757442,269.7933312045479,551.9081846098525,0,0,2,Bucana,0.008197439505439571,False,0.06762016887574637,0.10095350220907971,0.3486003617679094,0.2085524478611342,0.39387589249873856,Low Suitability,2,False,True,280
TALOMO_0247,7.047993679485275,125.59435706376023,232.0,85.6795937382243,211.22635235457386,507.25458322036394,0,0,3,Bucana,0.011536740735311225,False,0.04503513326279708,0.09503513326279708,0.3019864063636103,0.19461621332087536,0.3177775887711116,Low Suitability,0,True,False,695
TALOMO_0248,7.0479811136484365,125.59661840497395,225.0,6.530917498819085,376.09134833919046,462.4690003541942,0,0,3,Bucana,0.13278594542521663,False,0.11989742288159254,0.16989742288159254,0.4564970075226118,0.37089762392871234,0.4516715828102492,Moderately Suitable,0,True,False,149
TALOMO_0249,7.047968536893176,125.59887974205269,240.0,23.045274043808078,430.80494034938476,421.47385256018543,0,0,3,Bucana,0.04158821389093342,False,0.07382173006046264,0.12382173006046264,0.3613999562186549,0.26240123453691727,0.39101089755617047,Low Suitability,0,True,False,285
TALOMO_0250,7.047955949219594,125.60114107499282,226.0,11.514365323915358,307.7318330228614,377.84672928828707,0,0,3,Bucana,0.07990816746327259,False,0.08665922320527618,0.13665922320527618,0.38789565643407686,0.2926302244831185,0.3835649571171822,Low Suitability,0,True,False,323
TALOMO_0251,7.0479433506277855,125.6034024037908,113.0,12.084622782851673,261.34125315038676,312.84253404160495,0,0,3,Bucana,0.07642558876902214,False,0.04296010372212723,0.09296010372212724,0.29770368854420914,0.18973005319479802,0.28439638327667766,Low Suitability,0,True,False,1002
TALOMO_0252,7.047930741117848,125.60566372844299,28.0,53.02065605431637,408.53349941078136,164.4930716471572,0,0,3,Bucana,0.018511437532238148,False,-0.015396095894040729,0.034603904105959274,0.17726051842528423,0.052316233253765256,0.1844512686344366,Not Suitable,0,True,False,1429
TALOMO_0253,7.04791812068988,125.60792504894582,0.0,22.009258689588428,624.8999837441374,37.29960207986914,0,0,0,Bucana,0.04346076566354112,True,0.04756834302412527,0.04756834302412527,0.3072147765494241,0.08284414780020542,0.3130478377143298,Low Suitability,0,False,False,735
TALOMO_0254,7.050795094317657,125.49486610479781,4.0,8.693967579603404,295.3493270456323,4129.814227574291,0,0,0,Baliok,0.10315693670195993,False,0.07143870429351744,0.07143870429351744,0.3564815554363249,0.13905270056708025,0.3602426107571182,Low Suitability,2,False,True,424
TALOMO_0255,7.050783005074871,125.49712763533103,4.0,13.739949078614769,461.90677146525854,3930.392465639198,0,0,0,Baliok,0.06784283952858662,False,0.05707370191696477,0.05707370191696477,0.3268331815466973,0.10522681980363827,0.3273676069555984,Low Suitability,2,False,True,625
TALOMO_0256,7.0507709049059235,125.49938916188718,0.0,162.39414828911455,681.5310015432968,3737.058243275278,0,0,0,Baliok,0.006120170217054344,False,0.02783596195998438,0.02783596195998438,0.2664885033343789,0.03637947264331838,0.26709758934104566,Low Suitability,1,False,True,1134
TALOMO_0257,7.050758793810913,125.50165068446266,2.0,38.9476437706955,916.8484861762929,3550.8060624751165,0,0,0,Baliok,0.025032765530305763,False,0.04857413228902196,0.04857413228902196,0.3092906562045855,0.08521252246912141,0.30873795921470865,Low Suitability,1,False,True,777
TALOMO_0258,7.050746671789929,125.50391220305389,5.0,29.959731426136315,979.1697170470577,3372.809373947536,0,0,0,Baliok,0.032300021800440955,False,0.05626224564204932,0.05626224564204932,0.3251583917761751,0.10331604927394873,0.3238272024377085,Low Suitability,2,False,True,652
TALOMO_0259,7.050734538843067,125.50617371765726,5.0,149.09109483599335,761.0181257035256,3204.444172187543,0,0,0,Bago Gallera,0.00666262046454331,False,0.032941387847912014,0.032941387847912014,0.27702575015294767,0.048401435661821805,0.2769136228067023,Low Suitability,1,False,True,1067
TALOMO_0260,7.050722394970421,125.50843522826922,0.0,51.019840300020256,569.6699399798091,3047.307308484827,0,0,0,Bago Gallera,0.019223434640179213,False,0.03126269489771055,0.03126269489771055,0.27356104371372747,0.04444854612630526,0.2744914437565615,Low Suitability,1,False,True,1087
TALOMO_0261,7.050710240172086,125.51069673488612,1.0,141.37042643008166,441.4737742877728,2903.2225564057903,0,0,0,Bago Gallera,0.007023930636964844,False,0.019591230528907412,0.019591230528907412,0.24947194644977105,0.016965253626590373,0.2494427194970716,Not Suitable,1,False,True,1238
TALOMO_0262,7.050698074448155,125.5129582375044,1.0,7.806913276128871,436.20447756893043,2774.2243225272373,0,0,0,Bago Gallera,0.1135471610366028,False,0.08182496693667587,0.08182496693667587,0.3779180850022973,0.16350967401796668,0.38546158895668936,Low Suitability,2,False,True,313
TALOMO_0263,7.050685897798723,125.51521973612049,56.0,49.75794910539736,557.3594882286259,2593.8976761340946,0,0,0,Bago Gallera,0.019701347623867348,False,0.05084525502230086,0.05084525502230086,0.31397809684541644,0.09056043155825799,0.3112795047419139,Low Suitability,2,False,True,747
TALOMO_0264,7.050673710223881,125.51748123073074,97.0,45.619524651345266,745.6707396604535,2406.7768484155145,0,0,0,Bago Gallera,0.02145024016179332,False,0.073505127220054,0.073505127220054,0.3607465097979098,0.14391859433358326,0.3486650967015685,Low Suitability,2,False,True,473
TALOMO_0265,7.050661511723729,125.51974272133161,12.0,125.11160167309234,962.4968077105815,2207.2117471678785,0,0,0,Bago Gallera,0.007929484573451134,False,0.0438158622437031,0.0438158622437031,0.2994699150955064,0.07400802204690575,0.298901845157317,Low Suitability,1,False,True,864
TALOMO_0266,7.050649302298357,125.5220042079195,0.0,246.29770531484704,1192.382219642826,2017.3975153775696,0,0,0,Bago Gallera,0.004043709175250333,False,0.046042562901468645,0.046042562901468645,0.3040656716370766,0.07925132858950658,0.30447607276278416,Low Suitability,1,False,True,819
TALOMO_0267,7.050637081947863,125.52426569049078,0.0,273.33827839227735,1088.128723621143,1842.0102533013503,0,0,0,Bago Gallera,0.0036451347798067617,False,0.04184501961662981,0.04184501961662981,0.29540223187810155,0.06936719526808774,0.2953627325869778,Low Suitability,1,False,True,905
TALOMO_0268,7.050624850672341,125.52652716904188,0.0,383.48663711329766,894.8864854690223,1685.5305207228523,0,0,2,Bago Gallera,0.0026008706245500214,False,0.0005521613338608511,0.033885494667194184,0.2101766211022025,0.050624564058174705,0.21399984141831144,Not Suitable,1,False,True,1349
TALOMO_0269,7.050612608471882,125.52878864356923,0.0,328.98735775191744,736.6271272365817,1539.6430943186165,0,0,0,Bago Gallera,0.0030304191251829538,False,0.02811990486355239,0.02811990486355239,0.267074541898635,0.037048085049216355,0.2688741921775354,Low Suitability,1,False,True,1126
TALOMO_0270,7.0506003553465835,125.53105011406923,0.0,265.08595146867833,639.8571928848964,1394.708034983632,0,0,0,Bago Gallera,0.0037581841299040267,False,0.02486705843129539,0.02486705843129539,0.2603608912704587,0.029388469500602837,0.2617842530898691,Low Suitability,1,False,True,1169
TALOMO_0271,7.050588091296541,125.53331158053824,4.0,120.61010356445823,452.473413285324,1260.3442978729465,0,0,0,Bago Gallera,0.008223000973516645,False,0.02177137919038426,0.02177137919038426,0.2539716228825395,0.022098942207809464,0.25346133691329703,Low Suitability,1,False,True,1209
TALOMO_0272,7.0505758163218495,125.53557304297273,7.0,12.543185174103455,244.19288961304952,1136.1978121689501,0,0,0,Bago Gallera,0.0738378739672072,False,0.053368636121652824,0.053368636121652824,0.31918618135097293,0.09650234412812464,0.3217219013608407,Low Suitability,2,False,True,669
TALOMO_0273,7.050563530422607,125.53783450136909,13.0,118.71429058023189,198.8168628287609,1011.3811666805741,0,0,0,Bago Aplaya,0.008353221617512783,False,0.015380555558123028,0.015380555558123028,0.2407814037969357,0.007050198566951561,0.24377450940099998,Not Suitable,1,False,True,1259
TALOMO_0274,7.050551233598902,125.54009595572373,12.0,58.719034307126364,125.21005113314948,893.059551285486,0,0,2,Bago Aplaya,0.01674507988285853,False,-0.016185974786518977,0.017147358546814356,0.17563026288352773,0.011210564549592487,0.17913072164037636,Not Suitable,0,False,True,1442
TALOMO_0275,7.050415247551168,125.5649716858435,367.0,22.250490061523355,735.7758863636875,529.6314649725621,0,0,3,Matina Aplaya,0.04300984613029188,False,0.13108730896758508,0.18108730896758507,0.4795921604340634,0.39724692360715186,0.4808169383555387,Moderately Suitable,0,True,False,104
TALOMO_0276,7.050402819641411,125.56723309141726,416.0,14.989612650538747,639.4951725567958,614.6163971388453,1,0,3,Matina Aplaya,0.06254060194299368,False,0.12950618049093854,0.2061728471576052,0.47632882033746365,0.4563169050425482,0.4928697699119198,Moderately Suitable,0,True,False,91
TALOMO_0277,7.050390380808439,125.5694944929026,388.0,25.46777133618262,633.6734146961052,738.0108417498525,0,0,3,Matina Aplaya,0.0377817983727612,False,0.1315549058536291,0.1815549058536291,0.48055724814819334,0.39834799384007424,0.48258379974629717,Moderately Suitable,0,True,False,103
TALOMO_0278,7.050377931052351,125.57175589029595,351.0,49.03270173759311,720.5067086861843,912.2624065525807,0,0,2,Matina Aplaya,0.01998692785460013,False,0.1280307795927494,0.16136411292608271,0.4732836946688453,0.35080387681289477,0.4658484762657128,Moderately Suitable,3,False,True,130
TALOMO_0279,7.05036547037324,125.5740172835937,399.0,18.579136981731512,872.7644802757351,1115.4887781995717,0,0,1,Matina Aplaya,0.051074774180958994,False,0.18565359177773405,0.2023202584444007,0.5922132037248826,0.4472450508912292,0.5805472877648318,Moderately Suitable,3,False,True,40
TALOMO_0280,7.050352998771206,125.57627867279224,309.0,29.642706637874205,1023.563978145368,1278.3115097355808,1,0,1,Matina Aplaya,0.03263419291962956,False,0.12213841917171156,0.1654717525050449,0.46112226926312966,0.3604763100624682,0.4996451312395027,Moderately Suitable,3,False,True,85
TALOMO_0281,7.050340516246345,125.57854005788803,103.0,157.76795008597765,1104.1670133663538,1224.526526310166,1,0,0,Matina Aplaya,0.006298500418116313,False,0.05370695664669565,0.08037362331336231,0.31988445157453915,0.16009213359144236,0.3424577087490411,Low Suitability,2,False,True,515
TALOMO_0282,7.050328022798751,125.58080143887743,139.0,112.86823831043337,988.085429520845,1128.234581342136,0,0,0,Matina Aplaya,0.008782080190559805,False,0.0901252246550695,0.0901252246550695,0.3950492443132684,0.1830546431400393,0.3879438829377607,Low Suitability,2,False,True,300
TALOMO_0283,7.050315518428522,125.58306281575685,191.0,18.82450875040357,743.5351434445436,1036.4405625811592,0,0,2,Matina Crossing,0.05044261184931722,False,0.0902694777276915,0.12360281106102484,0.39534697270340113,0.26188573667776466,0.3829345766403588,Low Suitability,2,False,True,325
TALOMO_0284,7.050303003135757,125.58532418852273,104.0,7.268632632611467,504.3572176967465,955.1525613272872,0,0,2,Bucana,0.12093898041327926,False,0.09177898184390101,0.12511231517723434,0.3984624850612941,0.26544023008530987,0.430234713392627,Moderately Suitable,2,False,True,190
TALOMO_0285,7.050290476920551,125.58758555717147,71.0,47.624074364649545,284.4431341208795,891.7900333331507,0,0,2,Bucana,0.02056594419670877,False,0.012937493547298846,0.04627082688063218,0.2357390923490316,0.07978883146903117,0.20363481793999288,Not Suitable,1,False,True,1381
TALOMO_0286,7.050277939783003,125.58984692169948,243.0,52.22927839115145,180.10993879909563,841.7247184777775,0,0,0,Bucana,0.018786653327358176,False,0.1019847469754815,0.1019847469754815,0.419526480215567,0.21098076367980528,0.4186109008450342,Moderately Suitable,2,False,True,215
TALOMO_0287,7.050265391723207,125.59210828210315,398.0,24.889761409016664,248.87011326330733,796.5480708773559,0,0,1,Bucana,0.03862530767285204,False,0.1542820510363737,0.17094871770304038,0.5274645079006672,0.37337315246294794,0.5210541367139266,Moderately Suitable,3,False,True,62
TALOMO_0288,7.050252832741261,125.5943696383789,322.0,112.80800287365564,251.69763538692274,753.255347380067,0,0,3,Bucana,0.008786728303370314,False,0.07673618372692119,0.1267361837269212,0.3674151875233291,0.2692640222781235,0.3770197670958481,Low Suitability,0,True,False,343
TALOMO_0289,7.050240262837265,125.59663099052315,198.0,16.70679731288271,306.3740957196414,709.2107467963065,0,0,3,Bucana,0.05647548691780883,False,0.062988264213005,0.11298826421300501,0.33904043009075063,0.23689121272104455,0.33698366439792166,Low Suitability,0,True,False,554
TALOMO_0290,7.050227682011313,125.59889233853228,198.0,20.89078364491012,180.81628545915197,667.6935241187223,0,0,3,Bucana,0.045681324900057316,False,0.051887752383007954,0.10188775238300796,0.31612973947790524,0.21075236639634476,0.3232697395192362,Low Suitability,0,True,False,656
TALOMO_0291,7.050215090263506,125.60115368240274,289.0,13.97793485994446,177.8031095874241,624.3116930649372,0,0,3,Bucana,0.0667648784262177,False,0.09625751451162097,0.14625751451162097,0.40770586752158566,0.31523172838479174,0.42633832900165813,Moderately Suitable,0,True,False,201
TALOMO_0292,7.050202487593937,125.6034150221309,529.0,33.55078633277706,72.21021618553613,509.47167114804296,1,0,3,Bucana,0.02894290133858218,False,0.12813903639196325,0.2048057030586299,0.47350712923398164,0.45309763280950877,0.5121790578577508,Moderately Suitable,0,True,False,74
TALOMO_0293,7.050189874002707,125.6056763577132,350.0,63.30120311374663,322.2028629049813,378.503348227921,1,0,3,Bucana,0.01555180854440677,False,0.06660059915776018,0.14326726582442684,0.3464960402082598,0.3081904628914308,0.3775078834925956,Low Suitability,0,True,False,341
TALOMO_0294,7.050177249489914,125.60793768914603,1.0,73.64143420975424,572.201934990411,255.58988519182526,0,0,3,Bucana,0.01339738458387391,False,-0.021702681174700533,0.02829731882529947,0.164244161485934,0.03746584923459665,0.16656986526207965,Not Suitable,0,True,False,1467
TALOMO_0295,7.050164614055652,125.61019901642581,0.0,83.76039435982189,714.3218043847713,119.89981875734088,0,0,3,Bucana,0.011797963041026387,False,-0.017589465077751533,0.03241053492224847,0.17273355574668486,0.04715141374774757,0.1760261703409369,Not Suitable,0,True,False,1453
TALOMO_0296,7.053054422791091,125.49487820235173,5.0,46.24775051772043,128.32230049111914,4281.647036400095,0,0,0,Baliok,0.021165028790628804,False,0.01738494378765374,0.01738494378765374,0.24491832282356216,0.01177001659959036,0.2515962760536231,Low Suitability,1,False,True,1224
TALOMO_0297,7.053042329636627,125.49713974382328,4.0,78.78562644662117,377.61521863198755,4089.6357691109915,0,0,0,Baliok,0.012533585866735385,False,0.021451581228569702,0.021451581228569702,0.2533115819516382,0.021345900374528052,0.2536491346667891,Low Suitability,1,False,True,1208
TALOMO_0298,7.053030225552466,125.49940128131767,0.0,106.28457701421738,627.4710303126626,3904.1951928240455,0,0,0,Baliok,0.009321004265762075,False,0.027656522391049702,0.027656522391049702,0.2661181524433096,0.035956938674724326,0.26602326653523445,Low Suitability,1,False,True,1138
TALOMO_0299,7.053018110538706,125.5016628148313,0.0,32.186087304880786,877.4089892523242,3726.306412970989,0,0,0,Baliok,0.03013310942061334,False,0.049357821030373714,0.049357821030373714,0.3109081357014642,0.08705790760904214,0.3120493933155647,Low Suitability,2,False,True,742
TALOMO_0300,7.053005984595439,125.50392434436058,1.0,58.47053093580767,900.5498838221379,3557.1025938292887,0,0,0,Baliok,0.01681505082037013,False,0.042784914450178416,0.042784914450178416,0.29734210997289834,0.07158040552287226,0.297186236049119,Low Suitability,1,False,True,887
TALOMO_0301,7.052993847722756,125.50618586990194,1.0,17.457209212619375,656.784093990832,3397.881434468452,0,0,0,Bago Gallera,0.05417937178261436,False,0.055415946163416024,0.055415946163416024,0.323411688036949,0.1013232319736788,0.32434865188364614,Low Suitability,2,False,True,649
TALOMO_0302,7.052981699920756,125.50844739145175,2.0,113.13030548235896,420.4052794466908,3250.1104015684946,0,0,0,Bago Gallera,0.008761914688422254,False,0.020161853188211044,0.020161853188211044,0.2506496722523468,0.018308923020340585,0.25131990725561554,Low Suitability,1,False,True,1226
TALOMO_0303,7.0529695411895315,125.51070890900642,30.0,36.44156888534021,217.0618618134986,3115.4192337568397,0,0,0,Bago Gallera,0.02670828252583021,False,0.03283407638905303,0.03283407638905303,0.2768042667050865,0.048148744815223694,0.27691184729614843,Low Suitability,1,False,True,1068
TALOMO_0304,7.052957371529175,125.51297042256238,23.0,17.18521541785956,206.13370593193758,2946.10805757764,0,0,0,Bago Gallera,0.054989725280785384,False,0.04652322147700439,0.04652322147700439,0.3050577177772151,0.08038315573702841,0.3083405646789414,Low Suitability,1,False,True,778
TALOMO_0305,7.0529451909397824,125.51523193211605,180.0,1.3369121223900813,403.5670422476625,2756.6443846561997,0,0,0,Bago Gallera,0.427915106613957,False,0.32803255586929914,0.32803255586929914,0.8860735631422142,0.7432651330134464,0.8168302923363882,Highly Suitable,4,False,True,7
TALOMO_0306,7.05293299942145,125.51749343766377,187.0,7.080756675678311,638.9378768360965,2558.7701190181792,0,0,0,Bago Gallera,0.12375078722637797,False,0.16118011078602462,0.16118011078602462,0.5417016273392596,0.3503705991644356,0.5109028574010877,Moderately Suitable,3,False,True,76
TALOMO_0307,7.052920796974268,125.51975493920204,37.0,159.83704649840394,882.3926922425813,2370.741141541189,0,0,0,Bago Gallera,0.006217473037282636,False,0.0485928385716478,0.0485928385716478,0.30932926468141253,0.08525657094673682,0.30949684791673265,Low Suitability,1,False,True,768
TALOMO_0308,7.052908583598332,125.52201643672721,0.0,353.68478205597063,1128.712592376998,2195.1133452311137,0,0,0,Bago Gallera,0.002819404864802449,False,0.04290413644311213,0.04290413644311213,0.2975881759414035,0.07186114260955304,0.2985675812584247,Low Suitability,1,False,True,871
TALOMO_0309,7.052896359293739,125.5242779302357,2.0,384.90291778998386,1248.416010494415,2035.099908266777,0,0,0,Bago Gallera,0.002591325314995986,False,0.048027921370192614,0.048027921370192614,0.3081633145502268,0.0839263364367286,0.3093134055993794,Low Suitability,1,False,True,771
TALOMO_0310,7.052884124060582,125.52653941972392,2.0,265.4131950103451,1084.1310981447364,1888.7282639698908,0,0,0,Bago Gallera,0.0037535678364623384,False,0.042462665019254726,0.042462665019254726,0.2966770093788782,0.07082159111123638,0.2964961073309097,Low Suitability,1,False,True,890
TALOMO_0311,7.052871877898956,125.52880090518828,1.0,253.88723010350893,917.8903406848079,1743.0730400552507,0,0,0,Bago Gallera,0.003923303649201661,False,0.0358882825080975,0.0358882825080975,0.28310793743062873,0.05534061358779023,0.2834731382336235,Low Suitability,1,False,True,1011
TALOMO_0312,7.052859620808956,125.53106238662515,1.0,279.29363159156185,668.8951002436571,1603.8072112817053,0,0,0,Bago Gallera,0.003567687194039355,False,0.026212533636365505,0.026212533636365505,0.2631378592718183,0.03255671706951075,0.26403449912264126,Low Suitability,1,False,True,1149
TALOMO_0313,7.052847352790677,125.53332386403102,1.0,172.0639410393413,421.0921903069106,1476.8631631445203,0,0,0,Bago Gallera,0.005778211185960902,False,0.018086154349518123,0.018086154349518123,0.2463655730479997,0.013421186869802515,0.2482189109441383,Not Suitable,1,False,True,1244
TALOMO_0314,7.052835073844215,125.53558533740222,6.0,19.683212512036235,179.48986139882882,1353.5785244393537,0,0,0,Bago Gallera,0.048348388792024806,False,0.035615863123019134,0.035615863123019134,0.2825456826135485,0.054699136099951313,0.2919390859789014,Low Suitability,1,False,True,937
TALOMO_0315,7.052674453118852,125.56498412244154,549.0,71.35313775930967,699.3633613753083,771.2475618633457,2,0,3,Matina Aplaya,0.013821100659471123,False,0.12351593914380524,0.22684927247713857,0.46396537545291533,0.5050045612739418,0.4731528615498392,Moderately Suitable,0,True,False,120
TALOMO_0316,7.052662021187842,125.56724553895069,397.0,9.625268914605869,615.5153971898009,853.9275736328909,1,0,2,Matina Aplaya,0.09411526503817375,False,0.15705938405702496,0.21705938405702496,0.5331967316521011,0.48195189551687323,0.5385657839550286,Moderately Suitable,3,False,True,52
TALOMO_0317,7.052649578330082,125.5695069513713,401.0,27.739475178845908,627.3828951455934,946.6724214321132,0,0,2,Matina Aplaya,0.034795346601738365,False,0.15082159660172795,0.18415492993506127,0.5203223686780619,0.4044703808926623,0.5100773879577497,Moderately Suitable,3,False,True,78
TALOMO_0318,7.052637124545671,125.57176835969982,358.0,8.367434091525906,730.3145829468385,1089.8204509040647,1,0,0,Matina Aplaya,0.10675281941984875,False,0.18839583478731595,0.21506250145398262,0.5978730041142657,0.4772497513014741,0.5914907589667662,Moderately Suitable,3,False,True,34
TALOMO_0319,7.052624659834706,125.57402976393263,288.0,37.89385793493006,750.7610685872714,1264.832451785139,1,0,0,Matina Aplaya,0.025711000479124835,False,0.116960867474697,0.14362753414136367,0.4504361597504348,0.3090388019875275,0.45766169860752753,Moderately Suitable,3,False,True,141
TALOMO_0320,7.05261218419728,125.57629116406616,253.0,16.630186712406125,781.1169938977798,1461.8117686517899,1,0,0,Matina Crossing,0.056720896738791396,False,0.12393362684501619,0.15060029351168286,0.4648274540526944,0.3254578544088186,0.4735992791999945,Moderately Suitable,3,False,True,118
TALOMO_0321,7.052599697633495,125.5785525600968,193.0,59.46256395862321,884.1070829970241,1455.9794678205326,1,0,0,Matina Crossing,0.01653915968043197,False,0.08311599875734524,0.10978266542401191,0.38058268561420455,0.22934285320326936,0.38642463224943996,Low Suitability,2,False,True,307
TALOMO_0322,7.052587200143442,125.58081395202099,325.0,12.835233781763192,884.9435056449131,1358.4848672775438,0,0,0,Matina Crossing,0.0722792267752022,False,0.189086092499767,0.189086092499767,0.5992976484131314,0.41608199866803736,0.5809891617472848,Moderately Suitable,3,False,True,38
TALOMO_0323,7.052574691727222,125.58307533983512,299.0,102.71180987111313,725.5269902717054,1271.3792419360223,1,0,0,Matina Crossing,0.009642103452275497,False,0.11046680587974375,0.13713347254641042,0.4370328646320353,0.29374695953437974,0.44718907023734483,Moderately Suitable,2,False,True,162
TALOMO_0324,7.0525621723849286,125.58533672353559,111.0,64.38044909655287,477.41083682550027,1193.7507749943788,0,0,0,Matina Crossing,0.015295092245744825,False,0.06464037574158606,0.06464037574158606,0.3424502743095506,0.12304438779689328,0.3431317302417179,Low Suitability,2,False,True,509
TALOMO_0325,7.052549642116664,125.5875981031188,96.0,102.59958015122747,233.35123874565096,1136.0117995086505,1,0,0,Bucana,0.009652548770374064,False,0.020091239779044957,0.04675790644571162,0.25050393104731955,0.0809357783931458,0.2689584009011382,Low Suitability,1,False,True,1125
TALOMO_0326,7.052537100922519,125.58985947858119,238.0,5.756815865071512,77.3595122130119,1089.4230900680677,0,0,0,Bucana,0.14799870530279965,False,0.1720449152074994,0.1720449152074994,0.5641258341219435,0.375954415250592,0.507528124288962,Moderately Suitable,3,False,True,81
TALOMO_0327,7.052524548802595,125.59212084991916,354.0,29.320237697112503,126.59474052060392,1043.025927531475,0,0,1,Bucana,0.03298127178255048,False,0.13079089236115507,0.14745755902782173,0.4789803770076383,0.31805752413837174,0.4860794440386589,Moderately Suitable,3,False,True,98
TALOMO_0328,7.05251198575699,125.59438221712908,329.0,47.00559443156895,132.06662981675544,999.2010752995433,0,0,2,Bucana,0.020830905477599714,False,0.09838472972058265,0.13171806305391598,0.41209629296014605,0.2809950649661389,0.42126801440122147,Moderately Suitable,2,False,True,209
TALOMO_0329,7.052499411785796,125.59664358020743,276.0,35.26903138753257,256.8398703196927,956.0462272390143,0,0,3,Bucana,0.02757173163283728,False,0.07170166682142468,0.12170166682142468,0.3570242919526155,0.2574090316500101,0.36134948923350696,Low Suitability,0,True,False,418
TALOMO_0330,7.0524868268891145,125.59890493915056,249.0,8.241101067656505,69.25432509998295,913.6867603467467,0,0,3,Bucana,0.10821221331513851,False,0.10230106470128471,0.1523010647012847,0.42017933817943603,0.32946273251167735,0.42665634980910655,Moderately Suitable,0,True,False,200
TALOMO_0331,7.052474231067042,125.6011662939549,410.0,23.005578323779847,261.9648909763896,860.3730843914333,0,0,3,Bucana,0.04165698432723878,False,0.12746003771829617,0.1774600377182962,0.47210572281442525,0.3887056340508495,0.4775085321188543,Moderately Suitable,0,True,False,112
TALOMO_0332,7.052461624319678,125.6034276446169,710.0,13.003628916852096,259.0933809361196,721.7405628588643,0,0,3,Bucana,0.07141006134464123,False,0.2507028685601539,0.3007028685601539,0.7264704233716424,0.6789107584029529,0.7270308624936483,Highly Suitable,0,True,False,12
TALOMO_0333,7.052449006647118,125.6056889911329,458.0,116.4354120348008,407.09918888093296,595.7380867945469,3,0,3,Bucana,0.008515319039402357,False,0.050499922248480045,0.18049992224848005,0.3132653538241348,0.39586377917030113,0.35498012922198724,Low Suitability,0,True,False,447
TALOMO_0334,7.052436378049459,125.6079503334993,1.0,3.1070671325264,453.0765099116063,376.2580885420711,0,0,3,Bucana,0.243482750033566,False,0.10862272670246033,0.15862272670246033,0.4332268124298152,0.3443486183245181,0.4320407297707302,Moderately Suitable,0,True,False,186
TALOMO_0335,7.052423738526802,125.6102116717126,1.0,83.35199586571014,474.60080069269185,126.34133874082468,0,0,3,Bucana,0.011855084040833101,False,-0.02631763447371961,0.02368236552628039,0.15471921625405413,0.026598822837422136,0.15669140291704348,Not Suitable,0,True,False,1488
TALOMO_0336,7.0553016539596385,125.49715185629269,2.0,110.27204729129747,443.6537401617493,4257.611597366619,0,0,0,Baliok,0.008986983023527144,False,0.02117772252853121,0.02117772252853121,0.25274635648777605,0.02070103367066634,0.25305950401372623,Low Suitability,1,False,True,1212
TALOMO_0337,7.0552895459602265,125.49941340472891,0.0,53.64475193109167,669.2946150229058,4079.8132179928366,0,0,0,Bago Gallera,0.018300019025816492,False,0.03450941220638998,0.03450941220638998,0.28026204425367685,0.05209372916750355,0.280158441560502,Low Suitability,1,False,True,1042
TALOMO_0338,7.055277427027682,125.50167494918429,0.0,19.36459418949734,907.7895803752158,3909.922668466398,0,0,0,Bago Gallera,0.0491048331577229,False,0.06163242804238113,0.06163242804238113,0.3362420777712724,0.11596144568878396,0.3387104702217117,Low Suitability,2,False,True,541
TALOMO_0339,7.055265297162092,125.50393648965525,0.0,19.88818092076237,887.8101439621632,3749.0151577535307,0,0,0,Bago Gallera,0.04787396297424938,False,0.0601513456239344,0.0601513456239344,0.33318522583680016,0.1124738780592106,0.33589793970478893,Low Suitability,2,False,True,561
TALOMO_0340,7.055253156363557,125.50619802613814,4.0,51.47802913156445,639.2042745393753,3598.2959901520144,0,0,0,Bago Gallera,0.019055593675078027,False,0.035220342762653005,0.035220342762653005,0.2817293558759883,0.05376778752105404,0.2811446776077672,Low Suitability,1,False,True,1026
TALOMO_0341,7.055241004632165,125.50845955862938,12.0,16.243891134498966,392.3740020142787,3459.0971961513887,0,0,0,Bago Gallera,0.05799155145437861,False,0.05148036499407701,0.05148036499407701,0.3152889200120722,0.09205595196360361,0.3160594489242916,Low Suitability,2,False,True,709
TALOMO_0342,7.055228841968015,125.51072108712545,34.0,5.409996850897524,155.98913527548436,3298.6057993634113,0,0,0,Bago Gallera,0.1560063168923368,False,0.10770671792520711,0.10770671792520711,0.43133623350735617,0.22445453152221242,0.4108480612055563,Moderately Suitable,2,False,True,238
TALOMO_0343,7.055216668371198,125.51298261162266,34.0,115.16484994124536,140.384697140698,3106.3992513695052,0,0,0,Bago Gallera,0.008608456004598523,False,0.020722382641070406,0.020722382641070406,0.25180656637313364,0.019628825512509072,0.25719056004909513,Low Suitability,1,False,True,1189
TALOMO_0344,7.05520448384181,125.5152441321175,102.0,39.50477770766419,374.2767907025196,2910.8118020794013,0,0,0,Bago Gallera,0.02468844557591,False,0.06304711544688948,0.06304711544688948,0.33916189497744786,0.11929267016115516,0.33821530177815656,Low Suitability,2,False,True,547
TALOMO_0345,7.055192288379945,125.51750564860633,125.0,46.25237452700048,620.8529366330401,2724.1392008009516,0,0,0,Bago Gallera,0.02116295762932697,False,0.07847617540196118,0.07847617540196118,0.3710064103017277,0.1556241324645745,0.36626119148871294,Low Suitability,2,False,True,391
TALOMO_0346,7.055180081985697,125.51976716108555,2.0,265.0022435199782,869.3869229480979,2548.341308293722,0,0,0,Bago Gallera,0.003759366788667309,False,0.03430104157203136,0.03430104157203136,0.27983198163947454,0.05160306999128774,0.28027947427259225,Low Suitability,1,False,True,1039
TALOMO_0347,7.055167864659162,125.52202866955163,4.0,285.0496290949068,1118.5744832868547,2385.823225172366,0,0,0,Bago Gallera,0.003495896859450972,False,0.04432734157477624,0.04432734157477624,0.30052557314880585,0.07521242413556012,0.3008554541011392,Low Suitability,1,False,True,843
TALOMO_0348,7.055155636400435,125.5242901740009,4.0,134.90586993998676,1368.058524891295,2237.284670974153,0,0,0,Bago Gallera,0.007358033913042752,False,0.05607687442795256,0.05607687442795256,0.32477579837870474,0.10287954780874563,0.32507836965318043,Low Suitability,2,False,True,643
TALOMO_0349,7.055143397209606,125.52655167442981,3.0,138.8327406991268,1208.391965763747,2091.438165690581,0,0,0,Bago Gallera,0.007151400988068059,False,0.04953186405742395,0.04953186405742395,0.31126734850238175,0.0874677341114254,0.3099675081410579,Low Suitability,1,False,True,759
TALOMO_0350,7.055131147086774,125.52881317083475,3.0,115.27832152691846,969.5922444666483,1948.475855250892,0,0,0,Bago Gallera,0.008600055340225218,False,0.04130126714925656,0.04130126714925656,0.29427996429794406,0.06808679825567814,0.29506202452643715,Low Suitability,1,False,True,907
TALOMO_0351,7.055118886032036,125.53107466321217,3.0,174.54887187723372,738.2459604612625,1817.7239261423601,0,0,0,Bago Gallera,0.005696419403363231,False,0.030803154629182053,0.030803154629182053,0.2726125843023381,0.043366447152578855,0.2724275199623149,Low Suitability,1,False,True,1100
TALOMO_0352,7.055106614045483,125.5333361515584,0.0,6.284770419257637,524.3139095473924,1694.4904436224401,0,0,0,Bago Gallera,0.13727268567811726,False,0.09872773942881474,0.09872773942881474,0.41280424133431665,0.2033113497784886,0.4042306174666689,Moderately Suitable,2,False,True,253
TALOMO_0353,7.055094331127211,125.53559763586995,3.0,11.102423379145188,360.28190816688334,1568.0910700644629,0,0,0,Bago Gallera,0.08262807940789718,False,0.06152241026263675,0.06152241026263675,0.3360150086638079,0.1157023821535376,0.33259809090477416,Low Suitability,2,False,True,583
TALOMO_0354,7.055082037277316,125.53785911614312,9.0,234.00596369226457,331.21145958416037,1451.774844157056,0,0,1,Bago Gallera,0.004255211162681298,False,-6.624745089292908e-05,0.016600419215773737,0.2089002680333762,0.009922663294051136,0.19378827764775416,Not Suitable,0,False,True,1407
TALOMO_0355,7.054933658446691,125.56499656312452,270.0,34.124457828011245,497.5723849095121,1016.8235449309451,3,0,3,Matina Crossing,0.02847019034134427,False,-0.0007368564612660611,0.12926314353873394,0.20751617730007085,0.27521436179410624,0.2384828406376565,Not Suitable,0,True,False,1276
TALOMO_0356,7.054921222494388,125.5672579905726,224.0,4.329631907284662,370.5784278234337,1084.7345220317325,1,0,2,Matina Crossing,0.187630218633519,False,0.14147941620345084,0.20147941620345083,0.5010407528361757,0.44526508398014386,0.4953086587785993,Moderately Suitable,3,False,True,89
TALOMO_0357,7.054908775611804,125.5695194139321,270.0,48.659748214142866,389.9723889093125,1171.630208069063,1,0,0,Matina Crossing,0.020137033230369958,False,0.09362117260129962,0.1202878392679663,0.40226463969515064,0.2540798319053994,0.4166537912350329,Moderately Suitable,2,False,True,220
TALOMO_0358,7.054896317799034,125.57178083319937,339.0,24.606148465639798,540.2115854507234,1290.2030969457276,1,0,0,Matina Crossing,0.039053120438705305,False,0.13478055115614054,0.16144721782280722,0.48721475752113164,0.3509995674402802,0.490813485617717,Moderately Suitable,3,False,True,95
TALOMO_0359,7.054883849056173,125.57404224837084,378.0,9.383874196884866,501.10150958207527,1442.320022702465,1,0,0,Matina Crossing,0.09630316980342436,False,0.1806169548997526,0.20728362156641927,0.581817932677213,0.4589324926855378,0.5809488389168069,Moderately Suitable,3,False,True,39
TALOMO_0360,7.05487136938332,125.57630365944294,303.0,44.21803710015391,545.5312080486664,1617.8317476698578,0,0,0,Matina Crossing,0.022115068767471914,False,0.1390123379238098,0.1390123379238098,0.4959488734662726,0.29817120357976934,0.46532436832491725,Moderately Suitable,3,False,True,131
TALOMO_0361,7.054858878780571,125.57856506641207,293.0,43.50088285239749,684.9130419291487,1686.4656139535318,0,0,0,Matina Crossing,0.022471464292446616,False,0.14099036252279729,0.14099036252279729,0.5000313797782372,0.3028289420526649,0.4741146550760883,Moderately Suitable,3,False,True,117
TALOMO_0362,7.054846377248023,125.58082646927461,333.0,62.337885206330135,651.205359310541,1592.1249683996257,0,0,0,Matina Crossing,0.015788338949783213,False,0.14991349527000597,0.14991349527000597,0.5184481101776589,0.32384062144062753,0.4883393718653025,Moderately Suitable,3,False,True,96
TALOMO_0363,7.054833864785774,125.58308786802701,235.0,10.148646392833525,593.4129280221321,1508.298562878607,0,0,0,Matina Crossing,0.08969698784623856,False,0.15643612354628142,0.15643612354628142,0.5319103649555437,0.3391997310706878,0.5166959874565173,Moderately Suitable,3,False,True,67
TALOMO_0364,7.054821341393917,125.58534926266566,153.0,120.74193185658864,571.372042713017,1435.9432760362085,2,0,0,Matina Crossing,0.008214096694128321,False,0.02555730829736741,0.07889064163070074,0.2617855193749394,0.1566000936838153,0.2486553398740283,Not Suitable,1,False,True,1240
TALOMO_0365,7.054808807072553,125.58761065318694,133.0,26.503252099724097,391.1492102762716,1380.2335656841506,0,0,0,Matina Crossing,0.03635933657496568,False,0.08147343464176386,0.08147343464176386,0.37719254659717716,0.16268190600369872,0.3715085157005638,Low Suitability,2,False,True,369
TALOMO_0366,7.054796261821776,125.58987203958732,189.0,25.135769538191568,323.3100651162229,1337.969321585046,0,0,0,Matina Crossing,0.03826173928181928,False,0.0997795822156358,0.0997795822156358,0.4149751722815806,0.20578816863004482,0.41278084644164437,Moderately Suitable,2,False,True,233
TALOMO_0367,7.054783705641687,125.59213342186317,176.0,25.934222752258446,308.40901961399675,1289.4762370767698,0,0,0,Matina Crossing,0.0371274868110367,False,0.09395863404484672,0.09395863404484672,0.4029611368337762,0.19208133492449142,0.4052149549445381,Moderately Suitable,2,False,True,247
TALOMO_0368,7.054771138532381,125.59439480001089,270.0,18.17626879808411,310.6951717728223,1245.1468032190196,1,0,2,Bucana,0.052147788004510524,False,0.07603530382961446,0.13603530382961446,0.36596861976772666,0.2911610550493854,0.4387873931017641,Moderately Suitable,2,False,True,177
TALOMO_0369,7.054758560493956,125.5966561740269,319.0,9.117106943912281,403.8172252933809,1202.8817076817224,0,0,3,Bucana,0.09884248585527954,False,0.13424332672008782,0.1842433267200878,0.48610596334726264,0.4046785325540264,0.4792269425148445,Moderately Suitable,0,True,False,109
TALOMO_0370,7.054745971526507,125.59891754390765,274.0,37.76736642072724,319.21433865486483,1159.4388047800874,1,0,3,Bucana,0.025794891227518178,False,0.04565909789661689,0.12232576456328355,0.3032742263216209,0.2588786210901977,0.3256852583768996,Low Suitability,0,True,False,639
TALOMO_0371,7.054733371630134,125.60117890964948,407.0,36.18283432131721,138.99891096918654,1064.9777774898077,0,0,3,Bucana,0.02689413053772214,False,0.11307285682506464,0.16307285682506464,0.44241157399642833,0.35482752859290184,0.4590609671766146,Moderately Suitable,0,True,False,140
TALOMO_0372,7.054720760804934,125.60344027124883,458.0,78.44064629537702,231.78709742523117,875.7004809494813,0,0,3,Bucana,0.012588014406149086,False,0.1262212283433165,0.1762212283433165,0.46954890572768926,0.38578855703907716,0.47951350453821945,Moderately Suitable,0,True,False,108
TALOMO_0373,7.054708139051006,125.60570162870212,156.0,76.02305008266212,387.686738808343,627.8910711978259,3,0,3,Bucana,0.012983126465737039,False,-0.054239157308407934,0.07576084269159207,0.09709111937870375,0.1492302232895966,0.13038315369552922,Not Suitable,0,True,False,1519
TALOMO_0374,7.054695506368446,125.60796298200576,86.0,8.55594605210841,212.7641972520534,382.94002434422237,1,0,3,Bucana,0.1046468862995895,False,0.02145494045163876,0.09812160711830542,0.25331851515630605,0.20188406430197356,0.2778014175328025,Low Suitability,0,True,False,1063
TALOMO_0375,7.0546828627573515,125.61022433115612,61.0,6.714091359167554,255.4137815717331,136.14307047369036,0,0,3,Bucana,0.12963289562439306,False,0.05556160067917154,0.10556160067917154,0.3237123089090263,0.21940333290170683,0.3474644291877258,Low Suitability,0,True,False,475
TALOMO_0376,7.0575488661291335,125.49942553212102,0.0,27.6546545400664,791.9537041492292,4262.864258189292,0,0,0,Bago Gallera,0.03489834430220574,False,0.048901573407783255,0.048901573407783255,0.30996647208413725,0.08598356196844975,0.31001011725594546,Low Suitability,1,False,True,758
TALOMO_0377,7.057536743277766,125.50168708752173,0.0,16.386893772339743,1001.6572817360415,4100.564724940466,0,0,0,Bago Gallera,0.057514586164371016,False,0.07013049522137546,0.07013049522137546,0.3537815021624058,0.13597220514299616,0.36282951841455113,Low Suitability,2,False,True,408
TALOMO_0378,7.05752460948982,125.50394863893791,0.0,43.56654068725098,943.6225994496782,3947.435932742216,0,0,0,Bago Gallera,0.022438358117529797,False,0.04736544782074468,0.04736544782074468,0.3067960148470203,0.08236638185369721,0.3061162453104169,Low Suitability,1,False,True,801
TALOMO_0379,7.057512464765391,125.50621018636596,4.0,44.23576103899525,714.7019400137794,3804.5853680503405,0,0,0,Bago Gallera,0.022106403806005502,False,0.03987902508315318,0.03987902508315318,0.2913445547914189,0.06473778450102051,0.2915933272770647,Low Suitability,1,False,True,941
TALOMO_0380,7.057500309104574,125.50847172980228,5.0,25.15435407526337,506.1364597880222,3651.307677019833,0,0,0,Bago Gallera,0.03823455158259075,False,0.041754806408347944,0.041754806408347944,0.29521603803985413,0.06915476639779317,0.29725191838384973,Low Suitability,1,False,True,886
TALOMO_0381,7.057488142507459,125.51073326924327,11.0,41.50494846608492,355.73778094833324,3456.9115022015603,0,0,0,Bago Gallera,0.023526672448454067,False,0.02953420317198989,0.02953420317198989,0.2699935560373633,0.04037839330055583,0.27278956103773966,Low Suitability,1,False,True,1097
TALOMO_0382,7.057475964974146,125.51299480468536,6.0,27.4957550846091,349.17706348117497,3263.180376912861,0,0,0,Bago Gallera,0.03509294619604981,False,0.03429860807831374,0.03429860807831374,0.27982695907632366,0.051597339740350565,0.2808588043314682,Low Suitability,1,False,True,1034
TALOMO_0383,7.057463776504726,125.51525633612496,1.0,11.608433008619041,492.23965152009913,3077.5729415376777,0,0,0,Bago Gallera,0.07931199692431301,False,0.0638900478761531,0.0638900478761531,0.34090164935906164,0.12127755892737282,0.33844237992704296,Low Suitability,2,False,True,546
TALOMO_0384,7.057451577099294,125.51751786355847,0.0,156.58997226016314,698.3374022604838,2901.6485398305194,0,0,0,Bago Gallera,0.006345581420302008,False,0.028607091675895528,0.028607091675895528,0.2680800618691727,0.03819528451301451,0.2685729209811079,Low Suitability,1,False,True,1129
TALOMO_0385,7.0574393667579445,125.51977938698225,2.0,274.3329207677453,926.3100886113748,2737.274791999572,0,0,0,Bago Gallera,0.0036319667012995565,False,0.03639070910105159,0.03639070910105159,0.2841449112569825,0.05652369880978696,0.2844340423917201,Low Suitability,1,False,True,1001
TALOMO_0386,7.057427145480772,125.5220409063928,7.0,259.68319673462474,1163.368227660746,2586.2867706105385,0,0,0,Bago Gallera,0.0038360738725250446,False,0.04728900874233122,0.04728900874233122,0.30663824986256893,0.08218638751159384,0.3066041959696709,Low Suitability,1,False,True,796
TALOMO_0387,7.057414913267871,125.52430242178646,19.0,16.831685930643438,1404.9202418635007,2440.3718368782756,0,0,0,Bago Gallera,0.05607994689282395,False,0.09133039772087022,0.09133039772087022,0.3975366383783673,0.1858925153070239,0.39790904970273316,Low Suitability,2,False,True,268
TALOMO_0388,7.057402670119339,125.52656393315965,9.0,44.51211462968143,1297.2268829814516,2295.7969849935303,0,0,0,Bago Gallera,0.02197217176430283,False,0.06371439125700773,0.06371439125700773,0.3405391062153786,0.12086393283120044,0.3386328545352639,Low Suitability,2,False,True,544
TALOMO_0389,7.057390416035265,125.5288254405088,7.0,6.736603599535377,1078.2836192474003,2160.9337501700434,0,0,0,Bago Gallera,0.12925568528030248,False,0.11756331472415268,0.11756331472415268,0.45167956931156333,0.24766427833009763,0.4423443151325355,Moderately Suitable,2,False,True,168
TALOMO_0390,7.057378151015749,125.53108694383029,7.0,15.167511748978061,876.1241585213661,2035.1557945980107,0,0,0,Bago Gallera,0.061852436882454065,False,0.07037122639101026,0.07037122639101026,0.35427835468892327,0.13653906504504545,0.3545852744942063,Low Suitability,2,False,True,449
TALOMO_0391,7.057365875060884,125.53334844312056,5.0,19.246993088761204,705.3307867605603,1911.7255123782786,0,0,0,Bago Gallera,0.04939004995043361,False,0.05586691448909668,0.05586691448909668,0.3243424555496633,0.10238514622977819,0.3306119072645565,Low Suitability,2,False,True,594
TALOMO_0392,7.057353588170766,125.53560993837598,0.0,31.494064828511938,593.6240362045411,1785.5294284069716,0,0,0,Bago Gallera,0.030774850892848264,False,0.03894385375650741,0.03894385375650741,0.28941442568900333,0.06253569688841124,0.29230084044001264,Low Suitability,1,False,True,934
TALOMO_0393,7.057192863534606,125.56500900789251,128.0,2.981272649736525,362.0047585528527,1260.3474608388442,2,0,2,Matina Crossing,0.25117596506890294,False,0.1178390910393686,0.20450575770603527,0.45224875260085895,0.4523913387577253,0.4537724995243524,Moderately Suitable,2,False,True,146
TALOMO_0394,7.057180423560975,125.56727044628316,165.0,50.58020607326085,144.21351586608452,1320.1929185115794,1,0,1,Matina Crossing,0.01938728198525751,False,0.030101078686651475,0.07343441201998481,0.2711635479919066,0.14375207825074515,0.2813014321508387,Low Suitability,1,False,True,1023
TALOMO_0395,7.057167972653526,125.56953188058509,291.0,53.86461635732839,188.54079426481061,1405.0786509728807,0,0,0,Matina Crossing,0.01822668354203169,False,0.11892326374674368,0.11892326374674368,0.4544864102737636,0.25086660801140753,0.4490422275966622,Moderately Suitable,2,False,True,157
TALOMO_0396,7.05715551081236,125.57179331079472,450.0,51.998133087210476,376.91071576033113,1505.3746053152888,2,0,0,Matina Crossing,0.018868589170008335,False,0.1292625313747478,0.18259586470808112,0.4758259453705586,0.40079918383415436,0.48068088368022577,Moderately Suitable,3,False,True,105
TALOMO_0397,7.057143038037569,125.57405473690847,530.0,48.250315261386504,252.11755929440477,1638.004697562419,2,0,0,Matina Crossing,0.020304438554204045,False,0.15360279825163553,0.20693613158496887,0.526062577013391,0.45811424327833844,0.5285770025530999,Moderately Suitable,3,False,True,60
TALOMO_0398,7.05713055432925,125.57631615892271,505.0,32.535416401795636,331.76021424241077,1795.2341018842471,0,0,0,Matina Crossing,0.02981922120837168,False,0.20671487383501128,0.20671487383501128,0.6356822369112811,0.45759323826407755,0.6280905412972868,Highly Suitable,3,False,True,21
TALOMO_0399,7.057118059687504,125.5785775768339,373.0,8.491129718055776,530.6283217128283,1915.8261986923,1,0,0,Matina Crossing,0.10536153542371418,False,0.18528357881137905,0.21195024547804572,0.5914495224888523,0.4699211900671797,0.5872196695707389,Moderately Suitable,3,False,True,35
TALOMO_0400,7.057105554112421,125.58083899063841,202.0,42.06364561993215,432.0596415182195,1826.790062241855,0,0,0,Matina Crossing,0.023221443182626103,False,0.09968882009278057,0.09968882009278057,0.4147878455215224,0.20557444720730778,0.41312378276426487,Moderately Suitable,2,False,True,231
TALOMO_0401,7.057093037604103,125.58310040033267,71.0,47.145286419382224,343.63107390843226,1745.7180290181993,0,0,0,Matina Crossing,0.02077046528063487,False,0.04864114741008421,0.04864114741008421,0.3094289707912058,0.0853703258188862,0.30809367507825314,Low Suitability,1,False,True,783
TALOMO_0402,7.0570805101626455,125.58536180591307,123.0,116.82628165127751,413.7061736359414,1678.9730969221187,0,0,0,Matina Crossing,0.008487070846889936,False,0.06246449769602598,0.06246449769602598,0.3379594121334123,0.11792075541622331,0.3425847830749527,Low Suitability,2,False,True,513
TALOMO_0403,7.057067971788146,125.58762320737605,181.0,88.33545705805105,590.9511665556817,1624.7233585383517,0,0,0,Matina Crossing,0.01119376374097678,False,0.09126674701523621,0.09126674701523621,0.3974052677130859,0.1857426342890577,0.39482934841866124,Low Suitability,2,False,True,276
TALOMO_0404,7.057055422480701,125.589884604718,261.0,82.43900642892369,470.1149917034158,1582.5715264794335,0,0,0,Matina Crossing,0.011984802346032674,False,0.11537953803554757,0.11537953803554757,0.44717240488109317,0.24252204667942195,0.44369651264440063,Moderately Suitable,2,False,True,167
TALOMO_0405,7.057042862240407,125.5921459979353,254.0,80.0815447790533,464.55889211022793,1535.6010421133428,0,0,0,Matina Crossing,0.012333262800122934,False,0.1129012037836079,0.1129012037836079,0.442057293960895,0.2366862078329975,0.4407638063315952,Moderately Suitable,2,False,True,175
TALOMO_0406,7.057030291067363,125.59440738702439,286.0,70.07043662306351,416.2124396587422,1491.092531138496,0,0,0,Matina Crossing,0.014070548142312716,False,0.12337864738767573,0.12337864738767573,0.4636820147397744,0.2613578889623631,0.4571824447453401,Moderately Suitable,3,False,True,142
TALOMO_0407,7.057017708961666,125.5966687719817,346.0,44.5721693775266,356.7289706561117,1449.7171881244308,0,0,2,Bucana,0.021943216960242817,False,0.1135805609157276,0.14691389424906093,0.4434594402139681,0.3167773336100595,0.44621446325454905,Moderately Suitable,2,False,True,164
TALOMO_0408,7.057005115923412,125.5989301528036,411.0,42.98094531768173,321.35901523798447,1405.6641182191267,0,0,3,Bucana,0.022737119286018813,False,0.11898229276764076,0.16898229276764076,0.45460824210058953,0.36874272821020593,0.4566631316725084,Moderately Suitable,0,True,False,143
TALOMO_0409,7.0569925119527,125.60119152948653,597.0,23.502484889084933,135.10458079141912,1163.84683537913,0,0,3,Bucana,0.040812187193531045,False,0.18816081901186427,0.23816081901186428,0.5973879477670475,0.531640339974424,0.6100356966740172,Highly Suitable,0,True,False,26
TALOMO_0410,7.056979897049629,125.60345290202687,416.0,83.36060145585678,229.47289389603046,919.6253651402255,0,0,3,Bucana,0.0118538747086016,False,0.11087506200032056,0.16087506200032056,0.43787547710005326,0.3496522878421137,0.4443526740953411,Moderately Suitable,0,True,False,165
TALOMO_0411,7.056967271214293,125.60571427042103,130.0,64.39064300301014,339.5457071536572,677.7075276855793,1,0,3,Bucana,0.01529270785659604,False,-0.010561753487387637,0.06610491317927902,0.1872382676400623,0.12649299625809757,0.20066369421280794,Not Suitable,0,True,False,1387
TALOMO_0412,7.056954634446793,125.60797563466545,161.0,60.41176921059326,101.28614629325892,441.36353198985415,0,0,3,Bucana,0.016283523709776208,False,0.018570907038204174,0.06857090703820418,0.24736606915523496,0.13229977665735013,0.2521347878756962,Low Suitability,0,True,False,1219
TALOMO_0413,7.056941986747226,125.61023699475648,97.0,17.309991943133674,173.85764180904374,214.45765162720065,0,0,3,Bucana,0.05461498853225898,False,0.02120171296099406,0.07120171296099406,0.25279587108532275,0.13849464701820022,0.25411437165551864,Low Suitability,0,True,False,1205
TALOMO_0414,7.056929328115689,125.61249835069061,37.0,15.13964648073937,270.18061004356355,7.565819017289766,0,0,3,Bucana,0.061959225760822814,True,0.007985926715415037,0.05798592671541504,0.2255194000076788,0.10737487425242832,0.2509562638656169,Low Suitability,0,True,False,1231
TALOMO_0415,7.059808186059107,125.49943766349408,6.0,37.24566700237267,965.1041691613967,4452.431636059831,0,0,0,Bago Gallera,0.02614675277954918,False,0.05247401075116461,0.05247401075116461,0.3173397363048743,0.09439573179929699,0.31613745588822806,Low Suitability,2,False,True,707
TALOMO_0416,7.059796059288882,125.50169922984371,8.0,149.13243560061014,1143.4827055412165,4297.297622164976,0,0,0,Bago Gallera,0.006660785832185194,False,0.04854155009641799,0.04854155009641799,0.3092234088068376,0.08513579979737076,0.30764580229048805,Low Suitability,1,False,True,790
TALOMO_0417,7.059783921578542,125.50396079220873,1.0,96.79977401722039,1057.1851156075832,4151.431829278074,0,0,0,Bago Gallera,0.0102249725017148,False,0.044878017580516426,0.044878017580516426,0.30166213043451023,0.07650912429760535,0.3016707830301689,Low Suitability,1,False,True,840
TALOMO_0418,7.059771772928185,125.5062223505855,2.0,72.18839597503664,859.0783558730316,4004.1597476791567,0,0,0,Bago Gallera,0.013663368170291415,False,0.039713899829968494,0.039713899829968494,0.2910037476605388,0.06434895705923914,0.2909337480669981,Low Suitability,1,False,True,950
TALOMO_0419,7.059759613337905,125.50848390497046,2.0,40.84459648084878,695.2631691646,3807.9860765498966,0,0,0,Bago Gallera,0.023897948220331745,False,0.039483870355637225,0.039483870355637225,0.2905289826948371,0.06380729689331344,0.2902095805482262,Low Suitability,1,False,True,958
TALOMO_0420,7.05974744280779,125.51074545536001,1.0,127.28836188867277,594.782420103432,3615.7802750462574,0,0,0,Bago Gallera,0.007794939348183345,False,0.025872239733687394,0.025872239733687394,0.26243551613295263,0.031755412574406415,0.262802058530304,Low Suitability,1,False,True,1161
TALOMO_0421,7.059735261337943,125.51300700175057,1.0,136.9636603468567,590.8818664770374,3431.0313370223394,0,0,0,Bago Gallera,0.007248285508559889,False,0.025403534507171966,0.025403534507171966,0.26146814088055215,0.030651732485136727,0.26194911713229624,Low Suitability,1,False,True,1167
TALOMO_0422,7.059723068928454,125.51526854413851,1.0,4.609631905178347,685.212837736334,3255.0092279201012,0,0,0,Bago Gallera,0.1782648161061839,False,0.12922430137757968,0.12922430137757968,0.47574704129382206,0.2751228985087299,0.4669375314296065,Moderately Suitable,3,False,True,128
TALOMO_0423,7.059710865579417,125.51753008252027,3.0,21.071690904541303,845.512794619911,3089.2060650045223,0,0,0,Bago Gallera,0.04530690486401509,False,0.05809767452247662,0.05809767452247662,0.3289465903624526,0.10763801155642286,0.3296171570436684,Low Suitability,2,False,True,603
TALOMO_0424,7.059698651290931,125.51979161689223,3.0,112.81740967667926,1041.7615556034232,2935.3540076584354,0,0,0,Bago Gallera,0.008786002096170495,False,0.04415427998577568,0.04415427998577568,0.30016838596831524,0.0748049086670058,0.29875222736721585,Low Suitability,1,False,True,868
TALOMO_0425,7.059686426063084,125.52205314725086,12.0,34.3770440951019,1257.236012688372,2789.4570065295493,0,0,0,Bago Gallera,0.028266917872272267,False,0.06694238903936889,0.06694238903936889,0.3472014709444334,0.12846503620929867,0.34576886218583425,Low Suitability,2,False,True,491
TALOMO_0426,7.059674189895974,125.52431467359249,27.0,71.33615102765002,1304.25485476406,2644.159313029673,0,0,0,Bago Gallera,0.013824346274904184,False,0.06556091637086814,0.06556091637086814,0.3443502066619529,0.12521202388547653,0.3412448454652019,Low Suitability,2,False,True,527
TALOMO_0427,7.059661942789698,125.52657619591356,25.0,140.65725424959066,1365.90341049355,2504.4986460541613,0,0,0,Bago Gallera,0.007059292552981907,False,0.06323378314049304,0.06323378314049304,0.3395471642191784,0.11973222450167702,0.3422334559455047,Low Suitability,2,False,True,521
TALOMO_0428,7.059649684744347,125.52883771421048,4.0,108.54704000309923,1228.9353142231173,2375.8211455735814,0,0,0,Bago Gallera,0.009128498588110722,False,0.051824802241826666,0.051824802241826666,0.31599981472932365,0.09286701296919629,0.3161324204710513,Low Suitability,2,False,True,708
TALOMO_0429,7.059637415760017,125.53109922847968,5.0,32.347698965221845,1056.0208256242731,2252.7830750759304,0,0,0,Bago Gallera,0.029987076500927252,False,0.05782865031284753,0.05782865031284753,0.3283913429532726,0.10700452883230953,0.3291917846007177,Low Suitability,2,False,True,609
TALOMO_0430,7.0596251358368045,125.53336073871752,11.0,37.842632496635325,919.28122017132,2125.4203126644566,0,0,0,Catalunan Pequeño,0.025744907997330594,False,0.052261427224815665,0.052261427224815665,0.3169009785722437,0.09389515234751153,0.3139409104421487,Low Suitability,2,False,True,722
TALOMO_0431,7.059612844974804,125.53562224492043,9.0,18.939920959864256,836.6456474321552,2010.490137028626,0,0,0,Catalunan Pequeño,0.0501506501461482,False,0.06271775356760201,0.06271775356760201,0.3384821147806799,0.11851710776549651,0.339891842235444,Low Suitability,2,False,True,533
TALOMO_0432,7.05946450144007,125.56276000332365,146.0,28.529512009019665,612.1817697887863,1461.600139994783,3,0,2,Matina Crossing,0.033864426872159424,False,-0.020328479549783646,0.0930048537835497,0.16708041883607355,0.189835428063674,0.18040553624076355,Not Suitable,0,True,False,1436
TALOMO_0433,7.05945206838252,125.56502145674563,214.0,44.128869350592296,373.51922601825834,1504.1137378438996,2,0,0,Matina Crossing,0.022158764763887784,False,0.04774335398942807,0.1010766873227614,0.3075759871081185,0.2088425170764397,0.30023726159710123,Low Suitability,1,False,True,849
TALOMO_0434,7.059439624387524,125.56728290608241,163.0,7.47387267230363,171.0751447429666,1559.5584808141357,2,0,0,Matina Crossing,0.11800979772429707,False,0.07821974026183302,0.13155307359516635,0.37047714586350045,0.28060655728527706,0.3842687766306451,Low Suitability,2,False,True,320
TALOMO_0435,7.0594271694551765,125.56954435133038,284.0,36.90828388436199,209.80180669473557,1641.2653682764455,1,0,0,Matina Crossing,0.026379458459540612,False,0.0953720743005578,0.12203874096722447,0.4058783800108727,0.2582027544469429,0.4233056795996882,Moderately Suitable,2,False,True,206
TALOMO_0436,7.059414703585574,125.57180579248595,484.0,54.41215337152075,271.3881268098584,1729.9368119350418,0,0,0,Matina Crossing,0.018046582548332316,False,0.19010542141813658,0.19010542141813658,0.6014014729789845,0.41848225573362463,0.6029510028280094,Highly Suitable,3,False,True,29
TALOMO_0437,7.059402226778815,125.57406722954555,588.0,50.63626587538993,31.996945224516825,1846.5069889378613,0,0,0,Matina Crossing,0.01936623384838144,False,0.21849340764801942,0.21849340764801942,0.659992318121549,0.4853286517282135,0.6375002809144765,Highly Suitable,3,False,True,19
TALOMO_0438,7.059389739034994,125.57632866250556,551.0,49.27789119730948,218.0031663836636,1987.8367003113606,0,0,0,Matina Crossing,0.01988945789463646,False,0.21280975299917054,0.21280975299917054,0.648261647031397,0.47194510890566904,0.6145236729300503,Highly Suitable,3,False,True,25
TALOMO_0439,7.059377240354209,125.57859009136237,368.0,13.641627427654832,468.0031587531284,2148.3260771661303,0,0,0,Matina Crossing,0.06829841866562038,False,0.18608090256173707,0.18608090256173707,0.5930951437036653,0.4090055503772094,0.5738675345202565,Moderately Suitable,3,False,True,41
TALOMO_0440,7.059364730736556,125.58085151611246,147.0,43.87267457515303,264.6980472213947,2061.7976617442946,0,0,0,Matina Crossing,0.02228527738691381,False,0.07335921285464841,0.07335921285464841,0.3604453526140813,0.1435750035845877,0.3583781053010056,Low Suitability,2,False,True,434
TALOMO_0441,7.0593522101821335,125.58311293675217,76.0,7.032304053594606,95.00382501312669,1983.7813489041705,0,0,0,Matina Crossing,0.12449727915273344,False,0.1017481297631436,0.1017481297631436,0.41903811861309576,0.2104235910876041,0.4080619135818676,Moderately Suitable,2,False,True,244
TALOMO_0442,7.059339678691037,125.58537435327793,88.0,64.79485607737237,249.19111123022446,1922.1756099286395,2,0,0,Matina Crossing,0.01519875655361319,False,-0.005546846829321356,0.047786486504011974,0.19758868901295548,0.08335781951055711,0.20019466224240207,Not Suitable,0,False,True,1388
TALOMO_0443,7.059327136263364,125.58763576568616,192.0,66.67931794513652,434.2833325767471,1869.5308825722216,2,0,0,Matina Crossing,0.014775562614425855,False,0.037959390332592005,0.09129272366592533,0.2873825610983961,0.1858038026109146,0.2796336549395352,Low Suitability,1,False,True,1046
TALOMO_0444,7.059314582899211,125.58989717397326,338.0,35.370769152231674,241.67927459413067,1826.5327115857224,0,0,0,Matina Crossing,0.027494606886493106,False,0.14296881670601364,0.14296881670601364,0.5041147727224138,0.3074876920857763,0.4910974692219639,Moderately Suitable,3,False,True,94
TALOMO_0445,7.059302018598676,125.59215857813564,375.0,52.686679988288944,230.68534973579247,1781.7258471499158,0,0,0,Matina Crossing,0.018626594161124083,False,0.1504158596157187,0.1504158596157187,0.5194849555300008,0.3250235600864032,0.5118733490606094,Moderately Suitable,3,False,True,75
TALOMO_0446,7.059289443361857,125.59441997816971,421.0,46.50384134491591,241.11252591228723,1737.0382590579723,1,0,0,Matina Crossing,0.02105092918147818,False,0.14180664801879184,0.1684733146854585,0.5017161367279074,0.3675442159184708,0.5045607348875742,Moderately Suitable,3,False,True,83
TALOMO_0447,7.059276857188851,125.59668137407189,368.0,89.29991594807183,110.26338345294069,1696.1489221098968,0,0,2,Matina Crossing,0.01107420742866542,False,0.10560600435130352,0.13893933768463684,0.4270005056152556,0.29799930681837394,0.4362689853207551,Moderately Suitable,2,False,True,180
TALOMO_0448,7.059264260079754,125.59894276583854,706.0,22.054664410344774,80.63169025331091,1467.930041454293,0,0,3,Bucana,0.04337517051652652,False,0.2260737366062548,0.2760737366062548,0.6756375941381388,0.6209154961021611,0.687945676880743,Highly Suitable,0,True,False,16
TALOMO_0449,7.059251652034667,125.60120415346614,988.0,23.063738808790475,43.538098204859146,1231.4255253057217,0,0,3,Bucana,0.04155630211688885,False,0.32315600167835323,0.3731560016783532,0.8760086917167705,0.8495192259514381,0.8519930450297799,Highly Suitable,0,True,False,5
TALOMO_0450,7.059239033053684,125.60346553695105,603.0,24.979214041716226,211.17276234428863,999.3777772032812,0,0,3,Bucana,0.0384923115223673,False,0.19181166329645238,0.24181166329645237,0.6049230385052818,0.5402371379574122,0.6065319379605778,Highly Suitable,0,True,False,27
TALOMO_0451,7.059201110496347,125.61024966251381,113.0,66.22161909582682,260.2335710228072,357.45488785616584,0,0,3,Bucana,0.0148761665287244,False,0.0068433967308959565,0.05684339673089596,0.22316129694071216,0.10468451040758264,0.2163665167048655,Not Suitable,0,True,False,1342
TALOMO_0452,7.059188447772764,125.6125110293921,72.0,93.83891332120598,104.47713083773375,155.46420060453565,0,0,3,Bucana,0.010544195045900004,False,-0.016092635990394843,0.03390736400960516,0.17582290771945294,0.050676060726910103,0.18191619015080024,Not Suitable,0,True,False,1432
TALOMO_0453,7.062055375060954,125.50171137615031,19.0,25.859939545324405,1317.8725604886406,4499.322464938853,0,0,0,Bago Gallera,0.037230165701325015,False,0.07697266099478742,0.07697266099478742,0.36790326029006526,0.15208374327910598,0.36530574210104866,Low Suitability,2,False,True,393
TALOMO_0454,7.062043233428186,125.50397294946777,1.0,17.74396775658956,1212.3766440889028,4356.394121992016,0,0,0,Bago Gallera,0.05335049723655461,False,0.07605492609392786,0.07605492609392786,0.3660091187675649,0.14992271395831763,0.36720502867189175,Low Suitability,2,False,True,389
TALOMO_0455,7.062031080851862,125.50623451879686,1.0,62.10970580405841,1044.1419347960132,4159.48059069186,0,0,0,Bago Gallera,0.01584542325557304,False,0.04767627808318785,0.04767627808318785,0.30743754706508436,0.08309830706466925,0.3079690245589477,Low Suitability,1,False,True,784
TALOMO_0456,7.0620189173320815,125.50849608413408,0.0,183.04210686042518,914.115765571765,3968.549838739337,0,0,0,Bago Gallera,0.005433539188716119,False,0.03627688094773081,0.03627688094773081,0.28390997780132715,0.05625566282616357,0.2840892136213918,Low Suitability,1,False,True,1005
TALOMO_0457,7.062006742868935,125.51075764547576,0.0,332.78770444149603,840.2278772655346,3784.5074792862715,0,0,0,Bago Gallera,0.0029959162266723727,False,0.032038799443039286,0.032038799443039286,0.2751628699532347,0.04627607243796851,0.2755785082230239,Low Suitability,1,False,True,1071
TALOMO_0458,7.061994557462516,125.51301920281836,0.0,334.6471880500567,837.4712762844099,3608.4076680704247,0,0,0,Bago Gallera,0.0029793188669611772,False,0.031924259873299055,0.031924259873299055,0.274926468183169,0.04600636125190891,0.2754479474713688,Low Suitability,1,False,True,1074
TALOMO_0459,7.061982361112922,125.51528075615825,1.0,215.8810910433909,906.4951138691981,3441.469880328049,0,0,0,Bago Gallera,0.0046108215114056775,False,0.03585797169000984,0.03585797169000984,0.2830453779931844,0.05526923941801292,0.28343095441258576,Low Suitability,1,False,True,1012
TALOMO_0460,7.061970153820245,125.51754230549184,5.0,136.12671781635348,1033.0095083473445,3285.091166987739,0,0,0,Bago Gallera,0.007292524869874351,False,0.04365226037851029,0.04365226037851029,0.2991322521323458,0.0736227817914832,0.29882949634137684,Low Suitability,1,False,True,867
TALOMO_0461,7.061957935584582,125.51980385081559,4.0,21.502411457982028,1079.4788147707686,3138.2935618453967,0,0,0,Bago Gallera,0.044439681581116997,False,0.06683831025559897,0.06683831025559897,0.3469866595149396,0.12821995747993126,0.34622518836231864,Low Suitability,2,False,True,487
TALOMO_0462,7.061945706406025,125.52206539212585,5.0,42.35052943523063,1039.175592554596,2992.5243181012916,0,0,0,Bago Gallera,0.023067769022154273,False,0.053132699927408676,0.053132699927408676,0.3186992253228651,0.09594677515813202,0.316923104558854,Low Suitability,2,False,True,700
TALOMO_0463,7.061933466284669,125.52432692941908,22.0,157.08953421093747,1058.0630003848958,2849.8489619446173,0,0,0,Bago Gallera,0.00632552942224315,False,0.050039848238768,0.050039848238768,0.3123157928077644,0.08866390602267449,0.3124495129611811,Low Suitability,2,False,True,739
TALOMO_0464,7.061921215220613,125.52658846269162,14.0,334.0842345098201,1133.1852070185969,2718.060289058382,0,0,0,Bago Gallera,0.002984324229586199,False,0.0481134852932208,0.0481134852932208,0.30833991258445637,0.08412781743771527,0.3078622711973549,Low Suitability,1,False,True,786
TALOMO_0465,7.061908953213947,125.52884999193992,0.0,240.90124459138423,1254.4800173889073,2593.448426051501,0,0,0,Bago Gallera,0.004133918375199699,False,0.048456523234821074,0.048456523234821074,0.3090479192303512,0.08493558343772982,0.3093617301512735,Low Suitability,1,False,True,770
TALOMO_0466,7.061896680264768,125.53111151716037,6.0,100.81572394994852,1260.0660407929304,2468.9739574619243,0,0,0,Catalunan Pequeño,0.009821665664250336,False,0.054120818105479196,0.054120818105479196,0.32073863307391365,0.098273538968917,0.3198884847449313,Low Suitability,2,False,True,678
TALOMO_0467,7.06188439637317,125.53337303834941,24.0,75.40454238234885,1147.8956419322578,2344.48656237951,0,0,0,Catalunan Pequeño,0.013088227071575554,False,0.0581252322035228,0.0581252322035228,0.3290034675149772,0.10770290279756227,0.3272442237292587,Low Suitability,2,False,True,628
TALOMO_0468,7.06187210153925,125.53563455550344,38.0,60.28778430802813,1082.8491965064063,2237.4418301326573,0,0,0,Catalunan Pequeño,0.01631646520249565,False,0.062486755858071605,0.062486755858071605,0.338005351444324,0.11797316765505438,0.336110464331395,Low Suitability,2,False,True,558
TALOMO_0469,7.061859795763103,125.53789606861882,24.0,5.894041753857823,1073.527065323492,2140.99904169806,0,0,0,Catalunan Pequeño,0.14505279133831936,False,0.132643031404462,0.132643031404462,0.48280306421729535,0.28317312719789994,0.4707338603160514,Moderately Suitable,3,False,True,124
TALOMO_0470,7.061723710065779,125.56277244531215,224.0,41.247772101609186,639.4115150857705,1710.2401943587251,1,0,0,Matina Crossing,0.023669887197718308,False,0.08893593171313494,0.11560259837980161,0.3925946257282881,0.24304729633897684,0.39640750361353455,Low Suitability,2,False,True,272
TALOMO_0471,7.061711272990362,125.56503390968396,260.0,58.60245665859012,522.4804103463099,1748.0408284998016,0,0,0,Matina Crossing,0.016777831922736297,False,0.11982676722314516,0.11982676722314516,0.4563511791179827,0.2529941259930263,0.4508714588143896,Moderately Suitable,2,False,True,155
TALOMO_0472,7.061698824973963,125.56729536997048,123.0,140.15023469815176,357.1025432698537,1801.8146319947755,2,0,0,Matina Crossing,0.007084649927352151,False,0.006157006354212513,0.05949033968754584,0.2217446345560703,0.11091737932693733,0.2380877445023462,Not Suitable,1,False,True,1277
TALOMO_0473,7.061686366016676,125.56955682616808,185.0,89.76393853289093,108.3535832396219,1874.9769110598031,3,0,0,Matina Crossing,0.01101759152548918,False,-0.005773697349918186,0.07422630265008182,0.19712048518845143,0.14561677672619203,0.2197645410589253,Not Suitable,0,True,False,1326
TALOMO_0474,7.061673896118602,125.57181827827318,496.0,64.21784442492714,144.7714460518151,1960.6657145591626,0,0,0,Matina Crossing,0.01533322680039064,False,0.187937412094024,0.187937412094024,0.596926851301065,0.41337715216530474,0.5995747676167896,Moderately Suitable,3,False,True,30
TALOMO_0475,7.061661415279838,125.57407972628224,632.0,60.066678157756826,251.96099956706342,2064.24725533454,1,0,0,Matina Crossing,0.016375542770095442,False,0.21397134745023116,0.24063801411689784,0.6506590978420822,0.5374734964232819,0.5665412999496938,Moderately Suitable,3,False,True,43
TALOMO_0476,7.061648923500476,125.57634117019157,471.0,39.45587877234349,331.64125399659844,2191.580119015632,0,0,0,Matina Crossing,0.024718286447991376,False,0.19171712310292308,0.19171712310292308,0.6047279140679946,0.42227739809328146,0.5934362627398653,Moderately Suitable,3,False,True,33
TALOMO_0477,7.061636420780617,125.57860260999763,247.0,47.6270605874267,511.6020890714298,2338.7881701797974,0,1,0,Ma-a,0.020564681227278746,False,0.09370973376651089,0.11704306709984422,0.40244742383047183,0.2464392291692255,0.4154495636965811,Moderately Suitable,2,False,True,227
TALOMO_0478,7.061623907120356,125.58086404569684,92.0,142.74207591154982,280.0974447880363,2298.864030569519,0,0,0,Ma-a,0.006956905232225389,False,0.04554317737745828,0.04554317737745828,0.3030349743672248,0.07807540430161812,0.3007774133589684,Low Suitability,1,False,True,844
TALOMO_0479,7.061611382519791,125.58312547728563,71.0,223.3811684770085,142.0297842402179,2224.291873118754,2,0,0,Ma-a,0.004456701989687991,False,-0.021919110570063904,0.031414222763269425,0.1637974661449772,0.04480535522235523,0.16944059277717208,Not Suitable,0,False,True,1463
TALOMO_0480,7.061598846979017,125.58538690476033,69.0,168.81184310322814,279.3557261410914,2166.3378848427633,0,0,0,Ma-a,0.005888870774414142,False,0.03676895715541309,0.03676895715541309,0.28492558914653426,0.057414375556678415,0.291377083312527,Low Suitability,1,False,True,945
TALOMO_0481,7.061586300498133,125.58764832811741,223.0,32.46075449861428,347.59805423013506,2115.4546054455664,0,0,0,Ma-a,0.029885757658017344,False,0.10779736539750229,0.10779736539750229,0.4315233236365679,0.2246679829724098,0.42703445331665163,Moderately Suitable,2,False,True,198
TALOMO_0482,7.061573743077235,125.58990974735327,298.0,29.89484167847601,144.2554612913761,2071.2882242884234,0,0,0,Ma-a,0.03236786290757028,False,0.12799901212510645,0.12799901212510645,0.47321812880721054,0.27223765790323323,0.47589071730467086,Moderately Suitable,3,False,True,114
TALOMO_0483,7.061561174716422,125.5921711624643,282.0,20.34723847987145,124.96598307846571,2027.8248045230614,0,0,0,Matina Crossing,0.04684446660128481,False,0.13010171460996053,0.13010171460996053,0.4775579616743015,0.27718898068545306,0.47789838655383265,Moderately Suitable,3,False,True,110
TALOMO_0484,7.0615485954157915,125.59443257344692,281.0,41.81974533990171,260.84038294889194,1983.1235565287427,0,0,0,Matina Crossing,0.023353711986422,False,0.12114678592317728,0.12114678592317728,0.4590756066491422,0.2561024300491176,0.4527262827201385,Moderately Suitable,2,False,True,147
TALOMO_0485,7.061536005175437,125.59669398029756,322.0,16.810035718609537,148.5276706732165,1787.6464968274101,0,0,0,Matina Crossing,0.05614811872359748,False,0.15057232192684147,0.15057232192684147,0.5198078829461059,0.32539198853084605,0.5148501403281246,Moderately Suitable,3,False,True,70
TALOMO_0486,7.06152340399546,125.59895538301258,607.0,76.7572067818106,170.41481932872415,1557.9475460529627,0,0,2,Bucana,0.01286054426834074,False,0.19331783158150945,0.22665116491484277,0.6080316659378092,0.504538068989089,0.5980743420548806,Moderately Suitable,3,False,True,31
TALOMO_0487,7.061510791875958,125.60121678158843,948.0,16.00492880326346,146.9891312235235,1332.2640200612502,0,0,3,Bucana,0.058806479672416354,False,0.32307808756414674,0.37307808756414673,0.8758478823602026,0.8493357582799507,0.8840212556740512,Highly Suitable,0,True,False,4
TALOMO_0488,7.061498168817026,125.6034781760215,876.0,3.709609313009771,131.73922928078824,1115.1338870826498,2,0,3,Bucana,0.21233183764046232,False,0.3337280753305885,0.43706140866392185,0.8978287223867116,1.0,0.8845489279869404,Highly Suitable,0,True,False,3
TALOMO_0489,7.0614855348187655,125.60573956630822,671.0,67.89229814017578,310.16357808726775,908.1783716017113,3,0,3,Bucana,0.014515410677189066,False,0.12552951553362013,0.25552951553362013,0.46812125820849376,0.5725391468218416,0.5155045395205741,Moderately Suitable,0,True,False,69
TALOMO_0490,7.061447567188976,125.6125237122542,130.0,5.665163282275611,270.57372761462676,304.0281450038475,0,0,3,Bucana,0.15003383377857496,False,0.09245526645625994,0.14245526645625994,0.39985828984554855,0.3062784135170126,0.3990806253066839,Low Suitability,0,True,False,265
TALOMO_0491,7.06425385334779,125.51303140788885,0.0,536.5750030063141,1085.6218941562895,3793.9736111825528,0,0,0,Bago Gallera,0.0018602055423106317,False,0.04070354394359939,0.04070354394359939,0.2930463048373124,0.06667931405525061,0.2932012954507903,Low Suitability,1,False,True,926
TALOMO_0492,7.064241653058053,125.51529297218428,0.0,358.34367131703846,1120.0304892734785,3635.5666409193072,0,0,0,Bago Gallera,0.0027828512920093397,False,0.04255260041085097,0.04255260041085097,0.29686262982265255,0.07103336579479046,0.29845385763482346,Low Suitability,1,False,True,875
TALOMO_0493,7.0642294418217,125.51755453247333,1.0,159.22081424058644,958.6864437992643,3487.03805694943,0,0,0,Bago Gallera,0.006241386331356468,False,0.03879808171406814,0.03879808171406814,0.2891135622499587,0.06219244127334481,0.29139194111955397,Low Suitability,1,False,True,944
TALOMO_0494,7.064217219638823,125.51981608875242,2.0,20.762607032349894,841.8379286696296,3341.102524077715,0,0,0,Bago Gallera,0.04595037710847373,False,0.05798204746733805,0.05798204746733805,0.32870794409754833,0.10736573962234165,0.3295097765396495,Low Suitability,2,False,True,605
TALOMO_0495,7.06420498650952,125.52207764101794,1.0,12.264652701432379,789.4950910354446,3196.9930784577095,0,0,0,Bago Gallera,0.07538832885477774,False,0.07289262872732544,0.07289262872732544,0.3594823551640831,0.1424763181376084,0.35811177773832026,Low Suitability,2,False,True,437
TALOMO_0496,7.0641927424338835,125.5243391892663,2.0,85.00182673646054,814.195246480448,3061.523202467141,0,0,0,Bago Gallera,0.01162765999220397,False,0.03681420597781352,0.03681420597781352,0.2850189795943342,0.05752092487919725,0.2852353986224088,Low Suitability,1,False,True,995
TALOMO_0497,7.06418048741201,125.52660073349392,2.0,175.3797518027535,909.6841759718862,2934.113777027071,0,0,0,Catalunan Pequeño,0.005669585027641414,False,0.03695282096251704,0.03695282096251704,0.28530507135996475,0.057847327466659465,0.2849875881872556,Low Suitability,1,False,True,997
TALOMO_0498,7.064168221443992,125.5288622736972,4.0,165.50641385765047,1056.9468769223656,2810.9958830687006,0,0,0,Catalunan Pequeño,0.006005774653551299,False,0.043455189920648306,0.043455189920648306,0.2987255123028537,0.07315873162045662,0.2986531430702328,Low Suitability,1,False,True,870
TALOMO_0499,7.064155944529924,125.53112380987251,5.0,47.66166075331882,1237.638114013234,2683.4517709393326,0,0,0,Catalunan Pequeño,0.020550059009891028,False,0.059203010452205905,0.059203010452205905,0.33122792746628377,0.11024079298189615,0.3312595336384536,Low Suitability,2,False,True,587
TALOMO_0500,7.064143656669906,125.53338534201635,20.0,17.132429670901548,1383.9258823269656,2569.2066823962427,0,0,0,Catalunan Pequeño,0.055149807176959526,False,0.09034003126192361,0.09034003126192361,0.3954925903306953,0.18356045737384036,0.3942086248072721,Low Suitability,2,False,True,279
TALOMO_0501,7.06413135786403,125.53564687012502,33.0,67.44944740133562,1330.4694003929476,2466.299867906001,0,0,0,Catalunan Pequeño,0.014609321739834638,False,0.06913599841957785,0.06913599841957785,0.3517289293720342,0.13363042131620478,0.34830729873540905,Low Suitability,2,False,True,474
TALOMO_0502,7.064119048112389,125.537908394195,26.0,59.30851201295473,1322.8933452812698,2374.8317880812433,0,0,0,Catalunan Pequeño,0.016581407277718813,False,0.06753248040939373,0.06753248040939373,0.3484193788228264,0.1298545494024588,0.34711266375852673,Low Suitability,2,False,True,478
TALOMO_0503,7.063982918451378,125.56278489138235,111.0,68.00774539727297,710.752537988012,1958.9947413688026,0,0,0,Matina Crossing,0.01449112696325705,False,0.07304130455042396,0.07304130455042396,0.35978921180608187,0.14282641140823296,0.35564051540229435,Low Suitability,2,False,True,445
TALOMO_0504,7.063970477358053,125.5650463667076,116.0,32.4849503578256,663.7855150854828,1993.2200230260771,0,0,0,Matina Crossing,0.0298641625361196,False,0.08203099986204403,0.08203099986204403,0.3783433227464176,0.1639948284916075,0.3626583113303815,Low Suitability,2,False,True,409
TALOMO_0505,7.063958025320214,125.56730783794745,44.0,95.23972616240907,447.0229106302803,2045.934818380498,2,0,0,Matina Crossing,0.010390719507165398,False,-0.016376876578926128,0.0369564567544072,0.17523625475396937,0.05785588882013045,0.18617528285933796,Not Suitable,0,False,True,1424
TALOMO_0506,7.063945562337952,125.56956930509827,90.0,59.61771023539226,289.9099087982946,2110.760335871238,2,0,0,Matina Crossing,0.016496828997940933,False,-0.002531732774663724,0.050801600558669606,0.20381167641449416,0.09045763653999936,0.20446757095459864,Not Suitable,1,False,True,1380
TALOMO_0507,7.063933088411369,125.5718307681565,329.0,15.895979451459267,305.39487194532825,2195.6180713429203,0,0,0,Matina Crossing,0.05918567804091595,False,0.16078839271209577,0.16078839271209577,0.540893148258593,0.34944820399078563,0.5362773154028803,Moderately Suitable,3,False,True,54
TALOMO_0508,7.06392060354056,125.57409222711857,443.0,5.4325183515899065,209.80945970533827,2288.5902652322884,0,0,0,Matina Crossing,0.15546010836530813,False,0.2538283525085173,0.2538283525085173,0.7329212066195702,0.5685333460472988,0.6807118262448112,Highly Suitable,3,False,True,17
TALOMO_0509,7.063908107725623,125.57635368198085,306.0,42.19792566544187,186.08868889318381,2404.069901027087,0,1,0,Ma-a,0.023149259706236196,False,0.10367753125939196,0.1270108645927253,0.4230202701954268,0.26991082497060714,0.4352538732086438,Moderately Suitable,2,False,True,181
TALOMO_0510,7.063895600966651,125.57861513273976,85.0,125.65868560371739,387.6054577610103,2538.987746314026,0,0,0,Ma-a,0.007895234308121151,False,0.04770950348148346,0.04770950348148346,0.3075061219950063,0.08317654432016039,0.30751287963860086,Low Suitability,1,False,True,792
TALOMO_0511,7.063883083263745,125.5808765793917,54.0,95.80684251207808,460.26525064440216,2536.283496709111,0,0,0,Ma-a,0.010329848325289975,False,0.04095473125585321,0.04095473125585321,0.2935647381208452,0.06727079548009575,0.29278592790049324,Low Suitability,1,False,True,930
TALOMO_0512,7.063870554616998,125.58313802193312,84.0,73.1352720651396,391.86985337646246,2466.6842804703383,0,2,0,Ma-a,0.013488855873103714,False,0.004130397730585371,0.05079706439725204,0.21756185416897367,0.09044695504818946,0.21951453347329924,Not Suitable,1,False,True,1329
TALOMO_0513,7.0638580150265105,125.58539946036038,209.0,40.31167698474851,467.9562303671988,2410.559651018263,0,0,0,Ma-a,0.02420623109464138,False,0.10410219028374128,0.10410219028374128,0.4238967371252244,0.21596679730451615,0.4183318366116944,Moderately Suitable,2,False,True,216
TALOMO_0514,7.063845464492378,125.5876608946699,287.0,16.807085402075735,337.0837299730614,2362.2342505582387,0,0,0,Ma-a,0.05615742146569545,False,0.14539049424253525,0.14539049424253525,0.5091129480906337,0.31319011895982907,0.5045281087248518,Moderately Suitable,3,False,True,84
TALOMO_0515,7.063832903014699,125.58992232485808,224.0,89.04888182248504,130.05536867318963,2317.0818698374533,1,0,0,Ma-a,0.011105079594117757,False,0.06220481615980674,0.0888714828264734,0.3374234473576161,0.18010240404598568,0.35887370683949027,Low Suitability,2,False,True,430
TALOMO_0516,7.063820330593568,125.59218375092138,111.0,27.399190154893507,212.6108107055866,2273.7705324425374,0,0,0,Ma-a,0.03521227170725108,False,0.06624573777857726,0.06624573777857726,0.3457636308028721,0.12682460191882455,0.344193350113641,Low Suitability,2,False,True,500
TALOMO_0517,7.063807747229086,125.59444517285614,153.0,128.0515724503321,445.5247633264107,2116.5383839609863,0,0,0,Ma-a,0.007748840103322791,False,0.07383297463275033,0.07383297463275033,0.36142316424011395,0.144690590550484,0.35773863303361064,Low Suitability,2,False,True,438
TALOMO_0518,7.063795152921347,125.59670659065883,242.0,114.93711105436012,303.42398537716906,1891.2681159882957,0,0,0,Ma-a,0.00862536586349063,False,0.10036475080947596,0.10036475080947596,0.416182919889542,0.20716608995319455,0.4162961937416024,Moderately Suitable,2,False,True,224
TALOMO_0519,7.063782547670454,125.5989680043258,675.0,31.8626390366688,197.57710570840703,1672.1301308389163,0,0,2,Ma-a,0.0304296924810019,False,0.22865507250119466,0.261988405834528,0.6809652933435919,0.5877481699361901,0.6692488444975433,Highly Suitable,3,False,True,18
TALOMO_0520,7.063769931476498,125.60122941385349,1133.0,18.093543797700633,110.43644204677771,1461.2469684918442,0,0,3,Bucana,0.05237372436438051,False,0.38323131794328963,0.4332313179432896,1.0,0.9909811228266318,0.9493108972699249,Highly Suitable,0,True,False,1
TALOMO_0521,7.063757304339581,125.60349081923833,1090.0,12.851427459017726,81.38538887715562,1257.5628333912643,1,0,3,Bucana,0.07219472526991921,False,0.3518963753104142,0.42856304197708084,0.9353268401468601,0.9799885352819497,0.9279674308949234,Highly Suitable,0,True,False,2
TALOMO_0522,7.066513148993685,125.51304361696212,1.0,371.97561017998464,1176.1264740187446,3986.585710317755,0,0,0,Bago Gallera,0.002681140462555811,False,0.04497891847817358,0.04497891847817358,0.3018703829263038,0.07674671992366985,0.3031005184518971,Low Suitability,1,False,True,827
TALOMO_0523,7.066500944763771,125.51530519221669,1.0,267.5924072753496,960.6689770727776,3836.082920233701,0,0,0,Bago Gallera,0.003723113434754848,False,0.03739748262417725,0.03739748262417725,0.28622282235322627,0.058894391153327764,0.2871237912216959,Low Suitability,1,False,True,977
TALOMO_0524,7.066488729583703,125.51756676346477,0.0,32.456521000404,766.4830618691775,3690.185749089209,0,0,0,Bago Gallera,0.02988953932143526,False,0.04499742717517263,0.04499742717517263,0.3019085836000283,0.07679030313802411,0.30469810307489825,Low Suitability,1,False,True,813
TALOMO_0525,7.066476503453579,125.51982833070281,0.0,45.54671819792895,614.0909417624084,3545.245586004096,0,0,0,Bago Gallera,0.02148379174118647,False,0.034276486917543585,0.034276486917543585,0.27978130252659306,0.05154525010423735,0.28374405383453033,Low Suitability,1,False,True,1008
TALOMO_0526,7.06646426637349,125.52208989392717,2.0,52.16271587563411,540.1102529826055,3405.524102908133,0,0,0,Bago Gallera,0.01881017520510698,False,0.03060264931938468,0.03060264931938468,0.27219875517541564,0.04289430878992092,0.2719847419223909,Low Suitability,1,False,True,1103
TALOMO_0527,7.066452018343535,125.5243514531343,2.0,53.541701281621144,575.6131391822346,3275.4111994381383,0,0,0,Catalunan Pequeño,0.018334594933821197,False,0.03167380197617965,0.03167380197617965,0.2744095403621527,0.04541659741183801,0.27442014764821204,Low Suitability,1,False,True,1089
TALOMO_0528,7.066439759363807,125.52661300832055,7.0,140.71856129539665,704.2314155315133,3151.741057504991,0,0,0,Catalunan Pequeño,0.007056238723138112,False,0.031719031189596396,0.031719031189596396,0.27450289033836306,0.04552310056025073,0.27480857988912377,Low Suitability,1,False,True,1081
TALOMO_0529,7.066427489434401,125.52887455948239,7.0,7.799874894730369,886.3144403899845,3025.7576857271292,0,0,0,Catalunan Pequeño,0.1136379791715937,False,0.10111058753456172,0.10111058753456172,0.41772227543619,0.2089223433439302,0.4164487355322533,Moderately Suitable,2,False,True,222
TALOMO_0530,7.066415208555411,125.5311361066162,5.0,105.16663282378667,1095.5202818141267,2903.4667455731014,0,0,0,Catalunan Pequeño,0.009419155278850943,False,0.047275485072561144,0.047275485072561144,0.30661033794113707,0.08215454275242601,0.3059423218855628,Low Suitability,1,False,True,803
TALOMO_0531,7.066402916726935,125.53339764971837,1.0,93.54638780885635,1319.0057196571954,2796.226853260501,0,0,0,Catalunan Pequeño,0.010576818672561999,False,0.05503920378308212,0.05503920378308212,0.32263411775471634,0.10043610070132268,0.3231096694132538,Low Suitability,2,False,True,659
TALOMO_0532,7.066390613949064,125.53565918878532,0.0,38.526731044702345,1502.581990077386,2698.1194692216873,1,0,0,Catalunan Pequeño,0.025299334743089694,False,0.04362842559800035,0.07029509226466701,0.2990830587896917,0.13635978878652433,0.3146424396074411,Low Suitability,2,False,True,715
TALOMO_0533,7.066378300221896,125.53792072381349,18.0,35.88252243637211,1307.450679469277,2609.3464858512457,0,1,0,Catalunan Pequeño,0.02711311303952028,False,0.046960338439765506,0.07029367177309884,0.30595989703244403,0.1363564438947414,0.3040488926134486,Low Suitability,1,False,True,822
TALOMO_0534,7.066365975545528,125.54018225479923,35.0,16.528597387399774,1134.064337497847,2526.437203142646,3,0,0,Catalunan Pequeño,0.05704963026413273,False,0.007248949379286315,0.08724894937928632,0.22399832962864488,0.17628175567569163,0.2621231876018492,Low Suitability,0,True,False,1164
TALOMO_0535,7.066328935822166,125.54696682346615,22.0,172.81436999002267,875.2861524117124,2324.110604647952,0,2,0,Catalunan Grande,0.005753264244247482,False,-0.003911785137627126,0.04275488152903954,0.20096334354465845,0.07150968572883452,0.195892362880371,Not Suitable,0,False,True,1396
TALOMO_0536,7.066316567349944,125.54922833824637,24.0,38.85277861239004,918.0416607885808,2274.1311417782154,0,2,0,Catalunan Grande,0.02509235327669486,False,0.009754747742835641,0.05642141440950231,0.22917012458050595,0.10369085072597753,0.22631189968508678,Not Suitable,1,False,True,1311
TALOMO_0537,7.066242126596786,125.56279734153439,53.0,8.75866465255247,852.3445634768375,2207.816470688076,0,0,0,Matina Crossing,0.10247303658891901,False,0.10951519357030032,0.10951519357030032,0.43506880247535906,0.22871302587751877,0.4260057446927111,Moderately Suitable,2,False,True,202
TALOMO_0538,7.0662296814855186,125.56505882781666,58.0,36.523461715032646,798.6979818779246,2239.465423328049,1,0,0,Matina Crossing,0.026649993212096955,False,0.03813352691471656,0.06480019358138323,0.2877419669905327,0.12342071764711829,0.29376523791060133,Low Suitability,1,False,True,919
TALOMO_0539,7.0662172254262,125.56732031001341,21.0,56.21232838579582,630.1878599647389,2290.8923146686366,0,0,0,Matina Crossing,0.017478750266144934,False,0.039955084994152595,0.039955084994152595,0.29150153720048577,0.06491688600152175,0.28639210876019944,Low Suitability,1,False,True,985
TALOMO_0540,7.0662047584189285,125.56958178812104,32.0,128.88398391432023,530.4290823833147,2349.3876879898803,3,0,0,Matina Crossing,0.007699178681335059,False,-0.045686339289629396,0.034313660710370605,0.11474354572599019,0.05163278481190604,0.11942270756299109,Not Suitable,0,True,False,1524
TALOMO_0541,7.066192280463799,125.57184326213601,84.0,26.108891544318833,405.6017967255599,2430.701898052634,2,0,0,Matina Crossing,0.03688826591692822,False,0.011700422758417012,0.06503375609175034,0.23318586358405963,0.12397069720294375,0.22615826550686854,Not Suitable,1,False,True,1312
TALOMO_0542,7.066179791560909,125.57410473205468,147.0,13.676220472808767,173.5563547068807,2517.771648318372,0,1,0,Matina Crossing,0.06813743373866187,False,0.07343478404790883,0.09676811738124216,0.3606013263434506,0.19869694457443535,0.36831186213472955,Low Suitability,2,False,True,384
TALOMO_0543,7.066167291710355,125.57636619787348,104.0,139.89007566893142,143.98193987885702,2623.1814195713196,0,1,0,Matina Crossing,0.007097732010236378,False,0.021353527947021656,0.04468686128035499,0.25310920674304194,0.07605900044471998,0.27332608998553326,Low Suitability,1,False,True,1095
TALOMO_0544,7.0661547809122345,125.57862765958885,50.0,97.53246373755287,369.2421830769299,2747.3600868638596,0,0,0,Ma-a,0.010148939365441628,False,0.03597563184228798,0.03597563184228798,0.28328822043032503,0.055546298772215674,0.285243655226044,Low Suitability,1,False,True,994
TALOMO_0545,7.066142259166643,125.5808891171971,28.0,41.23224048431406,613.9615464469703,2774.118953419341,0,0,0,Ma-a,0.02367859219714902,False,0.04544321686575083,0.04544321686575083,0.30282866276715587,0.07784002304226045,0.29967144345992225,Low Suitability,1,False,True,853
TALOMO_0546,7.0661297264736795,125.58315057069476,96.0,83.14477480522305,641.8344836164987,2709.7141013562486,0,2,0,Ma-a,0.011884279235576821,False,0.01693066071236323,0.0635973273790299,0.24398071389633172,0.12058827754939919,0.2341028075922855,Not Suitable,1,False,True,1286
TALOMO_0547,7.066117182833439,125.58541202007812,208.0,103.14048181457079,673.1548980824251,2654.8455305257403,1,0,0,Ma-a,0.009602413802737806,False,0.07632515088689815,0.1029918175535648,0.36656684409793505,0.2133521555112622,0.37240261070445785,Low Suitability,2,False,True,361
TALOMO_0548,7.066104628246022,125.58767346534371,194.0,41.3701465687847,481.0680562254447,2609.4558410579302,0,0,0,Ma-a,0.02360152326536271,False,0.09895063018408054,0.09895063018408054,0.4132642724763545,0.20383620009965533,0.4112792005785408,Moderately Suitable,2,False,True,237
TALOMO_0549,7.066092062711521,125.58993490648783,105.0,134.63750913774638,367.0360099890679,2563.684400145934,0,0,0,Ma-a,0.007372591891115106,False,0.05368198561379571,0.05368198561379571,0.3198329130853402,0.09724020147618963,0.3293733159293243,Low Suitability,2,False,True,608
TALOMO_0550,7.066079486230037,125.59219634350696,103.0,31.408640532688008,403.73802215900184,2450.278097269384,0,0,0,Ma-a,0.03085596876522419,False,0.06813517090146941,0.06813517090146941,0.34966329041994176,0.13127373028303338,0.3461887144602589,Low Suitability,2,False,True,488
TALOMO_0551,7.066066898801667,125.59445777639746,83.0,197.22119412506441,484.0061701195817,2230.019471184843,3,0,0,Ma-a,0.005044869214989525,False,-0.0310018509704875,0.0489981490295125,0.14505131656036369,0.08621097268371708,0.14273294992301264,Not Suitable,0,True,False,1508
TALOMO_0552,7.066054300426507,125.59671920515578,205.0,120.35258031479755,237.1340770782892,2016.1698914760411,0,0,0,Ma-a,0.008240451067508628,False,0.08455600296298023,0.08455600296298023,0.38355475495134506,0.16994056045744418,0.38534997204920557,Low Suitability,2,False,True,314
TALOMO_0553,7.0660416911046555,125.59898062977831,712.0,50.902159570960535,56.59653973273058,1809.241399978313,3,0,2,Ma-a,0.019267021030845582,False,0.14981483454464078,0.2631481678779741,0.5182444812469306,0.5904791108415399,0.560054090658213,Moderately Suitable,0,True,False,47
TALOMO_0554,7.068784641616481,125.51079423981798,1.0,83.40898116243325,1327.4331127681505,4338.016418923993,0,0,0,Catalunan Pequeño,0.011847080562145871,False,0.05610414115916923,0.05610414115916923,0.3248320750308534,0.10294375393797324,0.3248007284823121,Low Suitability,2,False,True,645
TALOMO_0555,7.06877244440013,125.51305583003825,1.0,262.24945756059384,1084.7534602367643,4185.271256330928,0,0,0,Catalunan Pequeño,0.0037986782926981853,False,0.04215972309917344,0.04215972309917344,0.2960517581552466,0.0701082409148143,0.2960082432044949,Low Suitability,1,False,True,901
TALOMO_0556,7.068760236230001,125.51531741625556,1.0,229.74497909093637,846.3459517939021,4039.2709187404835,0,0,0,Catalunan Pequeño,0.0043337887738216,False,0.033408603841766076,0.033408603841766076,0.27799005173187463,0.04950160899173901,0.2782532666695316,Low Suitability,1,False,True,1057
TALOMO_0557,7.068748017106184,125.51757899846628,1.0,215.60807149002096,617.181392088435,3893.610591075714,0,0,0,Bago Gallera,0.004616633134310831,False,0.024861065691908733,0.024861065691908733,0.2603485226697929,0.029374358142830265,0.2611319763873683,Low Suitability,1,False,True,1173
TALOMO_0558,7.068735787028774,125.51984057666687,2.0,154.3363963832102,412.9458455566673,3751.2291390020328,0,0,0,Bago Gallera,0.006437641295173542,False,0.018515955381028716,0.018515955381028716,0.2472526527258404,0.014433257599955129,0.24819750590216724,Not Suitable,1,False,True,1245
TALOMO_0559,7.068723545997865,125.52210215085368,11.0,212.86552958327897,291.78017750492126,3618.6497413554794,0,0,0,Catalunan Pequeño,0.00467583533423324,False,0.016053780572088287,0.016053780572088287,0.2421708937811818,0.008635470079786519,0.24999658604093236,Not Suitable,1,False,True,1237
TALOMO_0560,7.068711294013554,125.52436372102312,11.0,83.39258020991129,353.19551611974885,3492.4064084805614,0,0,0,Catalunan Pequeño,0.011849382937607558,False,0.022593391597331237,0.022593391597331237,0.2556681997813263,0.024034569709608117,0.2556087272739791,Low Suitability,1,False,True,1198
TALOMO_0561,7.068699031075936,125.52662528717167,2.0,54.66139211875063,537.9205082810919,3369.1428710076257,0,0,0,Catalunan Pequeño,0.0179657741557479,False,0.03002448068928467,0.03002448068928467,0.2710054550096991,0.04153287057847672,0.27070348446441894,Low Suitability,1,False,True,1110
TALOMO_0562,7.0686867571851035,125.52888684929563,4.0,72.28498986849867,760.9006990742489,3241.8228372982085,0,0,0,Catalunan Pequeño,0.013645359053666827,False,0.036676514916681814,0.036676514916681814,0.28473479474321606,0.05719669789378198,0.28556863315802933,Low Suitability,1,False,True,992
TALOMO_0563,7.068674472341153,125.53114840739148,2.0,116.87366611099856,996.7854706374753,3127.990549592545,0,0,0,Catalunan Pequeño,0.008483659098702556,False,0.0419139446824319,0.0419139446824319,0.2955444884589012,0.06952949604579171,0.29607888432580975,Low Suitability,1,False,True,897
TALOMO_0564,7.068662176544181,125.53340996145562,0.0,20.665006983306736,1238.221577544288,3024.1907066592858,0,0,0,Catalunan Pequeño,0.04615738184485781,False,0.07246861910199197,0.07246861910199197,0.3586072285490533,0.14147788467737504,0.359046144664058,Low Suitability,2,False,True,429
TALOMO_0565,7.06864986979428,125.53567151148445,2.0,75.69796957731349,1372.1658679887644,2930.7110509037543,0,1,0,Catalunan Pequeño,0.013038154797461421,False,0.035522783449830314,0.058856116783163645,0.28235357258948535,0.10942394773683241,0.2866695514657728,Low Suitability,1,False,True,983
TALOMO_0566,7.068637552091548,125.53793305747438,20.0,35.047747048434985,1155.2115873783102,2845.1828385570234,0,0,0,Catalunan Pequeño,0.027740984718306137,False,0.06557931383698837,0.06557931383698837,0.34438817776281705,0.12525534517975964,0.34135319260710373,Low Suitability,2,False,True,525
TALOMO_0567,7.0686252234360785,125.5401945994218,24.0,165.78552941422294,954.5619172965532,2762.2973072186896,0,2,0,Catalunan Grande,0.005995723990637303,False,-4.935735477794995e-05,0.04661730931188872,0.20893512802654027,0.08060470835502746,0.20779335845773675,Not Suitable,1,False,True,1369
TALOMO_0568,7.068612883827969,125.54245613732311,16.0,334.98565819645404,782.8557314682112,2683.8315956391875,0,0,0,Catalunan Grande,0.0029763175171461944,False,0.03549462383552844,0.03549462383552844,0.2822954530882472,0.0544136488041609,0.2825918422189566,Low Suitability,1,False,True,1017
TALOMO_0569,7.068600533267314,125.54471767117478,25.0,234.54155894162153,662.9764238888017,2621.604804901176,0,0,0,Catalunan Grande,0.004245535286823196,False,0.0348578655016534,0.0348578655016534,0.2809812278159369,0.05291424693062261,0.28087533913771673,Low Suitability,1,False,True,1033
TALOMO_0570,7.068588171754209,125.54697920097315,32.0,18.27490940759975,625.4697282620002,2569.0163987795822,0,0,0,Catalunan Grande,0.0518809182888153,False,0.0638225626542778,0.0638225626542778,0.34076236451679465,0.12111864861127192,0.33676902235012907,Low Suitability,2,False,True,555
TALOMO_0571,7.068575799288749,125.54924072671466,19.0,82.81577445853476,684.0226774836465,2520.583248946189,0,0,0,Catalunan Grande,0.01193092835400237,False,0.03804428605214537,0.03804428605214537,0.28755778000675175,0.06041744663625248,0.2844760511856498,Low Suitability,1,False,True,1000
TALOMO_0572,7.068563415871031,125.5515022483957,19.0,84.91153192342387,818.267478060599,2487.678271350817,0,0,0,Catalunan Grande,0.011639880905526595,False,0.042977968728111285,0.042977968728111285,0.2977405606840857,0.0720349986245684,0.29552821609011876,Low Suitability,1,False,True,904
TALOMO_0573,7.068551021501151,125.5537637660127,18.0,107.31233084281074,895.0791075208093,2468.159963760122,0,0,0,Matina Pangi,0.009232559139099861,False,0.044134512532737216,0.044134512532737216,0.30012758730896477,0.07475836140638248,0.29991737098872634,Low Suitability,1,False,True,851
TALOMO_0574,7.068538616179206,125.55602527956206,33.0,168.92361550283428,825.577550215815,2462.8012970897553,0,0,0,Matina Pangi,0.005884997191478192,False,0.044825561446357756,0.044825561446357756,0.30155386459246075,0.07638560361220272,0.2985187746294232,Low Suitability,1,False,True,872
TALOMO_0575,7.068513772679498,125.56054829444346,1.0,50.23505269143247,904.1026804630891,2448.9195766894036,0,0,0,Matina Crossing,0.01951788760758355,False,0.04450415266803643,0.04450415266803643,0.30089049904741677,0.0756287687209279,0.3006308512448991,Low Suitability,1,False,True,848
TALOMO_0576,7.068501334501931,125.56280979576833,24.0,123.76790204716282,974.1185178472665,2456.865370956723,2,0,0,Matina Crossing,0.008014881901452471,False,-0.004788997195407832,0.0485443361379255,0.1991528383746751,0.08514236020755134,0.19446698961740344,Not Suitable,0,False,True,1402
TALOMO_0577,7.068488885372682,125.5650712930112,39.0,110.66462448967555,979.9110788609541,2486.4602760494045,0,3,0,Matina Crossing,0.008955387658089151,False,-0.015388505719559714,0.05461149428044029,0.1772761840217806,0.09942895498296425,0.18073264889444882,Not Suitable,0,True,False,1433
TALOMO_0578,7.0684764252918475,125.56733278616848,45.0,188.00677516144557,848.2004450986259,2534.6585916736917,0,1,0,Matina Crossing,0.005290815628941456,False,0.026240683614947285,0.04957401694828062,0.26319595888559494,0.08756699331254321,0.2630007195775297,Low Suitability,1,False,True,1158
TALOMO_0579,7.068463954259527,125.56959427523653,40.0,97.997136792835,731.4407875092548,2590.1613504701995,3,0,0,Matina Crossing,0.01010130224364606,False,-0.03381119100477845,0.04618880899522155,0.1392530325408837,0.0795957004733205,0.13717247729166213,Not Suitable,0,True,False,1516
TALOMO_0580,7.068451472275812,125.57185576021179,66.0,132.8270284435985,524.9901107490474,2665.219641210688,2,0,0,Matina Crossing,0.007472332096363111,False,-0.007355899770584748,0.04597743356274858,0.1938549285454839,0.07909796577145772,0.1840895987938652,Not Suitable,0,False,True,1430
TALOMO_0581,7.0684389793408045,125.57411724109069,29.0,4.285312901235329,375.7972952755717,2750.5822554571287,0,1,0,Matina Crossing,0.18920355685398896,False,0.11042288318734854,0.13375621652068187,0.4369422112250788,0.2857943914359312,0.4513856712199928,Moderately Suitable,2,False,True,150
TALOMO_0582,7.068426475454598,125.57637871786962,45.0,191.76248445169085,363.0875898300208,2847.3864210788142,0,2,0,Matina Pangi,0.005187731434591542,False,-0.015598072579578744,0.031068594087087925,0.17684365248034065,0.043991488709668486,0.18025838230654015,Not Suitable,0,False,True,1438
TALOMO_0583,7.068413960617291,125.57864019054496,47.0,30.52102787751324,497.4350094642632,2962.1809731770963,0,0,0,Ma-a,0.031724853767011486,False,0.05243646559529097,0.05243646559529097,0.3172622456933236,0.09430732262730133,0.3089997108082539,Low Suitability,1,False,True,775
TALOMO_0584,7.068401434828979,125.58090165911317,70.0,113.52654108790844,698.606169020035,3013.7720325669134,0,2,0,Matina Pangi,0.00873160047008159,False,0.008062259158689987,0.054728925825356656,0.2256769449045609,0.09970547602570988,0.2198712640141766,Not Suitable,1,False,True,1325
TALOMO_0585,7.06838889808976,125.58316312357061,163.0,28.05885090739548,891.8189427979341,2952.7941489208765,0,0,0,Ma-a,0.0344129230431992,False,0.10996048647174461,0.10996048647174461,0.43598785630398684,0.2297615759712972,0.417742246827789,Moderately Suitable,2,False,True,218
TALOMO_0586,7.068376350399731,125.58542458391373,65.0,147.06428224797372,834.2293153086482,2899.3871799094545,1,0,0,Ma-a,0.0067538233044295536,False,0.030294519069343447,0.05696118573601011,0.27156279559668006,0.10496187317702702,0.2862154272066944,Low Suitability,1,False,True,987
TALOMO_0587,7.068363791758988,125.58768604013892,21.0,158.83037959539678,688.641785276281,2856.793963384725,2,0,0,Ma-a,0.006256632828699111,False,-0.01773307745141723,0.0356002558819161,0.17243714971499724,0.05466238506693657,0.17001866761920226,Not Suitable,0,False,True,1462
TALOMO_0588,7.068351222167629,125.58994749224259,60.0,61.73750416280154,614.4236863408433,2788.360541477318,0,0,0,Ma-a,0.015939429107747677,False,0.05222224569828174,0.05222224569828174,0.31682011060454046,0.09380288994407263,0.31340916162152493,Low Suitability,2,False,True,729
TALOMO_0589,7.068338641625755,125.59220894022116,52.0,125.31536127272851,637.0285898174732,2572.75327030297,1,0,2,Ma-a,0.007916693503657818,False,-0.014444815894854163,0.045555184105145835,0.17922389471651576,0.07810367705288347,0.21700536870072287,Not Suitable,1,False,True,1339
TALOMO_0590,7.068326050133457,125.59447038407097,74.0,152.1822304579214,529.3012255377726,2362.572077783007,3,0,3,Ma-a,0.006528172340947185,False,-0.0815876680460476,0.048412331953952406,0.040645679940591845,0.08483152435313912,0.0731955444639982,Not Suitable,0,True,False,1535
TALOMO_0591,7.068313447690839,125.59673182378852,188.0,26.41713643924274,305.4354869312626,2157.856583382542,3,0,2,Ma-a,0.03647353917561859,False,-0.01563450280319982,0.09769883053013352,0.17676846301204208,0.20088853432667605,0.1964794038187235,Not Suitable,0,True,False,1395
TALOMO_0592,7.071068310153916,125.50628323156243,0.0,149.812813986712,1108.7289964545714,4852.401285732958,0,0,0,Catalunan Pequeño,0.0066307362986285055,False,0.044378169088577384,0.044378169088577384,0.30063047763079304,0.07533210983948635,0.3010740538633494,Low Suitability,1,False,True,842
TALOMO_0593,7.0710561309157685,125.50854484074452,1.0,174.5566456743248,1107.361420932348,4689.766228288845,0,0,0,Catalunan Pequeño,0.005696167161083154,False,0.04413145785065483,0.04413145785065483,0.3001212826558837,0.07475116841683883,0.30019854205507174,Low Suitability,1,False,True,850
TALOMO_0594,7.0710439407201156,125.5108064459307,1.0,236.6509689005867,1161.128177919844,4535.087244388391,0,0,0,Catalunan Pequeño,0.004207851559058093,False,0.045303469057627416,0.045303469057627416,0.3025402329321381,0.07751095294741309,0.3029771204446117,Low Suitability,1,False,True,829
TALOMO_0595,7.071031739567051,125.5130680471174,0.0,54.61129703819423,1046.4734378394432,4387.865350867993,0,0,0,Catalunan Pequeño,0.01798195786214432,False,0.04866412108195543,0.04866412108195543,0.3094763868650358,0.08542442289907068,0.3096923825099763,Low Suitability,1,False,True,763
TALOMO_0596,7.071019527456668,125.51532964430102,0.0,15.73005637584095,796.6919459400825,4242.000140353102,0,0,0,Catalunan Pequeño,0.059772661701490176,False,0.06366076034125584,0.06366076034125584,0.34042841570516674,0.12073764583772115,0.34116415622221774,Low Suitability,2,False,True,528
TALOMO_0597,7.071007304389064,125.51759123747797,1.0,46.16386826878953,547.1100961854823,4098.273501257282,0,0,0,Catalunan Pequeño,0.02120267138184985,False,0.03191801341411892,0.03191801341411892,0.27491357592235316,0.04599165244937048,0.2755255181520159,Low Suitability,1,False,True,1072
TALOMO_0598,7.070995070364333,125.51985282664467,13.0,28.863348730141862,298.229539064091,3962.1395388198625,0,0,0,Catalunan Pequeño,0.0334858628560525,False,0.03389086790783757,0.03389086790783757,0.278985411493719,0.050637216655964254,0.2796499013187801,Low Suitability,1,False,True,1045
TALOMO_0599,7.070982825382567,125.5221144117975,30.0,46.66940400870351,59.60082711399737,3833.2398301310686,0,0,0,Catalunan Pequeño,0.020977816291083046,False,0.02348840841605903,0.02348840841605903,0.2575154527495862,0.026142103798219025,0.25971563032230727,Low Suitability,1,False,True,1183
TALOMO_0600,7.070970569443863,125.52437599293292,25.0,87.46822618036954,207.7586561733711,3710.0336889584814,0,0,0,Catalunan Pequeño,0.011303493278605973,False,0.021686258336077208,0.021686258336077208,0.2537959393115838,0.021898504519544792,0.2536960751075627,Low Suitability,1,False,True,1207
TALOMO_0601,7.070958302548317,125.52663757004727,3.0,83.26997112428033,455.82349636373226,3583.1147726813824,0,0,0,Catalunan Pequeño,0.011866623266373406,False,0.023681266435216397,0.023681266435216397,0.2579134983962004,0.026596234761047048,0.25760480313648787,Low Suitability,1,False,True,1187
TALOMO_0602,7.070946024696022,125.528899143137,2.0,9.420070281299527,705.2563083443847,3462.458814790383,0,0,0,Catalunan Pequeño,0.09596864253350182,False,0.08210501961692936,0.08210501961692936,0.3784960944140117,0.1641691259499203,0.37678307655340715,Low Suitability,2,False,True,347
TALOMO_0603,7.070933735887077,125.53116071219851,1.0,26.55032193310091,954.9857910366218,3355.0118763883447,0,1,0,Catalunan Pequeño,0.036297216505427804,False,0.032939995469785516,0.056273328803118854,0.27702287638055223,0.10334214726370139,0.28287059402064785,Low Suitability,1,False,True,1014
TALOMO_0604,7.07092143612157,125.53342227722818,1.0,158.2408554262962,1204.827482133494,3255.275673053507,0,0,0,Catalunan Pequeño,0.0062797954540180475,False,0.04817939019611818,0.04817939019611818,0.30847593575737636,0.0842830065096483,0.3081155691013474,Low Suitability,1,False,True,782
TALOMO_0605,7.070909125399602,125.53568383822247,3.0,196.20251550094048,1277.8598129848988,3164.905352111407,0,1,0,Catalunan Pequeño,0.005070929229577859,False,0.027620462904062473,0.05095379623739581,0.26604372814984684,0.0908160181640572,0.2706375805721356,Low Suitability,1,False,True,1112
TALOMO_0606,7.0708968037212685,125.53794539517776,7.0,5.394363942253765,1041.4414741028688,3081.042942633067,0,0,0,Catalunan Pequeño,0.15638772034729365,False,0.13206479418275663,0.13206479418275663,0.48160962248323735,0.2818115274708915,0.4769516155005709,Moderately Suitable,3,False,True,113
TALOMO_0607,7.070884471086663,125.54020694809046,8.0,207.03148225594734,813.1881616952578,2998.245048576954,0,0,0,Catalunan Grande,0.004806964739931383,False,0.03489652254979153,0.03489652254979153,0.28106101329641403,0.05300527432252345,0.28066306548268877,Low Suitability,1,False,True,1037
TALOMO_0608,7.07087212749588,125.54246849695696,6.0,118.5380646934275,602.453009504533,2924.213227559627,0,0,0,Catalunan Grande,0.008365536137502672,False,0.02826354781149125,0.02826354781149125,0.2673710110335132,0.03738632719510142,0.2675584298974505,Low Suitability,1,False,True,1132
TALOMO_0609,7.070859772949019,125.54473004177366,17.0,101.64333379487917,435.4586903494122,2865.7618888291277,0,0,0,Catalunan Grande,0.009742473895074223,False,0.026604603830093387,0.026604603830093387,0.26394706510345795,0.03347994139459587,0.2614040214516262,Low Suitability,1,False,True,1171
TALOMO_0610,7.070847407446172,125.546991582537,41.0,61.91396880131392,375.8974771670881,2813.9221929112114,0,0,0,Catalunan Grande,0.01589472130041676,False,0.03641892197325315,0.03641892197325315,0.2842031406788514,0.056590132857347014,0.2810779481224073,Low Suitability,1,False,True,1027
TALOMO_0611,7.070835030987436,125.5492531192434,32.0,65.9979978492195,466.87638158332425,2767.3623199612816,0,0,0,Catalunan Grande,0.014925819160305692,False,0.03613284389464565,0.03613284389464565,0.28361269526061555,0.055916492664164236,0.2790194847514088,Low Suitability,1,False,True,1050
TALOMO_0612,7.070822643572909,125.55151465188922,8.0,166.64020975734562,647.8025918596607,2736.3756129607923,3,0,0,Catalunan Grande,0.0059651559816554225,False,-0.050712957584901554,0.029287042415098448,0.10436895234186877,0.039796393376514166,0.10755329456059064,Not Suitable,0,True,False,1529
TALOMO_0613,7.070810245202684,125.5537761804709,6.0,103.23353019537694,863.8997860630886,2717.917376586084,1,0,0,Catalunan Grande,0.009593841810073826,False,0.012257553311974527,0.03892421997864119,0.2343357426111714,0.06248946439838932,0.2425980926467753,Not Suitable,1,False,True,1261
TALOMO_0614,7.070797835876856,125.55603770498486,126.0,254.99829293646357,967.602987877634,2712.778693945471,0,0,0,Matina Pangi,0.003906276047896112,False,0.08189910787757493,0.08189910787757493,0.37807110678946326,0.16368425683812926,0.37259714153539597,Low Suitability,2,False,True,360
TALOMO_0615,7.070785415595526,125.55829922542746,145.0,154.29043419057166,821.4917308398464,2714.1321027504137,0,0,0,Matina Pangi,0.006439546680465874,False,0.08453627726718341,0.08453627726718341,0.3835140424760606,0.16989411152437003,0.37772426331443343,Low Suitability,2,False,True,340
TALOMO_0616,7.070772984358787,125.56056074179514,35.0,249.3258311656967,733.7859262256046,2698.8777252512514,1,0,0,Matina Pangi,0.003994793487125489,False,0.014267012504877594,0.04093367917154426,0.2384831277563618,0.06722122324369857,0.2511721897543834,Low Suitability,1,False,True,1229
TALOMO_0617,7.070760542166736,125.5628222540843,30.0,124.04410254929222,725.9716986324538,2706.0896758553804,0,3,0,Matina Pangi,0.007997178432351908,False,-0.028782830501845685,0.04121716949815432,0.14963122172142482,0.06788876994742578,0.1571755351652033,Not Suitable,0,True,False,1487
TALOMO_0618,7.07074808901947,125.56508376229138,124.0,133.28858755050302,800.3924218180806,2733.8289153350197,0,1,0,Matina Pangi,0.007446649177272206,False,0.05357702937186344,0.07691036270519677,0.3196162906427336,0.15193704685259518,0.33204397017583814,Low Suitability,2,False,True,584
TALOMO_0619,7.0707356249170825,125.56734526641272,125.0,21.77018933835927,937.6679319419718,2778.425493466224,3,0,0,Matina Pangi,0.04391707004014118,False,0.023858504121905863,0.10385850412190586,0.2582793047542195,0.2153929791569188,0.27228830646656305,Low Suitability,0,True,False,1101
TALOMO_0620,7.070723149859674,125.56960676644476,72.0,29.220402882785052,878.1272256965123,2832.5340482438655,3,0,0,Matina Pangi,0.033090227283821105,False,-0.0034624396023282267,0.07653756039767177,0.20189076172997825,0.1510591934369034,0.1894711349479319,Not Suitable,0,True,False,1417
TALOMO_0621,7.070710663847339,125.57186826238396,140.0,2.3720561105643005,715.3435644930286,2901.3288419078594,3,0,0,Matina Pangi,0.29655497038353074,False,0.16877396223468805,0.24877396223468806,0.5573748128432007,0.5566315587553234,0.5859537095528049,Moderately Suitable,0,True,False,36
TALOMO_0622,7.070698166880176,125.57412975422665,88.0,17.79764284327157,614.2681873691082,2986.173373231273,0,0,0,Matina Pangi,0.05319815938294306,False,0.08393922255921511,0.08393922255921511,0.3822817627485403,0.1684882014638223,0.3746153815435917,Low Suitability,2,False,True,352
TALOMO_0623,7.070685658958277,125.57639124196928,57.0,132.8285798741387,606.5759612495932,3075.5711830331343,0,2,0,Matina Pangi,0.007472245472084262,False,-0.0007646244811964353,0.04590204218547023,0.2074588660226001,0.07892043849568284,0.2050177777465774,Not Suitable,1,False,True,1378
TALOMO_0624,7.070673140081746,125.57865272560825,56.0,27.16923725076372,695.3728406531321,3182.1446838275947,0,0,0,Matina Pangi,0.03549971875695314,False,0.06535235811076573,0.06535235811076573,0.3439197568011593,0.12472092289895875,0.3360165345774423,Low Suitability,2,False,True,559
TALOMO_0625,7.070660610250675,125.58091420513998,151.0,110.99126728186542,850.9714321116453,3254.9819908633276,0,1,0,Matina Pangi,0.00892926764979941,False,0.06590133849766683,0.08923467183100016,0.3450528144465575,0.18095762060910772,0.34653753086556793,Low Suitability,2,False,True,481
TALOMO_0626,7.070648069465164,125.58317568056086,274.0,48.43720586946267,874.4198651488525,3196.663970176877,1,0,0,Ma-a,0.02022768039602536,False,0.11350618697608417,0.14017285364275084,0.44330593753346786,0.3009039191967939,0.4512038300482715,Moderately Suitable,2,False,True,152
TALOMO_0627,7.070635517725307,125.58543715186728,247.0,48.6687929809401,908.8915547960783,3144.276614738759,0,0,0,Ma-a,0.02013336624434864,False,0.1318960457047269,0.1318960457047269,0.4812613372662368,0.28141416826779364,0.46436697444760955,Moderately Suitable,3,False,True,133
TALOMO_0628,7.070622955031204,125.58769861905569,81.0,26.540060869258813,917.6211321326898,3101.183230368243,1,0,0,Ma-a,0.036310740370085214,False,0.05643750723033792,0.08310417389700459,0.3255201196034222,0.16652187693848078,0.32769974744228364,Low Suitability,2,False,True,622
TALOMO_0629,7.0706103813829495,125.58996008212245,113.0,37.2380194542968,820.348893951811,2917.4213241704456,2,0,0,Ma-a,0.026151982091939394,False,0.031415660739118625,0.08474899407245196,0.27387675465755656,0.170395004813684,0.26711582958595836,Low Suitability,1,False,True,1133
TALOMO_0630,7.070597796780645,125.59222154106403,259.0,158.07244388517034,610.1375338388575,2710.3069968264695,0,0,3,Ma-a,0.0062864439344495785,False,0.06665754587408908,0.11665754587408908,0.34661357430211154,0.2455314259769716,0.3508029513147007,Low Suitability,0,True,False,466
TALOMO_0631,7.070585201224384,125.5944829958768,334.0,39.07711836981516,443.3546126860152,2507.5598477652393,3,0,3,Ma-a,0.024951893765724657,False,0.01773445066502377,0.14773445066502378,0.2456396809066055,0.3187095326280939,0.27868851732634786,Low Suitability,0,True,False,1054
TALOMO_0632,7.073327616880886,125.50629541973433,10.0,58.09071598379946,860.9891175051288,5041.76835060309,0,0,0,Catalunan Pequeño,0.01692313222730562,False,0.04452148391545749,0.04452148391545749,0.3009262695464424,0.07566957934478852,0.29912403621929434,Low Suitability,1,False,True,860
TALOMO_0633,7.0733154337130575,125.5085570398866,26.0,101.10764631251445,859.227321174326,4885.44134540153,0,0,0,Catalunan Pequeño,0.009793585848990809,False,0.04592453488524692,0.04592453488524692,0.3038220699541347,0.0789734030104633,0.30238545007493195,Low Suitability,1,False,True,835
TALOMO_0634,7.073303239584186,125.5108186560429,4.0,152.72987777044523,927.491734972639,4736.837465907741,0,0,0,Catalunan Pequeño,0.006504916379971593,False,0.038825585733510866,0.038825585733510866,0.28917032864863584,0.0622572061552291,0.2895348819593859,Low Suitability,1,False,True,962
TALOMO_0635,7.073291034494368,125.5130802681996,0.0,162.30299189499897,1052.2405843877646,4590.914491648868,0,0,0,Catalunan Pequeño,0.006123586520955984,False,0.04193311723473858,0.04193311723473858,0.2955840592841824,0.06957464246841363,0.29604254341773445,Low Suitability,1,False,True,900
TALOMO_0636,7.073278818443697,125.51534187635315,0.0,150.51503345382318,823.4893097871184,4446.331858978518,0,0,0,Catalunan Pequeño,0.00660000514275547,False,0.03351474841415139,0.03351474841415139,0.2782091268065555,0.04975155212123356,0.27838449398740783,Low Suitability,1,False,True,1055
TALOMO_0637,7.073266591432269,125.5176034804999,6.0,53.04854821007783,585.4451673350434,4306.701215883146,0,0,0,Catalunan Pequeño,0.01850188456705931,False,0.03355786602691188,0.03355786602691188,0.2782981185846869,0.04985308299396222,0.2780555558741666,Low Suitability,1,False,True,1059
TALOMO_0638,7.073254353460178,125.51986508063632,22.0,20.823970517197505,363.8096268355875,4175.776300191462,0,0,0,Catalunan Pequeño,0.04582117627092605,False,0.046791587230175694,0.046791587230175694,0.30561160617769195,0.08101508796577492,0.3055024317345321,Low Suitability,1,False,True,809
TALOMO_0639,7.073242104527518,125.52212667675879,29.0,84.85668200283176,216.7229687885939,4050.6990399340516,1,0,0,Catalunan Pequeño,0.011647317094865344,False,-0.0030258685928909873,0.023640798073775678,0.202791814175211,0.02650094219283836,0.20840507196647887,Not Suitable,1,False,True,1366
TALOMO_0640,7.073229844634386,125.52438826886373,26.0,12.789820092157264,294.2452137636809,3926.566748243275,0,0,0,Catalunan Pequeño,0.0725172622497616,False,0.06120556462113182,0.06120556462113182,0.3353610611183505,0.11495629227418916,0.33051261270448096,Low Suitability,2,False,True,596
TALOMO_0641,7.073217573780875,125.52664985694751,5.0,5.231738400033747,501.1902297981543,3800.3838240234327,0,0,0,Catalunan Pequeño,0.16046886692075918,False,0.11320921442175091,0.11320921442175091,0.44269300666892436,0.23741149355496183,0.4478694037148968,Moderately Suitable,2,False,True,159
TALOMO_0642,7.073205291967081,125.5289114410066,4.0,45.44750324530517,735.393124163817,3686.8450984291485,3,0,0,Catalunan Pequeño,0.021529682547599117,False,-0.03967227363346426,0.04032772636653574,0.12715616234078417,0.06579436045640467,0.13799604682829286,Not Suitable,0,True,False,1515
TALOMO_0643,7.073192999193101,125.53117302103735,2.0,102.84650182632753,977.453041168583,3582.4326681817233,0,0,0,Catalunan Pequeño,0.0096295973616174,False,0.04185052856325681,0.04185052856325681,0.29541360196388733,0.06938016741851642,0.2960517479931192,Low Suitability,1,False,True,899
TALOMO_0644,7.073180695459026,125.53343459703616,1.0,62.603113025142406,1222.7124961788868,3487.282760688782,0,2,0,Catalunan Pequeño,0.015722500872004466,False,0.007727191534749593,0.05439385820141626,0.22498538844445828,0.09891647807095857,0.22176525037609357,Not Suitable,1,False,True,1318
TALOMO_0645,7.073168380764955,125.5356961689995,1.0,27.80054295462553,1140.046958057569,3399.788578047444,3,0,0,Catalunan Pequeño,0.034721567630703096,False,-0.0176137588793661,0.0623862411206339,0.1726834150161379,0.11773648133684769,0.17357569248417762,Not Suitable,0,True,False,1458
TALOMO_0646,7.0731560551109816,125.53795773692372,0.0,84.57050652165155,979.6360938379097,3316.9030467091106,0,2,0,Catalunan Grande,0.01168626949458309,False,-0.004233792522404196,0.04243287414426247,0.20029874251718668,0.0707514412735328,0.19993028375512387,Not Suitable,0,False,True,1389
TALOMO_0647,7.073143718497201,125.54021930080529,3.0,237.9050149617315,732.3670655414223,3235.726989575399,0,0,0,Catalunan Grande,0.004185763953762892,False,0.029694219961798742,0.029694219961798742,0.2703238196522594,0.04075519162681702,0.2702054100056396,Low Suitability,1,False,True,1116
TALOMO_0648,7.0731313709237105,125.54248086064052,4.0,62.95981970209124,487.8894967403071,3166.084958859789,0,0,0,Catalunan Grande,0.01563481580557526,False,0.027462094466471267,0.027462094466471267,0.26571686662021116,0.0354991109889727,0.26485302507725555,Low Suitability,1,False,True,1146
TALOMO_0649,7.073119012390605,125.54474241642593,22.0,71.04016133723663,254.38318216671948,3109.9441323189867,0,0,0,Catalunan Grande,0.013881146036288969,False,0.023910667340123346,0.023910667340123346,0.2583869660379742,0.027136414807872097,0.2569370602125519,Low Suitability,1,False,True,1192
TALOMO_0650,7.073106642897981,125.54700396815782,56.0,12.357911234655914,128.00564717629703,3058.550757967157,0,0,0,Catalunan Grande,0.07486200367955649,False,0.0668504103500327,0.0668504103500327,0.34701163327508716,0.1282484500858364,0.3464073876264304,Low Suitability,2,False,True,484
TALOMO_0651,7.073094262445932,125.54926551583269,33.0,74.32624655570123,305.05751596834796,3014.2633681658576,0,0,0,Catalunan Grande,0.013275585147608989,False,0.02936598264041128,0.02936598264041128,0.2696463604654158,0.039982277275373075,0.26881573285653865,Low Suitability,1,False,True,1128
TALOMO_0652,7.073081871034556,125.5515270594469,0.0,60.05631101105253,542.894769166673,2985.0729545707686,1,0,0,Catalunan Grande,0.016378323279619335,False,0.0019104385994122355,0.0285771052660789,0.21298001167320446,0.038124674241161255,0.2200723729229494,Not Suitable,1,False,True,1323
TALOMO_0653,7.073069468663949,125.55378859899686,4.0,71.33768473558256,788.2952319583643,2967.7156408909523,2,0,0,Matina Pangi,0.013824053170284905,False,-0.015510487035835019,0.03782284629749831,0.17702442300025917,0.05989601304782486,0.17965907454469107,Not Suitable,0,False,True,1439
TALOMO_0654,7.073057055334204,125.55605013447897,119.0,20.611310711312697,799.6146337780841,2962.756090801186,0,0,0,Matina Pangi,0.0462720662045055,False,0.09787144057497014,0.09787144057497014,0.4110368995744932,0.20129498652502348,0.38739513794946695,Low Suitability,2,False,True,302
TALOMO_0655,7.0730446310454225,125.55831166588968,156.0,176.9755587467406,614.7980841224065,2963.3923973561828,0,0,0,Matina Pangi,0.005618749040833191,False,0.08007977224902851,0.08007977224902851,0.3743161235648236,0.15940019001887534,0.37009558218451316,Low Suitability,2,False,True,376
TALOMO_0656,7.073032195797698,125.56057319322531,51.0,418.7893864966545,491.49751365505756,2948.8429694749993,0,0,0,Matina Pangi,0.00238214693407445,False,0.036424903095911274,0.036424903095911274,0.28421548530339086,0.05660421686071588,0.28596642355041296,Low Suitability,1,False,True,991
TALOMO_0657,7.073019749591125,125.56283471648237,37.0,290.6802059363162,479.7529860434695,2955.4450115906134,0,0,0,Matina Pangi,0.0034284122804628513,False,0.03164894561089835,0.03164894561089835,0.2743582385390078,0.04535806707357714,0.2727119873903991,Low Suitability,1,False,True,1098
TALOMO_0658,7.073007292425802,125.56509623565722,130.0,93.01274572350789,586.3071288208488,2981.2530553868096,0,1,0,Matina Pangi,0.01063685559127277,False,0.049425133830699505,0.07275846716403284,0.3110470646775481,0.14216040221055085,0.31976751114027363,Low Suitability,2,False,True,681
TALOMO_0659,7.072994824301827,125.56735775074628,144.0,13.434420220539321,763.118058359694,3022.735109934847,2,0,0,Matina Pangi,0.06927884769331154,False,0.06546100840778431,0.11879434174111764,0.34414400351861785,0.25056302989316037,0.33657065666263714,Low Suitability,2,False,True,556
TALOMO_0660,7.072982345219293,125.56961926174593,74.0,128.22110369151295,972.5956470616097,3076.1278334054896,2,0,0,Matina Pangi,0.0077386740356844555,False,0.01264346317892133,0.06597679651225466,0.23513223395332464,0.12619131450483526,0.2028137963921402,Not Suitable,1,False,True,1382
TALOMO_0661,7.0729698551782985,125.57188076865259,130.0,27.0859859564806,934.2474052085381,3139.5895212396117,1,0,0,Matina Pangi,0.03560494552512794,False,0.07395520672603453,0.1006218733927012,0.3616754428480811,0.2077715474124959,0.3648117680965306,Low Suitability,2,False,True,396
TALOMO_0662,7.072957354178943,125.5741422714627,133.0,49.3178817161471,859.3178718559416,3220.694245855967,0,2,0,Matina Pangi,0.019873650596843352,False,0.04294513117508802,0.08961179784175469,0.29767278624004917,0.18184565523229704,0.2836251874482792,Low Suitability,1,False,True,1010
TALOMO_0663,7.072944842221318,125.57640377017262,42.0,22.149565133476717,853.8361644034309,3306.911969324803,0,0,0,Matina Pangi,0.04319735572716631,False,0.07094647894719773,0.07094647894719773,0.355465636279259,0.13789363665348622,0.34933830779648306,Low Suitability,2,False,True,468
TALOMO_0664,7.072932319305522,125.5786652647788,37.0,17.320615988321403,801.2202298954038,3406.255049137107,0,0,0,Matina Pangi,0.05458331753896575,False,0.07385408605251047,0.07385408605251047,0.3614667367540601,0.14474030250658634,0.3575362846603403,Low Suitability,2,False,True,440
TALOMO_0665,7.072919785431656,125.58092675527762,91.0,80.50661282340234,673.3703398623516,3497.4267193762157,0,2,0,Matina Pangi,0.012268943161294982,False,0.016589949286736717,0.06325661595340339,0.24327750901890463,0.11978598989528809,0.23703225704416883,Not Suitable,1,False,True,1279
TALOMO_0666,7.072907240599814,125.5831882416655,313.0,30.66696851980704,624.420829584531,3440.8857363523766,0,0,0,Ma-a,0.03157864635430829,False,0.15108901204891115,0.15108901204891115,0.5208742957125391,0.326608660690212,0.5121988022445428,Moderately Suitable,3,False,True,73
TALOMO_0667,7.072894684810092,125.58544972393885,276.0,26.176498681978334,671.8445729718512,3389.9082431243796,0,0,0,Ma-a,0.03679649875806607,False,0.1428877198729661,0.1428877198729661,0.5039473944537278,0.3072967299311556,0.496002091392399,Moderately Suitable,3,False,True,88
TALOMO_0668,7.07288211806259,125.58771120209406,148.0,13.961057807472413,798.6544234175531,3263.9168148330373,0,0,0,Ma-a,0.0668401935791293,False,0.12012837468256457,0.12012837468256457,0.45697367610687034,0.25370433387829183,0.4347493499925752,Moderately Suitable,2,False,True,182
TALOMO_0669,7.075550329182006,125.51309249328496,2.0,74.67902365971995,862.689121477606,4794.696864050136,0,0,0,Catalunan Pequeño,0.013213701124057294,False,0.039587635362697125,0.039587635362697125,0.2907431465108483,0.06405163675934471,0.29082375656965065,Low Suitability,1,False,True,951
TALOMO_0670,7.075538109191011,125.51535411241203,8.0,163.49021217676028,920.0821865146254,4652.612277065332,0,0,0,Catalunan Pequeño,0.0060793890819801815,False,0.03970663444357316,0.03970663444357316,0.2909887524042447,0.06433184894554263,0.2910733236530002,Low Suitability,1,False,True,949
TALOMO_0671,7.075525878235721,125.5176157275322,9.0,65.65500689032568,714.9563836793307,4519.239193652576,0,0,0,Catalunan Pequeño,0.015002623908589531,False,0.03749034449797046,0.03749034449797046,0.28641448285436244,0.05911305694871434,0.2841073078736754,Low Suitability,1,False,True,1004
TALOMO_0672,7.075513636316235,125.51987733864193,25.0,46.01184055904451,548.4286928909889,4391.370704598024,2,0,0,Catalunan Pequeño,0.02127123695027533,False,-0.012851916991528843,0.04048141634180449,0.18251152816175994,0.06615626076395092,0.18511877183984635,Not Suitable,0,False,True,1426
TALOMO_0673,7.075501383432645,125.52213894573764,31.0,17.73985740293308,464.09636047744556,4268.326320411971,0,0,0,Catalunan Pequeño,0.053362199001764254,False,0.058201955040418696,0.058201955040418696,0.32916181815736034,0.10788356531780727,0.32709224316354435,Low Suitability,2,False,True,629
TALOMO_0674,7.075489119585047,125.52440054881568,10.0,2.91237363510987,504.97211054740785,4140.919387730015,1,0,0,Catalunan Pequeño,0.25559930959199334,False,0.1442082532422102,0.17087491990887688,0.5066728842266348,0.37319937766496714,0.48541471760015314,Moderately Suitable,3,False,True,101
TALOMO_0675,7.075476844773535,125.5266621478725,5.0,69.63326792407094,647.7717445620764,4021.4578134788862,2,0,0,Catalunan Pequeño,0.014157634630114749,False,-0.02030492397923657,0.03302840935409676,0.16712903590862643,0.04860634889572875,0.178324094733849,Not Suitable,0,False,True,1447
TALOMO_0676,7.075464558998207,125.5289237429045,4.0,118.48755156331704,842.1517877884535,3913.7948511935615,0,0,0,Catalunan Pequeño,0.008369072651640158,False,0.03667337897403888,0.03667337897403888,0.2847283223739441,0.057189313556547605,0.284548040969278,Low Suitability,1,False,True,998
TALOMO_0677,7.0754522622591525,125.53118533390807,1.0,30.11553313094276,1060.1089728408022,3812.519370888383,0,0,0,Catalunan Pequeño,0.032138289123690204,False,0.05783275245232064,0.05783275245232064,0.3283998094861459,0.10701418831422643,0.32777566724464313,Low Suitability,2,False,True,620
TALOMO_0678,7.075439954556474,125.53344692087965,1.0,156.65554311322782,1083.194115815416,3720.756424437566,0,0,0,Catalunan Pequeño,0.006342942216004435,False,0.043591646254501945,0.043591646254501945,0.2990071487620515,0.07348005114114697,0.29883285460984793,Low Suitability,1,False,True,866
TALOMO_0679,7.07542763589026,125.53570850381561,1.0,271.48550629926063,923.8733488778184,3635.648682123488,0,0,0,Catalunan Grande,0.0036699199659512806,False,0.03596725885230979,0.03596725885230979,0.28327093915664747,0.0555265825373546,0.28382777704599166,Low Suitability,1,False,True,1007
TALOMO_0680,7.075415306260612,125.5379700827124,0.0,330.92814032312805,811.6492080919501,3552.763150785154,0,0,0,Catalunan Grande,0.0030127002761094978,False,0.03096201598544437,0.03096201598544437,0.27294046318210535,0.04374052473043007,0.2745342841072844,Low Suitability,1,False,True,1086
TALOMO_0681,7.075402965667621,125.5402316575664,11.0,365.8320559074288,670.6814783735055,3474.1087323149577,0,0,0,Catalunan Grande,0.002726043113997521,False,0.02931761151793725,0.02931761151793725,0.2695465258056658,0.0398683757403569,0.2706634636975845,Low Suitability,1,False,True,1111
TALOMO_0682,7.0753906141113845,125.54249322837401,11.0,131.57248879468685,487.97816897680093,3408.996947547299,0,0,0,Catalunan Grande,0.00754304312374105,False,0.02519413074839487,0.02519413074839487,0.2610359459688234,0.030158640567005734,0.25922542621203265,Low Suitability,1,False,True,1184
TALOMO_0683,7.0753782515919985,125.54475479513164,49.0,75.03610376473539,254.55320806799412,3354.0366400064986,0,0,0,Catalunan Grande,0.013151647053012042,False,0.03302178246286783,0.03302178246286783,0.27719167909193715,0.04859074427369903,0.2779814261569131,Low Suitability,1,False,True,1061
TALOMO_0684,7.075365878109558,125.54701635783572,46.0,28.96917528679476,128.34320425119418,3303.3002483017362,0,0,0,Catalunan Grande,0.033367618242088476,False,0.039012615831340705,0.039012615831340705,0.2895563458676879,0.06269761386436346,0.291344490678935,Low Suitability,1,False,True,946
TALOMO_0685,7.075353493664158,125.54927791648262,11.0,13.742628066562313,305.1993126093504,3261.6111191963478,0,0,0,Catalunan Grande,0.06783051132301814,False,0.05357944632096617,0.05357944632096617,0.31962127905894067,0.09699874785147732,0.3218575527921472,Low Suitability,2,False,True,668
TALOMO_0686,7.0753410982558975,125.5515394710688,2.0,29.35771295410388,542.9744586598675,3233.7731837484935,0,0,0,Catalunan Grande,0.032940557857959976,False,0.03899347854898726,0.03899347854898726,0.289516847837157,0.06265255049339732,0.2882250022320703,Low Suitability,1,False,True,970
TALOMO_0687,7.07532869188487,125.55380102159062,6.0,48.24778764978691,788.3501158094242,3217.545242017431,0,0,0,Matina Pangi,0.020305480666689947,False,0.04232983771654443,0.04232983771654443,0.2964028629896,0.07050881702419956,0.2960610773876812,Low Suitability,1,False,True,898
TALOMO_0688,7.075316274551173,125.55606256804452,9.0,93.07770640701173,683.7481868015408,3212.7334876569016,0,2,0,Matina Pangi,0.010629510839408269,False,-0.01292603828869638,0.03374062837797029,0.18235854691790063,0.05028344125864575,0.18029033020749669,Not Suitable,0,False,True,1437
TALOMO_0689,7.075303846254901,125.5583241104269,30.0,159.03958501422173,453.98756000899044,3212.2310601003137,2,0,0,Matina Pangi,0.006248454092849192,False,-0.02348250991670974,0.02985082341662359,0.16057071774959827,0.041123952428325464,0.16621672718738337,Not Suitable,0,False,True,1469
TALOMO_0690,7.075291406996152,125.56058564873412,30.0,179.0824206348343,264.0034589383984,3198.8136459298303,0,0,0,Matina Pangi,0.005553012873076433,False,0.022219627457144266,0.022219627457144266,0.2548967763812936,0.02315445142572594,0.2569084578876052,Low Suitability,1,False,True,1194
TALOMO_0691,7.075278956775022,125.56284718296267,11.0,122.82094863827584,241.4351838899222,3204.9007939873272,0,2,0,Matina Pangi,0.00807617782772242,False,-0.03053414101530475,0.016132525651361918,0.14601663764139555,0.008820894459984695,0.14681966615962122,Not Suitable,0,False,True,1501
TALOMO_0692,7.075266495591606,125.56510871310888,44.0,36.42206095547673,414.58903713012296,3229.018470328275,1,0,0,Matina Pangi,0.02672220541754127,False,0.018628596168561037,0.0452952628352277,0.24748513554042256,0.07749162940724688,0.25251136097762367,Low Suitability,1,False,True,1217
TALOMO_0693,7.0752540234460035,125.56737023916922,98.0,5.423937570559465,640.6849392618843,3267.905578030466,3,0,0,Matina Pangi,0.1556677643604356,False,0.06853231778452575,0.14853231778452575,0.35048297418812374,0.32058830419679174,0.4829135194874762,Moderately Suitable,0,True,False,102
TALOMO_0694,7.0752415403383075,125.56963176114006,125.0,15.980358359607575,879.8126579480012,3320.6739918942853,1,0,0,Matina Pangi,0.05889157218134886,False,0.08376873012779598,0.11043539679446265,0.3819298781320562,0.23087986746394668,0.38424914116978465,Low Suitability,2,False,True,321
TALOMO_0695,7.075229046268617,125.57189327901783,153.0,13.920095830697278,1123.6829778785689,3379.5466670647925,0,0,0,Matina Pangi,0.06702369819519222,False,0.13435941801928783,0.13435941801928783,0.48634556777988236,0.28721477560527037,0.4642030762189874,Moderately Suitable,3,False,True,135
TALOMO_0696,7.07521654123703,125.57415479279892,64.0,61.839025384576956,1069.7184737211703,3455.5456283045037,0,2,0,Matina Pangi,0.015913677748500495,False,0.024263925187951167,0.07093059185461784,0.2591160658652697,0.1378562266423217,0.2546973491774831,Low Suitability,1,False,True,1201
TALOMO_0697,7.0752040252436394,125.57641630247973,27.0,99.02970872106707,840.102000255353,3540.79022872345,1,0,0,Matina Pangi,0.009997030010239267,False,0.01900296875774108,0.045669635424407745,0.24825781473720118,0.07837318043179632,0.2532845717943423,Low Suitability,1,False,True,1210
TALOMO_0698,7.0751914982885475,125.5786778080567,3.0,138.30370914604953,626.2947617901177,3633.7449182258038,0,0,0,Matina Pangi,0.007178559753578239,False,0.02741523000794048,0.02741523000794048,0.265620141610898,0.03538875725948825,0.2650839813750613,Low Suitability,1,False,True,1143
TALOMO_0699,7.075178960371845,125.58093930952622,24.0,147.0486407694283,451.3522864220756,3740.455105790378,0,1,0,Matina Pangi,0.0067545368522322685,False,0.00459564040011819,0.027928973733451525,0.2185220829426376,0.036598491413829086,0.21823834057994373,Not Suitable,1,False,True,1335
TALOMO_0700,7.075166411493633,125.58320080688469,152.0,66.97307471150464,374.4230819155391,3685.1075025278765,1,0,0,Ma-a,0.014711707602521431,False,0.04819081874461994,0.0748574854112866,0.30849952349304904,0.14710304956212988,0.3275542198863792,Low Suitability,2,False,True,624
TALOMO_0701,7.07515385165401,125.58546230012854,229.0,5.264436778092917,449.07282492244576,3611.475434016545,0,0,0,Ma-a,0.15963127020405976,False,0.18981876286329816,0.18981876286329816,0.6008098294978542,0.41780724866842484,0.5646854667116995,Moderately Suitable,3,False,True,45
TALOMO_0702,7.07514128085307,125.58772378925414,140.0,28.88077773739752,623.0089565138857,3407.763489451098,0,0,0,Ma-a,0.03346633105698726,False,0.09106492894272765,0.09106492894272765,0.3969887291344926,0.18526740470832853,0.37994494394719885,Low Suitability,2,False,True,335
TALOMO_0703,7.077797399698534,125.51536635247777,10.0,13.052975551103978,937.136127885939,4862.985777532234,0,0,0,Catalunan Pequeño,0.07115930689294067,False,0.07920499221389082,0.07920499221389082,0.3725106379217945,0.15734030834345664,0.3711632286046677,Low Suitability,2,False,True,370
TALOMO_0704,7.07778516479935,125.51762797857496,7.0,144.79878702754513,896.9833984928013,4733.129702336411,2,0,0,Catalunan Pequeño,0.006858767623430738,False,-0.014401208321345012,0.03893212501198832,0.1793138977398309,0.06250807871591059,0.17645577354792044,Not Suitable,0,False,True,1452
TALOMO_0705,7.07777291893243,125.51988960066159,18.0,30.71132536695903,770.8376079265904,4608.991671387542,0,0,0,Catalunan Pequeño,0.03153447509456447,False,0.05248191588414785,0.05248191588414785,0.31735605195399086,0.09441434635143563,0.3143940635333318,Low Suitability,2,False,True,718
TALOMO_0706,7.077760662097874,125.52215121873408,18.0,33.49009188131226,713.3035948432339,4483.4707026429505,0,0,0,Catalunan Pequeño,0.02899383403909774,False,0.04880526318923606,0.04880526318923606,0.3097676944373239,0.08575677620931921,0.30821914225407665,Low Suitability,1,False,True,779
TALOMO_0707,7.077748394295772,125.52441283278885,3.0,15.070050295649837,740.5494035097003,4359.06172373938,0,0,0,Catalunan Pequeño,0.062227558819196734,False,0.06402407272083707,0.06402407272083707,0.3411782673923573,0.12159315291732015,0.341314502239558,Low Suitability,2,False,True,526
TALOMO_0708,7.077736115526224,125.5266744428223,4.0,37.277389973423666,844.4079699178977,4245.742418150424,0,0,0,Catalunan Pequeño,0.026125083259185354,False,0.0471660983569152,0.0471660983569152,0.3063845713064358,0.08189696521059533,0.3055866067350628,Low Suitability,1,False,True,807
TALOMO_0709,7.07772382578932,125.52893604883081,2.0,87.68862134134184,1001.3172425775747,4140.8837479295225,0,0,0,Catalunan Pequeño,0.011275403596040049,False,0.04372251508069433,0.04372251508069433,0.29927725299090857,0.07378821352040706,0.2989752008431345,Low Suitability,1,False,True,863
TALOMO_0710,7.077711525085161,125.53119765081082,1.0,166.9539396939471,1138.8204066041162,4044.409103684305,0,0,0,Catalunan Pequeño,0.005954013355222528,False,0.04547871986178733,0.04547871986178733,0.3029019385016876,0.07792362345381597,0.303030485324963,Low Suitability,1,False,True,828
TALOMO_0711,7.077699213413838,125.53345924875873,1.0,64.98487398431213,923.1166723267104,3954.9862852867022,0,3,0,Catalunan Grande,0.01515498840291412,False,-0.0273300244699934,0.04266997553000661,0.15262971314470294,0.07130975396940252,0.18535893623825936,Not Suitable,0,True,False,1425
TALOMO_0712,7.077686890775448,125.53572084267094,2.0,25.396020732117407,729.641598976589,3871.5087861995316,0,0,0,Catalunan Grande,0.0378844982032935,False,0.0489886348010858,0.0489886348010858,0.3101461607937054,0.08618856912624583,0.3103237118487675,Low Suitability,1,False,True,755
TALOMO_0713,7.077674557170085,125.53798243254384,101.0,129.9089176639248,581.0415950572626,3788.7916435923626,0,0,0,Catalunan Grande,0.0076388989982122115,False,0.06056282972594923,0.06056282972594923,0.3340345006358135,0.11344281713808779,0.3339704016894998,Low Suitability,2,False,True,573
TALOMO_0714,7.077662212597847,125.54024401837388,184.0,193.04786391182415,481.9623339010254,3713.825850848494,0,0,0,Catalunan Grande,0.005153367730213214,False,0.0846415762586949,0.0846415762586949,0.383731372330153,0.17014206352869354,0.3887114900260582,Low Suitability,2,False,True,298
TALOMO_0715,7.077649857058827,125.54250560015744,141.0,173.47042625749643,332.10151145733164,3652.1721674219075,0,0,0,Catalunan Grande,0.005731630405511394,False,0.06410154328913031,0.06410154328913031,0.34133816130075995,0.12177557615242107,0.34540442795069554,Low Suitability,2,False,True,493
TALOMO_0716,7.0776374905531245,125.54476717789093,94.0,33.55873200753922,336.59342911762974,3598.8506497892845,0,0,0,Catalunan Grande,0.028936246844410936,False,0.06127962424458773,0.06127962424458773,0.3355139150719238,0.11513068361271718,0.32776156174534693,Low Suitability,2,False,True,621
TALOMO_0717,7.077625113080831,125.54702875157075,46.0,38.11384202405143,376.2426217826801,3548.7268233871687,2,0,0,Catalunan Grande,0.025566396657865816,False,-0.00946741972889708,0.04386591360443625,0.18949689702147668,0.07412588011026193,0.19390813364233986,Not Suitable,0,False,True,1406
TALOMO_0718,7.077612724642045,125.54929032119333,30.0,10.52771913876673,467.154313675536,3509.3347707313305,0,0,0,Catalunan Grande,0.08674742921495075,False,0.07753252045259319,0.07753252045259319,0.3690587715872833,0.1534020681054864,0.3510418653901782,Low Suitability,2,False,True,463
TALOMO_0719,7.077600325236862,125.55155188675506,31.0,129.67093109712326,648.0029283308968,3482.5952174248114,0,0,0,Catalunan Grande,0.007652811467737488,False,0.03840384281432016,0.03840384281432016,0.28829988035870874,0.06126411020415177,0.2876714934065677,Low Suitability,1,False,True,973
TALOMO_0720,7.0775879148653775,125.55381344825233,11.0,70.10975925157825,864.0500202333044,3467.399406423959,0,0,0,Matina Pangi,0.014062767340585609,False,0.04331442894760429,0.04331442894760429,0.29843499136533624,0.0728272757831708,0.29776766249802944,Low Suitability,1,False,True,879
TALOMO_0721,7.0775754935276876,125.55607500568159,5.0,111.20841430842731,648.5673468166045,3462.7108845126163,0,2,0,Matina Pangi,0.00891198762733871,False,-0.01668252097749647,0.0299841456891702,0.17460542580117538,0.04143789204184296,0.17580119723184762,Not Suitable,0,False,True,1454
TALOMO_0722,7.077563061223889,125.55833655903922,5.0,48.937771142260964,399.0397537154059,3461.2371005520477,2,0,0,Matina Pangi,0.020024922561145856,False,-0.02632337134421596,0.02700996198911737,0.154707375749126,0.03443445545552038,0.18844934491853638,Not Suitable,0,False,True,1419
TALOMO_0723,7.0775506179540795,125.56059810832163,109.0,2.339989208939473,151.08225155117896,3448.788573419898,3,0,0,Matina Pangi,0.2994021649302047,False,0.13804393531985348,0.2180439353198535,0.4939501573000539,0.48427026016095387,0.5105878095470814,Moderately Suitable,0,True,False,77
TALOMO_0724,7.077538163718354,125.56285965352525,185.0,73.57695332860719,106.85957337691204,3454.435262393169,2,0,0,Matina Pangi,0.01340896825851435,False,0.022237768268323826,0.07557110160165716,0.2549342177640664,0.1487834318922948,0.25783970451206817,Low Suitability,1,False,True,1186
TALOMO_0725,7.077525698516808,125.56512119464644,91.0,219.0331544316788,353.57048817854917,3477.103792409585,0,0,0,Matina Pangi,0.004544769639752195,False,0.046569959743065485,0.046569959743065485,0.3051541823339766,0.08049321231574873,0.3049552666444279,Low Suitability,1,False,True,811
TALOMO_0726,7.077513222349539,125.56738273168165,107.0,75.84576599795399,602.9968588635761,3513.7567060074657,3,0,0,Matina Pangi,0.013013078690979863,False,-0.013334267063257368,0.06666573293674263,0.1815159908901728,0.12781358234283854,0.19671288208539234,Not Suitable,0,True,False,1394
TALOMO_0727,7.0775007352166455,125.56964426462726,137.0,64.25306404636909,852.7592470843465,3565.203445503484,0,0,0,Matina Pangi,0.015324950860382524,False,0.08810857731393074,0.08810857731393074,0.3908870233260168,0.17830595805700608,0.38373114643418316,Low Suitability,2,False,True,322
TALOMO_0728,7.077488237118221,125.5719057934797,129.0,78.46461761543286,1102.6293371647532,3620.8630169974563,0,2,0,Matina Pangi,0.01258421710199974,False,0.04651176830742489,0.09317843497409156,0.30503407922533654,0.19024416706003014,0.2929524107486205,Low Suitability,1,False,True,928
TALOMO_0729,7.077475728054364,125.57416731823537,65.0,47.29429542429264,1009.7469410067289,3691.897737246461,0,0,0,Matina Pangi,0.02070637931901554,False,0.07181243319843866,0.07181243319843866,0.35725290611320004,0.13993273588098673,0.33761884924615265,Low Suitability,2,False,True,550
TALOMO_0730,7.077463208025171,125.57642883889068,19.0,21.191032830392157,762.2746504280079,3776.7345835765686,0,0,0,Matina Pangi,0.04506324728745526,False,0.06043869697963155,0.06043869697963155,0.3337782992111079,0.11315051649199573,0.3328639073050348,Low Suitability,2,False,True,581
TALOMO_0731,7.0774506770307415,125.57869035544203,24.0,243.18088017145382,517.2392101318662,3864.0174432437116,0,2,0,Matina Pangi,0.004095324741633501,False,-0.017791119127093122,0.028875547539573547,0.1723173557005926,0.03882742892879557,0.16487130050549395,Not Suitable,0,False,True,1472
TALOMO_0732,7.077438135071169,125.58095186788584,98.0,16.618941703293846,281.0874566936987,3965.165505826971,0,0,0,Ma-a,0.05675709794834334,False,0.07688736643060258,0.07688736643060258,0.3677272181939058,0.15188289654881962,0.3625084361219608,Low Suitability,2,False,True,410
TALOMO_0733,7.077425582146551,125.58321337621851,247.0,45.937701908332656,124.43438481073888,3929.5093518968433,0,0,0,Ma-a,0.02130483511853558,False,0.10275595187937757,0.10275595187937757,0.4211181939331745,0.21279675259784056,0.411780256451665,Moderately Suitable,2,False,True,235
TALOMO_0734,7.077413018256988,125.58547488043644,344.0,19.02707777595916,277.4124617531126,3757.5568621392144,1,0,0,Ma-a,0.049932397086928815,False,0.13293003227612196,0.15959669894278863,0.4833954142167296,0.34664207209533143,0.4924491779822367,Moderately Suitable,3,False,True,92
TALOMO_0735,7.077400443402574,125.58773638053604,286.0,87.25944346923552,497.4016989983429,3555.5569148210507,0,0,0,Ma-a,0.011330232332006135,False,0.12485951246601673,0.12485951246601673,0.46673841809926225,0.2648449448119653,0.4511168498477802,Moderately Suitable,2,False,True,153
TALOMO_0736,7.077387857583409,125.58999787651373,208.0,41.54527594990407,432.29667489437924,3351.7740248717937,3,0,0,Ma-a,0.023504372169955448,False,0.02198192953585866,0.10198192953585866,0.2544061842701105,0.21097412933515,0.2611630083108907,Low Suitability,0,True,False,1172
TALOMO_0737,7.077375260799587,125.59225936836592,190.0,36.38638861996258,501.35055608130637,3151.2683562697507,3,0,0,Ma-a,0.026747702490473948,False,0.020153633041342933,0.10015363304134293,0.2506327064363041,0.20666896198448856,0.2517450911819311,Low Suitability,0,True,False,1221
TALOMO_0738,7.080056689966196,125.51537859655046,9.0,84.22647490914082,802.500603086587,5076.365732540915,0,0,0,Catalunan Pequeño,0.011733443170870213,False,0.038902866628269875,0.038902866628269875,0.28932983108394905,0.06243918275800901,0.28900752702522103,Low Suitability,1,False,True,966
TALOMO_0739,7.080044451123076,125.51764023362824,1.0,254.79806159648672,1018.7138363916771,4949.6570223631115,0,0,0,Catalunan Pequeño,0.003909333768046562,False,0.03971361463474651,0.03971361463474651,0.29100315903727575,0.06434828549794591,0.29215574609241257,Low Suitability,1,False,True,935
TALOMO_0740,7.080032201308688,125.51990186669539,2.0,85.23895718786157,1006.2838587604679,4826.5602296369725,0,0,0,Catalunan Pequeño,0.011595687524625512,False,0.04409907708419099,0.04409907708419099,0.300054450987793,0.07467492005176911,0.2998644680845974,Low Suitability,1,False,True,852
TALOMO_0741,7.080019940523126,125.52216349574829,1.0,48.41088235709668,962.921910138174,4699.012159714964,0,0,0,Catalunan Pequeño,0.020238456637404575,False,0.04716291374572245,0.04716291374572245,0.30637799848863456,0.08188946627146117,0.3063573504130961,Low Suitability,1,False,True,798
TALOMO_0742,7.080007668766487,125.52442512078336,3.0,55.22308359499075,983.2751423922208,4580.461204623521,0,0,0,Catalunan Pequeño,0.01778628876359062,False,0.0472056417070664,0.0472056417070664,0.3064661860531236,0.08199007961546204,0.30608953980237735,Low Suitability,1,False,True,802
TALOMO_0743,7.0799953860388625,125.52668674179704,3.0,142.35847668298473,1063.6923456849422,4472.5101440651315,0,0,0,Catalunan Pequeño,0.006975520549170919,False,0.04392699726583679,0.04392699726583679,0.29969929011418583,0.07426971640022327,0.29967059877897867,Low Suitability,1,False,True,854
TALOMO_0744,7.079983092340351,125.52894835878567,0.0,243.86324147598486,1192.0791948906024,4370.171432016184,0,0,0,Catalunan Pequeño,0.0040839122849644855,False,0.046054604619567535,0.046054604619567535,0.30409052491249633,0.07927968373417853,0.304533588616975,Low Suitability,1,False,True,817
TALOMO_0745,7.079970787671045,125.53120997174568,0.0,54.09162922574609,1049.164818647844,4276.8366137058065,0,0,0,Catalunan Grande,0.018151577908548544,False,0.04886586862013133,0.04886586862013133,0.3098927798656325,0.08589948638961313,0.3099321966550998,Low Suitability,1,False,True,760
TALOMO_0746,7.079958472031041,125.53347158067352,0.0,36.37516733908708,809.9254835587885,4190.254421613909,0,0,0,Catalunan Grande,0.026755733049366084,False,0.044812450821074504,0.044812450821074504,0.3015268051663545,0.0763547314664181,0.30228369160630353,Low Suitability,1,False,True,838
TALOMO_0747,7.079946145420437,125.53573318556555,2.0,27.70314756182155,579.8377024198338,4107.368890275575,0,0,0,Catalunan Grande,0.03483938469975027,False,0.04150801314610031,0.04150801314610031,0.29470667377239657,0.06857363182898618,0.2937373933733777,Low Suitability,1,False,True,921
TALOMO_0748,7.079933807839325,125.53799478641821,104.0,48.02442712810484,376.0907249282892,4026.2304468785924,0,0,0,Catalunan Grande,0.020397994603525264,False,0.06130750867085939,0.06130750867085939,0.3355714666040523,0.11519634425470647,0.335165310323691,Low Suitability,2,False,True,564
TALOMO_0749,7.079921459287801,125.54025638322786,197.0,7.952049110592739,267.72505599338376,3954.8164833420583,0,0,0,Catalunan Grande,0.11170626832427948,False,0.14353688847611384,0.14353688847611384,0.505287233665655,0.3088253547924565,0.472335469614647,Moderately Suitable,3,False,True,121
TALOMO_0750,7.079909099765962,125.54251797599098,196.0,28.086815028205173,133.28713283095556,3896.104034061169,0,0,0,Catalunan Grande,0.03437983839173559,False,0.09275061634104534,0.09275061634104534,0.40046787163209036,0.1892367643676769,0.3994773371388286,Low Suitability,2,False,True,263
TALOMO_0751,7.079896729273903,125.54477956470389,107.0,13.150190193122617,144.11517057970502,3843.756443920914,0,0,0,Catalunan Grande,0.07067042819580105,False,0.08301150908018343,0.08301150908018343,0.38036702612909673,0.16630367516150962,0.3718983938683318,Low Suitability,2,False,True,366
TALOMO_0752,7.079884347811721,125.54704114936305,28.0,23.923872110194814,342.49389721323416,3794.750532462556,0,0,0,Catalunan Grande,0.0401221766657582,False,0.044759161150923404,0.044759161150923404,0.30141681896352074,0.07622924801843785,0.3018401503202204,Low Suitability,1,False,True,839
TALOMO_0753,7.07987195537951,125.54930272996486,29.0,49.400793882263756,579.6749030800015,3757.359973872957,0,0,0,Catalunan Grande,0.019840957313807393,False,0.0422433446814134,0.0422433446814134,0.29622434733208786,0.07030514820351172,0.2932149407726074,Low Suitability,1,False,True,925
TALOMO_0754,7.079859551977369,125.55156430650575,31.0,21.084794645852515,818.5318121452938,3731.57472026616,0,0,0,Catalunan Grande,0.04528002256918419,False,0.06694130564148922,0.06694130564148922,0.3471992348859514,0.12846248508633074,0.3443341496659551,Low Suitability,2,False,True,499
TALOMO_0755,7.079847137605389,125.55382587898207,7.0,123.94092752522468,940.8371283439781,3717.273181097865,1,0,0,Catalunan Grande,0.008003782425883682,False,0.014603970786290735,0.0412706374529574,0.2391785864030551,0.06801467320984264,0.25442795112219835,Low Suitability,1,False,True,1203
TALOMO_0756,7.079834712263672,125.55608744739031,0.0,128.02571578422524,706.2348219672158,3712.688281368332,2,0,0,Matina Pangi,0.007750392965634379,False,-0.023602594387665616,0.029730738945667714,0.16032287168595621,0.04084118442804135,0.16661535113332232,Not Suitable,0,False,True,1466
TALOMO_0757,7.07982227595231,125.55834901172679,5.0,69.52533528959053,487.1968241353661,3710.3768203516347,2,0,0,Matina Pangi,0.014179301606916274,False,-0.026397618799738124,0.026935714533595206,0.15455413412312616,0.03425962182085415,0.1806696368040054,Not Suitable,0,False,True,1434
TALOMO_0758,7.079809828671401,125.56061057198795,161.0,5.089221437599656,317.73238288866435,3698.7668900481435,2,0,0,Matina Pangi,0.16422460740632805,False,0.11017672090738391,0.16351005424071724,0.4364341492615231,0.35585701590270474,0.42994622925489767,Moderately Suitable,2,False,True,191
TALOMO_0759,7.0797973704210415,125.56287212817023,195.0,6.657729131642979,299.24402888717884,3704.0325140082296,2,0,0,Matina Pangi,0.1305870164390952,False,0.10176203426875789,0.15509536760209122,0.4190668165534369,0.33604259614566473,0.4222980797681214,Moderately Suitable,2,False,True,207
TALOMO_0760,7.07978490120133,125.56513368026998,141.0,177.068193788694,450.7106727304698,3725.445112286193,0,0,0,Matina Pangi,0.005615826042390578,False,0.06854343760999455,0.06854343760999455,0.35050592474075465,0.1322350932289105,0.35481020358208787,Low Suitability,2,False,True,448
TALOMO_0761,7.079772421012358,125.56739522828366,71.0,127.71635190447861,664.6301469250959,3760.1549849842945,0,0,0,Matina Pangi,0.007769020681553402,False,0.05322595605368688,0.05322595605368688,0.31889169953393154,0.09616636931657754,0.3164177127147487,Low Suitability,2,False,True,703
TALOMO_0762,7.079759929854227,125.56965677220765,42.0,208.70679890486213,897.3997737297445,3808.9697225085397,0,0,0,Matina Pangi,0.004768562608471607,False,0.05007944666798297,0.05007944666798297,0.31239752123383996,0.08875715012455025,0.3118977373505816,Low Suitability,2,False,True,743
TALOMO_0763,7.079747427727031,125.57191831203836,50.0,45.97035922834372,1137.5058134263395,3863.283875260928,0,2,0,Matina Pangi,0.021290022397711654,False,0.025049828325301053,0.07171649499196772,0.26073811572272143,0.13970682611448076,0.25255313005421604,Low Suitability,1,False,True,1216
TALOMO_0764,7.079734914630869,125.5741798477722,38.0,60.68680331667369,1009.8911608309794,3929.9392126694165,0,0,0,Matina Pangi,0.01621092269713552,False,0.05965087961728863,0.05965087961728863,0.33215229852532946,0.11129540951300362,0.32893919575719854,Low Suitability,2,False,True,611
TALOMO_0765,7.079722390565836,125.5764413794056,20.0,129.2958964334882,762.4656808914341,4010.905051351144,0,0,0,Matina Pangi,0.007674838789036364,False,0.03888537107841471,0.03888537107841471,0.2892937214760343,0.0623979852442336,0.2877503512878442,Low Suitability,1,False,True,972
TALOMO_0766,7.079709855532032,125.57870290693492,31.0,216.6734834406516,517.5206975087406,4096.603406805629,0,1,0,Matina Pangi,0.004594036830731607,False,0.00831653103506953,0.031649864368402864,0.2262017445156506,0.04536023051086615,0.22375381474252104,Not Suitable,1,False,True,1315
TALOMO_0767,7.07969730952955,125.5809644303566,118.0,22.405404045661665,281.6050961233274,4192.143384899886,0,0,0,Ma-a,0.042725175692293,False,0.0757437306804382,0.0757437306804382,0.3653668329029319,0.14918992891067898,0.36484928714727427,Low Suitability,2,False,True,394
TALOMO_0768,7.07968475255849,125.58322594966707,391.0,14.786906168370864,125.59931518652314,4107.194126215767,0,0,0,Ma-a,0.06334363359956521,False,0.17827799056394056,0.17827799056394056,0.5769904716490234,0.39063170233135647,0.5690163064954069,Moderately Suitable,3,False,True,42
TALOMO_0769,7.079672184618947,125.58548746486267,530.0,36.444889282379364,277.93694570535,3903.9626394384463,2,0,0,Ma-a,0.02670591418921821,False,0.15833645946554548,0.21166979279887882,0.5358325271921609,0.4692607962408082,0.5315212928423858,Moderately Suitable,3,False,True,59
TALOMO_0770,7.079659605711021,125.58774897593987,431.0,42.34073642487526,306.21741985690727,3701.599715716087,3,0,0,Ma-a,0.023072981275557045,False,0.09566432923687183,0.17566432923687184,0.4064815740372844,0.3844772030776875,0.4045555082198566,Moderately Suitable,0,True,False,250
TALOMO_0771,7.0796470158348095,125.59001048289505,319.0,41.29145470857201,182.32134593107824,3500.9241034847596,3,0,0,Ma-a,0.02364543870365639,False,0.051748021846754214,0.13174802184675422,0.31584134529083496,0.28106561020712106,0.3241687338794378,Low Suitability,0,True,False,650
TALOMO_0772,7.079634414990407,125.59227198572462,178.0,5.972329735153458,312.59084781934735,3294.9176601346417,3,0,0,Ma-a,0.14342408319534108,False,0.0771249800546658,0.1571249800546658,0.3682176363214374,0.3408218107268502,0.3870937437789458,Low Suitability,0,True,False,303
TALOMO_0773,7.082315979993915,125.5153908446302,5.0,16.305127615858755,692.8903776165141,5290.8341354684,0,0,0,Catalunan Pequeño,0.05778634068457147,False,0.060315034829869996,0.060315034829869996,0.3335230690652285,0.11285932397958703,0.33455350140037726,Low Suitability,2,False,True,568
TALOMO_0774,7.082303737206826,125.51765249269218,2.0,86.86285639124243,934.8089312234174,5167.284302841032,1,0,0,Catalunan Pequeño,0.011381373666559664,False,0.014589173319293651,0.041255839985960316,0.23914804545202364,0.06797982898628294,0.2513159881796574,Low Suitability,1,False,True,1227
TALOMO_0775,7.082291483444932,125.51991413674341,3.0,35.604688686465884,1180.1010127936424,5040.834399474797,0,0,0,Catalunan Pequeño,0.027318904650860676,False,0.06027651219411415,0.06027651219411415,0.3334435610026355,0.11276861309422738,0.33364704871577816,Low Suitability,2,False,True,576
TALOMO_0776,7.082279218708329,125.52217577678032,3.0,37.50469991891672,1212.6974856212157,4917.816691667198,0,0,0,Catalunan Pequeño,0.025970855560640705,False,0.06072579624444129,0.06072579624444129,0.3343708522872153,0.11382656131566925,0.33266362476011097,Low Suitability,2,False,True,582
TALOMO_0777,7.082266942997112,125.5244374127993,3.0,19.052231162994584,1228.9209056136654,4804.667582960612,0,0,0,Catalunan Pequeño,0.04986976221605959,False,0.07534997789954952,0.07534997789954952,0.3645541543274712,0.14826274252619537,0.3646090224073075,Low Suitability,2,False,True,399
TALOMO_0778,7.0822546563113775,125.52669904479677,1.0,87.25435837724703,1294.1630472535537,4699.469396184859,0,0,0,Catalunan Pequeño,0.011330885164055664,False,0.0545365976491169,0.0545365976491169,0.32159677336810183,0.09925259270648709,0.3211780132246072,Low Suitability,2,False,True,670
TALOMO_0779,7.082242358651218,125.5289606727691,0.0,105.28036978571473,1264.6538034771363,4601.565307516124,3,0,0,Catalunan Pequeño,0.009409075279058836,False,-0.02806483805407796,0.05193516194592204,0.15111310860061483,0.09312688164822361,0.15354805894165835,Not Suitable,0,True,False,1492
TALOMO_0780,7.082230050016731,125.53122229671276,21.0,7.4589002258409804,1014.683061294886,4510.829988467729,0,0,0,Catalunan Grande,0.11821867775968244,False,0.11361884365417665,0.11361884365417665,0.44353845314506996,0.23837606489369478,0.44181199646035213,Moderately Suitable,2,False,True,171
TALOMO_0781,7.082217730408011,125.53348391662409,19.0,94.39520874553507,764.7314477045753,4426.114525689953,0,0,0,Catalunan Grande,0.010482706764314351,False,0.040264188308249196,0.040264188308249196,0.29213950511630166,0.06564474469392842,0.2912003886609256,Low Suitability,1,False,True,948
TALOMO_0782,7.0822053998251535,125.53574553249956,12.0,25.992853757739567,514.8268246098974,4343.228994351618,2,0,0,Catalunan Grande,0.03704684243374132,False,-0.009472911486132121,0.04386042184720121,0.18948556241340997,0.07411294843642403,0.1984035988085027,Not Suitable,0,False,True,1391
TALOMO_0783,7.082193058268255,125.53800714433551,14.0,38.398741842344755,265.10211535837345,4264.494217857833,1,0,0,Catalunan Grande,0.02538152116637455,False,0.0015676552771943936,0.02823432194386106,0.21227253054414932,0.03731750780421286,0.2212104538641932,Not Suitable,1,False,True,1320
TALOMO_0784,7.082180705737409,125.5402687521284,41.0,16.017193681772245,22.618660372769376,4196.8612537701965,0,0,0,Catalunan Grande,0.05876409581393773,False,0.04811259387121288,0.04811259387121288,0.30833807275092967,0.08412571836848025,0.31627177088341485,Low Suitability,2,False,True,704
TALOMO_0785,7.082168342232714,125.54253035587463,64.0,37.508263882081685,217.28704164493556,4140.297339774143,0,0,0,Catalunan Grande,0.02596845194221573,False,0.044412548241582056,0.044412548241582056,0.30070143383083897,0.0754130638901576,0.2963996692433572,Low Suitability,1,False,True,891
TALOMO_0786,7.082155967754264,125.5447919555706,60.0,37.66006700414604,126.23225459171567,4088.634599441831,0,0,0,Catalunan Grande,0.025866483880970938,False,0.039478510655786406,0.039478510655786406,0.2905179206441011,0.06379467618060282,0.29189856916346135,Low Suitability,1,False,True,938
TALOMO_0787,7.0821435823021535,125.5470535512127,0.0,52.31606206271885,331.14272713107783,4041.2623201447987,0,1,0,Catalunan Grande,0.018756073898024212,False,-0.0014138652124913442,0.02191946812084199,0.20611887794315323,0.022447653497424364,0.2096137108135142,Not Suitable,1,False,True,1362
TALOMO_0788,7.082131185876483,125.54931514279735,3.0,138.3055623470628,573.0413853853029,4005.6307135657503,2,0,0,Catalunan Grande,0.0071784642562127,False,-0.027942963943172867,0.025390369390160462,0.15136464835764807,0.030620732025366894,0.16052725923492758,Not Suitable,0,False,True,1478
TALOMO_0789,7.0821187784773425,125.55157673032097,5.0,96.24392200835597,819.8154383742764,3980.682144737102,2,0,0,Catalunan Grande,0.010283419049203631,False,-0.016034170850201625,0.037299162483131705,0.1759435757354073,0.05866287254438692,0.17864374142786224,Not Suitable,0,False,True,1445
TALOMO_0790,7.082106360104833,125.55383831377995,2.0,37.76303683074368,1043.217389843976,3967.1628605528226,0,0,0,Catalunan Grande,0.025797772356341328,False,0.05382731845448398,0.05382731845448398,0.32013287004227053,0.09758242288425273,0.31943595955995213,Low Suitability,2,False,True,684
TALOMO_0791,7.082093930759049,125.55609989317071,5.0,36.977249692388995,837.7921246713889,3962.6656782240475,2,0,0,Catalunan Grande,0.026331553972440757,False,-0.005944724147674357,0.04738860918565897,0.19676749767671267,0.08242092090265611,0.19028780794449374,Not Suitable,0,False,True,1416
TALOMO_0792,7.0820814904400855,125.55836146848966,14.0,100.24105848410392,663.6932769359066,3959.624986254061,0,0,0,Catalunan Grande,0.009877415496964725,False,0.034302514990548594,0.034302514990548594,0.2798350226736456,0.05160653951240387,0.28015941406960426,Low Suitability,1,False,True,1041
TALOMO_0793,7.082069039148043,125.56062303973319,49.0,5.714581333122725,551.436204413932,3948.7479521591627,0,0,0,Matina Pangi,0.14892961308950797,False,0.12389040637184627,0.12389040637184627,0.4647382499777741,0.2625629495620347,0.4619743084598257,Moderately Suitable,3,False,True,138
TALOMO_0794,7.082056576883013,125.5628846068977,90.0,144.91123398351954,540.9944632128556,3953.680658272098,0,2,0,Matina Pangi,0.006853481892374021,False,0.008029653263564453,0.05469631993023112,0.22560964858644358,0.09962869754062575,0.2196735921416097,Not Suitable,1,False,True,1328
TALOMO_0795,7.082044103645095,125.56514616997963,31.0,337.80124310933405,637.391662100696,3973.994437102932,0,0,0,Matina Pangi,0.002951583030872444,False,0.03524495409060878,0.03524495409060878,0.2817801519589979,0.05382574085952482,0.28210395930310045,Low Suitability,1,False,True,1020
TALOMO_0796,7.082031619434384,125.56740772897537,27.0,349.5296341239269,803.0325352088854,4006.9994800588684,0,0,0,Matina Pangi,0.0028528258459496127,False,0.04007290379967457,0.04007290379967457,0.2917447070869765,0.06519431894325119,0.2901954464746574,Low Suitability,1,False,True,959
TALOMO_0797,7.082019124250978,125.56966928388131,6.0,269.4506353066632,1004.2182901603276,4052.891440622804,0,0,0,Matina Pangi,0.003697532449373258,False,0.04080355035941936,0.04080355035941936,0.2932527111803028,0.06691480340697026,0.2933338796664701,Low Suitability,1,False,True,924
TALOMO_0798,7.082006618094974,125.5719308346939,9.0,36.73560402763779,1223.538922953027,4106.613643117924,0,1,0,Matina Pangi,0.026500172072708675,False,0.04023318357754009,0.06356651691087342,0.29207551349107846,0.1205157268323991,0.2887628473403368,Low Suitability,1,False,True,969
TALOMO_0799,7.081994100966468,125.5741923814095,20.0,31.676923433912474,1012.126983833619,4169.38071279991,0,0,0,Matina Pangi,0.030602636200511728,False,0.0618161742112637,0.0618161742112637,0.3366213171875296,0.11639412059105242,0.333732670377496,Low Suitability,2,False,True,575
TALOMO_0800,7.081981572865558,125.57645392402456,6.0,270.29546131848343,763.1331704710374,4245.962251680237,0,2,0,Matina Pangi,0.0036860181705217114,False,-0.015036424922689175,0.031630241743977494,0.17800285449710296,0.04531402428432478,0.17266172059002324,Not Suitable,0,False,True,1460
TALOMO_0801,7.0819690337923396,125.57871546253546,1.0,291.8149685168737,515.1149777886643,4331.130123144685,0,1,0,Matina Pangi,0.0034151259584339665,False,-0.0030572585982624988,0.020276074735070836,0.202727027369664,0.01857788534442635,0.20522579080506417,Not Suitable,1,False,True,1377
TALOMO_0802,7.081956483746912,125.58097699693862,55.0,130.02459077128646,270.76677198514363,4421.605458486734,0,2,0,Ma-a,0.007632155110070729,False,-0.014145157299766918,0.03252150936689975,0.1798423693838704,0.04741272998245217,0.18276616256004444,Not Suitable,0,False,True,1431
TALOMO_0803,7.081943922729371,125.58323852723045,275.0,70.79317937229787,79.28334806435345,4252.455247467673,0,0,0,Ma-a,0.013928899774925696,False,0.10660138295288692,0.10660138295288692,0.4290548983795513,0.22185175235119092,0.42977602262207676,Moderately Suitable,2,False,True,193
TALOMO_0804,7.081931350739814,125.58550005340733,379.0,12.16346233742847,253.48975077768344,4052.072531060317,0,0,0,Ma-a,0.0759678551407132,False,0.18630326551119633,0.18630326551119633,0.5935540854909309,0.4095291578516428,0.5840506674780748,Moderately Suitable,3,False,True,37
TALOMO_0805,7.081918767778338,125.58776157546569,389.0,33.852261532769326,255.205341404142,3849.4516831893156,3,0,0,Ma-a,0.028692542636286737,False,0.08219052107743564,0.16219052107743565,0.3786725635299053,0.35274985516060664,0.3919438217871033,Low Suitability,0,True,False,282
TALOMO_0806,7.0819061738450415,125.59002309340197,309.0,47.0077047896071,67.83606149757786,3643.0353201062503,3,0,0,Ma-a,0.020829989777317662,False,0.04221444567022381,0.12221444567022381,0.29616470176668314,0.2586164937682069,0.309865475592599,Low Suitability,0,True,False,761
TALOMO_0807,7.0818935689400195,125.59228460721252,231.0,70.67206952613101,262.81875160992917,3442.111587062197,3,0,0,Ma-a,0.013952436515530067,False,0.01805959698297832,0.09805959698297832,0.2463107604756063,0.2017380464045367,0.2811986896841592,Low Suitability,0,True,False,1024
TALOMO_0808,7.08457526978162,125.5154030967171,2.0,60.196916309664545,664.2190397999556,5507.949653816602,0,0,0,Catalunan Pequeño,0.016340692641110655,False,0.0338741419669368,0.0338741419669368,0.2789508903055923,0.050597831373056866,0.27922098700366704,Low Suitability,1,False,True,1049
TALOMO_0809,7.0845630230505225,125.51766475576687,1.0,80.09586823402408,913.7601410295196,5384.171952000399,0,0,0,Catalunan Pequeño,0.01233108445320826,False,0.04065910879663796,0.04065910879663796,0.29295459375948457,0.06657468072882133,0.29282553268826556,Low Suitability,1,False,True,929
TALOMO_0810,7.084550765341087,125.51992641080578,3.0,36.20959731677725,1163.4982844146355,5257.30132088887,0,0,0,Catalunan Pequeño,0.026874786939688675,False,0.05938494095669387,0.05938494095669387,0.3316034194764899,0.11066919246215572,0.3308021250484755,Low Suitability,2,False,True,592
TALOMO_0811,7.084538496653406,125.52218806183026,1.0,148.51844812048424,1413.3290205530036,5139.467554964416,0,0,0,Catalunan Pequeño,0.006688137902516115,False,0.05634638701466457,0.05634638701466457,0.3253320537644916,0.10351418053510339,0.3263639490616587,Low Suitability,2,False,True,633
TALOMO_0812,7.084526216987578,125.52444970883676,3.0,67.49654029181494,1476.0295318394483,5031.225436936702,0,0,0,Catalunan Grande,0.014599277507151643,False,0.06407326137173412,0.06407326137173412,0.3412797893743726,0.12170897952121086,0.34154558652516465,Low Suitability,2,False,True,523
TALOMO_0813,7.084513926343693,125.52671135182162,2.0,127.94081520723313,1530.7758096744517,4928.13278402902,0,0,0,Catalunan Grande,0.007755496181661364,False,0.061790591271422245,0.061790591271422245,0.3365685157646176,0.11633387935683807,0.3360102703271086,Low Suitability,2,False,True,560
TALOMO_0814,7.0845016247218515,125.52897299078127,12.0,5.595891062601232,1285.762085628436,4833.57064802433,0,0,0,Catalunan Grande,0.15160953850041733,False,0.1403190702216728,0.1403190702216728,0.49864587877996003,0.30124822158078274,0.49856984062301724,Moderately Suitable,3,False,True,86
TALOMO_0815,7.084489312122146,125.5312346257121,29.0,64.08568837307219,1040.8730052552808,4745.186252949193,1,0,0,Catalunan Grande,0.015364360814131431,False,0.030488625852088717,0.05715529251875538,0.27196341860518986,0.10541894465647446,0.285998306257359,Low Suitability,1,False,True,990
TALOMO_0816,7.0844769885446714,125.53349625661058,31.0,53.20224149882862,799.1552322914077,4661.974629765996,0,0,0,Catalunan Grande,0.018449421506334038,False,0.05047894557942147,0.05047894557942147,0.31322205942634046,0.08969786716651199,0.3076428404998379,Low Suitability,1,False,True,791
TALOMO_0817,7.084464653989526,125.53575788347302,13.0,30.918817046515716,564.6959868179588,4579.346117710957,0,0,0,Catalunan Grande,0.031329481870919176,False,0.04275860753416487,0.04275860753416487,0.29728781431311296,0.07151845951123911,0.29613026823911254,Low Suitability,1,False,True,896
TALOMO_0818,7.084452308456804,125.53801950629591,9.0,126.47062239843972,352.2982114031841,4503.774184017932,3,0,0,Catalunan Grande,0.00784494482873287,False,-0.060493847858508226,0.019506152141491775,0.08418186958310457,0.016764915936917268,0.11090164620501441,Not Suitable,0,True,False,1528
TALOMO_0819,7.0844399519465995,125.54028112507564,1.0,66.80419624149839,233.123362165736,4439.736413788106,0,0,0,Catalunan Grande,0.014748349739864141,False,0.01619665405470487,0.01619665405470487,0.24246577479271886,0.008971900333020215,0.24650118752341857,Not Suitable,1,False,True,1252
TALOMO_0820,7.084427584459008,125.54254273980857,24.0,84.93870896575997,331.0271502717432,4384.320125161745,0,0,0,Catalunan Grande,0.011636199938707757,False,0.026215140979992824,0.026215140979992824,0.26314324064918926,0.03256285669220869,0.2607996080457471,Low Suitability,1,False,True,1175
TALOMO_0821,7.084415205994129,125.54480435049116,13.0,115.15524658322404,365.08631609909156,4333.229582921782,0,1,0,Catalunan Grande,0.008609167725226343,False,-0.0014808537492401325,0.021852479584093202,0.20598061822472194,0.022289912746870744,0.20995792963923662,Not Suitable,1,False,True,1359
TALOMO_0822,7.084402816552056,125.54706595711978,0.0,93.81986168716148,476.45455379847675,4288.037872397578,0,1,0,Catalunan Grande,0.010546313633100343,False,-0.0007006096735277904,0.022632723659805544,0.2075909881693622,0.02412718658641475,0.20743727728191694,Not Suitable,1,False,True,1372
TALOMO_0823,7.084390416132885,125.5493275596909,0.0,30.394298630282904,667.6300363732936,4254.104001274525,0,0,0,Catalunan Grande,0.031852917364919284,False,0.042389579587102016,0.042389579587102016,0.29652616608894705,0.07064949374231583,0.29747593279825574,Low Suitability,1,False,True,883
TALOMO_0824,7.0843780047367115,125.55158915820084,3.0,37.88028350644722,888.5104327470247,4229.894890174941,0,1,0,Catalunan Grande,0.0257199770632891,False,0.02491915193833714,0.048252485271670476,0.26046840867515586,0.08445512658629113,0.2701383644656037,Low Suitability,1,False,True,1118
TALOMO_0825,7.084365582363634,125.55385075264606,3.0,75.06783883309645,1121.6825365194934,4217.0656173920115,0,2,0,Catalunan Grande,0.013146160260897393,False,0.0030818983063008246,0.04974856497296749,0.21539782369133248,0.08797800895429415,0.21588293395387168,Not Suitable,1,False,True,1343
TALOMO_0826,7.0843531490137455,125.55611234302297,12.0,54.506758614129076,1014.9008151360089,4212.643075079763,2,0,0,Catalunan Grande,0.0180158241080475,False,-0.001613279912332885,0.051720053421000445,0.20570729975994037,0.09262035647513527,0.20470455608862245,Not Suitable,1,False,True,1379
TALOMO_0827,7.084340704687146,125.55837392932793,17.0,53.96361303561951,876.7079252819933,4208.962332277664,0,0,0,Matina Pangi,0.01819385489363561,False,0.04833524127032969,0.04833524127032969,0.30879760162266473,0.08464999564859463,0.30272749304716867,Low Suitability,1,False,True,832
TALOMO_0828,7.084328249383928,125.56063551155741,14.0,71.81029065871559,795.116285797731,4198.731269377208,3,0,0,Matina Pangi,0.013734322318356208,False,-0.03843994479393903,0.04156005520606097,0.12969960404942266,0.06869617747630098,0.13120766617647353,Not Suitable,0,True,False,1518
TALOMO_0829,7.0843157831041905,125.56289708970777,2.0,246.92784309708225,787.9105467179006,4203.370627289443,0,2,0,Matina Pangi,0.004033431612634267,False,-0.015302895662210374,0.031363771004456295,0.17745287727406636,0.04468655432464675,0.16829770944894767,Not Suitable,0,False,True,1464
TALOMO_0830,7.08430330584803,125.56515866377546,3.0,460.0204145243335,856.9691659084491,4222.709053912204,0,3,0,Matina Pangi,0.002169101342359793,False,-0.036750129315580776,0.03324987068441923,0.1331872666194353,0.049127833289314964,0.1482181325494343,Not Suitable,0,True,False,1499
TALOMO_0831,7.084290817615543,125.56742023375685,0.0,509.8532245261441,986.4021862335591,4254.212515824898,0,2,0,Matina Pangi,0.001957509421473413,False,-0.009678632788676915,0.036988033877989754,0.18906096783729873,0.05793024481320006,0.1907561073779577,Not Suitable,0,False,True,1415
TALOMO_0832,7.084278318406825,125.56968179964835,7.0,260.2364826335949,1156.1065671878466,4297.465340356265,0,0,0,Matina Pangi,0.0038279492585366805,False,0.047008143338755144,0.047008143338755144,0.30605856304598494,0.08152502182553954,0.3061711350513264,Low Suitability,1,False,True,800
TALOMO_0833,7.084265808221975,125.5719433614464,24.0,22.265291987843483,1074.229028076327,4350.699820354587,0,1,0,Matina Pangi,0.04298248225393076,False,0.04951219357415999,0.07284552690749332,0.3112267499819561,0.1423654054833938,0.31986826404604457,Low Suitability,2,False,True,680
TALOMO_0834,7.084253287061088,125.57420491914736,21.0,34.66181797742927,884.5816319488029,4409.994199685421,0,1,0,Ma-a,0.02804119522546243,False,0.03248506481031822,0.055818398143651554,0.27608393088425653,0.10227090273206854,0.2781814556124378,Low Suitability,1,False,True,1058
TALOMO_0835,7.084240754924262,125.57646647274767,21.0,199.45397618419148,732.1211118391576,4482.466815904461,0,1,0,Ma-a,0.004988676298848411,False,0.01317693830482915,0.036510271638162485,0.23623328980971267,0.056805237790294824,0.24197978183823513,Not Suitable,1,False,True,1264
TALOMO_0836,7.084228211811594,125.57872802224374,68.0,71.63666704537165,605.9913963682233,4566.675244994181,0,0,0,Ma-a,0.01376715150456121,False,0.05345280387958519,0.05345280387958519,0.3193598977967637,0.09670053751990532,0.31703226972753407,Low Suitability,2,False,True,699
TALOMO_0837,7.084215657723181,125.58098956763196,145.0,32.30829441215552,418.56514061893364,4601.720001618906,0,0,0,Ma-a,0.030022551969369538,False,0.08303834747786176,0.08303834747786176,0.38042241873037225,0.16636687267557554,0.3769891436425619,Low Suitability,2,False,True,344
TALOMO_0838,7.084203092659121,125.58325110890877,151.0,27.46766196852742,328.8890107777795,4401.17013838679,2,0,0,Ma-a,0.035127577428225594,False,0.031405705140161985,0.08473903847349532,0.2738562069881288,0.1703715619422936,0.27097793956916133,Low Suitability,1,False,True,1108
TALOMO_0839,7.08419051661951,125.58551264607051,140.0,17.72583357766655,407.60174911232286,4196.248588642427,0,0,0,Ma-a,0.053402162090805644,False,0.09455924098596233,0.09455924098596233,0.40420074812545037,0.19349560957919199,0.3975170426413889,Low Suitability,2,False,True,270
TALOMO_0840,7.084177929604447,125.58777417911365,146.0,32.24638296479376,401.85871191077587,3992.1085030364793,2,0,0,Ma-a,0.03007845999545122,False,0.029455613954359056,0.08278894728769239,0.2698313533139015,0.16577959946295015,0.26620137506925434,Low Suitability,1,False,True,1136
TALOMO_0841,7.084165331614027,125.59003570803459,137.0,66.36963327369308,317.74579351564427,3793.006306924758,2,0,0,Ma-a,0.01484348290775818,False,0.01415072246657298,0.06748405579990631,0.23824311313994084,0.12974052191930213,0.24343000957549965,Not Suitable,1,False,True,1260
TALOMO_0842,7.084152722648351,125.59229723282971,82.0,63.57169048611155,406.7362219610947,3600.149557277488,3,0,0,Ma-a,0.015486662846701927,False,-0.028172845171781133,0.05182715482821887,0.1508901893608915,0.09287255270422051,0.15267877835839144,Not Suitable,0,True,False,1493
TALOMO_0843,7.086834559329232,125.51541535281123,0.0,28.207121487114193,726.1382721438076,5725.576934294522,0,0,0,Catalunan Pequeño,0.034238225100038946,False,0.04601223220838752,0.04601223220838752,0.30400307117901687,0.07917990761923864,0.30451443932223005,Low Suitability,1,False,True,818
TALOMO_0844,7.086822308654092,125.51767702285237,0.0,36.03258861588553,959.7121718377375,5598.527783658772,0,0,0,Catalunan Pequeño,0.027003243288562313,False,0.050652721353119975,0.050652721353119975,0.31358072063477727,0.09010706435608537,0.31358175154096796,Low Suitability,2,False,True,726
TALOMO_0845,7.086810046997076,125.51993868888256,0.0,104.7206382790899,1199.9242123046854,5476.625139108141,0,1,0,Catalunan Pequeño,0.009458891057393346,False,0.026169871712564043,0.04950320504589738,0.26304980800426125,0.08740024952066207,0.26486927293077667,Low Suitability,1,False,True,1145
TALOMO_0846,7.086797774358281,125.52220035089826,3.0,219.83441059114625,1443.464158812588,5363.61188791875,0,2,0,Catalunan Grande,0.00452827979717076,False,0.010265701822861878,0.05693236848952855,0.23022469855188069,0.10489401598369949,0.229042059104662,Not Suitable,1,False,True,1303
TALOMO_0847,7.086785490737802,125.52446200889582,10.0,152.93317473881524,1688.892962942899,5258.14672650824,0,0,0,Catalunan Grande,0.0064963254457445,False,0.06988888626691435,0.06988888626691435,0.3532828379485635,0.1354032782837621,0.3538040157813932,Low Suitability,2,False,True,451
TALOMO_0848,7.086773196135733,125.52672366287166,12.0,25.530489647059536,1589.5869170323492,5158.776295631082,0,0,0,Catalunan Grande,0.037692481869094845,False,0.08510346056425608,0.08510346056425608,0.38468466967226694,0.17122968210590447,0.3818873103650661,Low Suitability,2,False,True,330
TALOMO_0849,7.086760890552171,125.5289853128222,7.0,26.87323790913816,1353.5209784225672,5066.7071937967685,0,0,0,Catalunan Grande,0.035876707372850744,False,0.07329827582013504,0.07329827582013504,0.3603195827787816,0.14343151256318057,0.3583626394041706,Low Suitability,2,False,True,436
TALOMO_0850,7.08674857398721,125.53124695874385,8.0,57.48976445389487,1123.4996712325099,4980.720265180374,2,0,0,Catalunan Grande,0.017097008499465917,False,0.0005651705577923299,0.05389850389112566,0.21020347124291422,0.09775004625310545,0.20970738291181457,Not Suitable,1,False,True,1361
TALOMO_0851,7.086736246440946,125.533508600633,8.0,181.7404527503651,904.1482088071248,4897.834733842039,0,0,0,Catalunan Grande,0.005472242105944996,False,0.03874493779581839,0.03874493779581839,0.2890038768689942,0.062067301033552555,0.2891618531301164,Low Suitability,1,False,True,965
TALOMO_0852,7.086723907913473,125.53577023848608,8.0,135.8487510543339,705.490223687548,4816.741889995958,0,0,0,Catalunan Grande,0.0073073374239488965,False,0.03226710960247482,0.03226710960247482,0.275634086371604,0.04681368406013952,0.2756195015435314,Low Suitability,1,False,True,1070
TALOMO_0853,7.08671155840489,125.53803187229948,0.0,28.33759982982251,550.4079650116637,4744.159869472138,0,0,0,Catalunan Grande,0.03408595133210152,False,0.039241349906866105,0.039241349906866105,0.2900284372196214,0.06323622369974276,0.28974677935982324,Low Suitability,1,False,True,960
TALOMO_0854,7.08669919791529,125.5402935020696,0.0,62.023127312498694,482.8886001738446,4682.831550237691,0,0,0,Catalunan Grande,0.015867191024043024,False,0.025995966782430845,0.025995966782430845,0.26269088022585346,0.03204675790720217,0.2631091353711639,Low Suitability,1,False,True,1155
TALOMO_0855,7.086686826444768,125.54255512779288,1.0,17.43757956803333,537.0417790148449,4628.722527464687,0,0,0,Catalunan Grande,0.05423705407263858,False,0.0508969011761361,0.0508969011761361,0.31408469094395747,0.09068204494861654,0.3181887761983836,Low Suitability,2,False,True,693
TALOMO_0856,7.086674443993421,125.5448167494657,1.0,86.07555146007084,612.8959571626361,4578.0544063447305,0,0,0,Catalunan Grande,0.01148427983782058,False,0.028723305148338277,0.028723305148338277,0.26831991845893693,0.0384689373088101,0.2695161711233856,Low Suitability,1,False,True,1122
TALOMO_0857,7.0866620505613485,125.54707836708442,0.0,119.59838680130319,685.1002685292159,4534.862579360994,0,0,0,Catalunan Grande,0.008291984880756248,False,0.029244590256754115,0.029244590256754115,0.2693958149601888,0.03969642947754189,0.26999480253713304,Low Suitability,1,False,True,1120
TALOMO_0858,7.08664964614864,125.54933998064556,0.0,110.1309941695895,829.5078670942811,4502.744889119938,3,0,0,Catalunan Grande,0.008998389760411642,False,-0.044850701757478934,0.03514929824252107,0.11646824394322419,0.053600495974287475,0.12592494743805355,Not Suitable,0,True,False,1523
TALOMO_0859,7.0866372307553975,125.55160159014542,3.0,202.0747812022781,1015.7776455523143,4479.195377121586,0,0,0,Catalunan Grande,0.004924294361316697,False,0.04090294077402364,0.04090294077402364,0.2934578461392808,0.06714884223448352,0.2938857395952357,Low Suitability,1,False,True,916
TALOMO_0860,7.086624804381713,125.55386319558049,4.0,159.32631744186816,1224.9592437449921,4466.979256794247,0,3,0,Catalunan Grande,0.006237279168858753,False,-0.02002094224386071,0.0499790577561393,0.16771515461905503,0.08852076009321004,0.17406399400395564,Not Suitable,0,True,False,1456
TALOMO_0861,7.086612367027684,125.55612479694713,21.0,79.27289999502858,1217.8471517255646,4462.620471935478,3,0,0,Matina Pangi,0.012457504339097397,False,-0.02064387172039725,0.05935612827960275,0.16642947115426346,0.11060134602856582,0.16185260757013428,Not Suitable,0,True,False,1475
TALOMO_0862,7.086599918693409,125.55838639424174,29.0,93.11568455986023,1105.3256563812279,4458.373896085544,2,0,0,Matina Pangi,0.01062522155235424,False,0.003494937622166794,0.056828270955500124,0.21625030834444323,0.1046488931023026,0.2090862734810083,Not Suitable,1,False,True,1365
TALOMO_0863,7.086587459378981,125.56064798746074,5.0,260.0782474233077,1041.7955309671443,4448.71646154379,0,1,0,Matina Pangi,0.003830269315308439,False,0.01862373532735524,0.04195706866068857,0.24747510309951448,0.0696310419076244,0.24608193770510484,Not Suitable,1,False,True,1253
TALOMO_0864,7.0865749890844985,125.56290957660055,0.0,415.39714120998946,1036.306446005059,4453.095385585672,0,0,0,Matina Pangi,0.002401553471510745,False,0.03914575575051791,0.03914575575051791,0.289831137475787,0.06301112408266271,0.2905845827082752,Low Suitability,1,False,True,953
TALOMO_0865,7.086562507810058,125.56517116165759,0.0,575.2312068903992,1089.7358265745684,4471.463600922281,0,1,0,Matina Pangi,0.0017354145142475818,False,0.017453489934000515,0.04078682326733385,0.24505979734074707,0.0668754154133193,0.247534335627397,Not Suitable,1,False,True,1251
TALOMO_0866,7.086550015555756,125.56743274262823,0.0,390.5146411927135,1194.2015296459303,4501.587062539246,0,2,0,Matina Pangi,0.0025541828958263006,False,-0.0014279526262573963,0.04523871404040927,0.20608980249300535,0.07735847156009143,0.20631343550810397,Not Suitable,1,False,True,1373
TALOMO_0867,7.08653751232169,125.56969431950887,15.0,210.57123685952809,1181.7299903030546,4542.630039267252,2,1,0,Matina Pangi,0.0047265404071156715,False,-0.02533323593829373,0.05133343072837293,0.1567509469192956,0.09170995961208944,0.16118949150499737,Not Suitable,0,False,True,1476
TALOMO_0868,7.086524998107955,125.57195589229596,37.0,20.52604611089103,948.6845781402028,4595.421878328976,0,0,0,Matina Pangi,0.04645534971208918,False,0.07469712413776489,0.07469712413776489,0.36320670920234993,0.14672544006544974,0.3606040213078698,Low Suitability,2,False,True,421
TALOMO_0869,7.08651247291465,125.57421746098589,36.0,132.505510749892,726.993182650602,4651.597806587563,0,2,0,Ma-a,0.00749032751070022,False,-0.0035894573626488666,0.0430772093040178,0.20162860583540237,0.0722686846205407,0.1944057381833204,Not Suitable,0,False,True,1403
TALOMO_0870,7.0864999367418715,125.57647902557504,95.0,118.80624349904797,531.0703780478144,4720.362493355341,0,1,0,Ma-a,0.008346810406487258,False,0.03362612855628104,0.05695946188961437,0.27843900773599617,0.10495781396275693,0.27784835200504243,Low Suitability,1,False,True,1062
TALOMO_0871,7.086487389589715,125.57874058605988,147.0,20.063219692963806,400.68991160153445,4801.1474403792145,0,0,0,Ma-a,0.0474761225765523,False,0.0932944561555414,0.0932944561555414,0.4015903194906834,0.19051736706006364,0.39768550445084994,Low Suitability,2,False,True,269
TALOMO_0872,7.086474831458279,125.58100214243676,188.0,22.432178784541893,405.05439644403623,4750.820780857291,0,0,0,Ma-a,0.04267635584360152,False,0.10512206826831505,0.10512206826831505,0.426001694925844,0.21836834727959742,0.4209760160036464,Moderately Suitable,2,False,True,210
TALOMO_0873,7.086462262347663,125.5832636947021,142.0,3.773884325903534,529.6482000180392,4544.086946148596,3,0,0,Ma-a,0.20947302693823314,False,0.11138012848180474,0.19138012848180475,0.43891789947421195,0.4214838625564913,0.4648998505355922,Moderately Suitable,0,True,False,132
TALOMO_0874,7.086449682257961,125.58552524285231,65.0,31.770836100699977,626.9141233131679,4341.821481454114,0,0,0,Ma-a,0.030514937028983526,False,0.0630052007717348,0.0630052007717348,0.33907538597954634,0.11919397189666096,0.33092326179692816,Low Suitability,2,False,True,590
TALOMO_0875,7.086437091189272,125.58778678688383,65.0,58.24896017353295,618.7496120370268,4144.352966502027,3,0,0,Ma-a,0.01687793333538888,False,-0.025297983942527524,0.05470201605747248,0.15682370460658548,0.09964211045319123,0.15504877307673923,Not Suitable,0,True,False,1490
TALOMO_0876,7.086424489141693,125.59004832679302,60.0,80.51346869639151,567.7350150856205,3952.7534299172244,3,0,0,Ma-a,0.012267911254330766,False,-0.03170486004301477,0.048295139956985235,0.14360035433399398,0.08455556738411615,0.14348846205581867,Not Suitable,0,True,False,1505
TALOMO_0877,7.089093848636678,125.5154276129127,0.0,54.163637651585205,859.2826355229191,5941.195966316761,0,1,0,Catalunan Pequeño,0.018127883558296552,False,0.018298930476488822,0.041632263809822156,0.2468047282950264,0.0688662101401944,0.25446567452891344,Low Suitability,1,False,True,1202
TALOMO_0878,7.089081594017458,125.51768929394879,0.0,199.33888340039135,1064.0194125168612,5815.730313562572,0,0,0,Catalunan Pequeño,0.004991542245952473,False,0.04171747302077847,0.04171747302077847,0.2951389845034737,0.06906685588561103,0.2955503214355797,Low Suitability,1,False,True,903
TALOMO_0879,7.089069328412827,125.5199509709739,0.0,333.96040758295624,1284.8766371579177,5698.475993632217,0,0,0,Catalunan Pequeño,0.0029854274635498232,False,0.04893912686119749,0.04893912686119749,0.3100439798212392,0.0860719906790164,0.31109335404165456,Low Suitability,2,False,True,749
TALOMO_0880,7.08905705182288,125.52221264398433,7.0,327.29512693590806,1514.8196708571459,5589.9407298082715,0,0,0,Catalunan Grande,0.0030460397305721405,False,0.06018888188728112,0.06018888188728112,0.3332626980947888,0.11256226629159571,0.333906816511767,Low Suitability,2,False,True,574
TALOMO_0881,7.0890447642477135,125.5244743129766,20.0,145.65367068540783,1750.2712069040226,5486.309062460194,0,0,0,Catalunan Grande,0.006818786023741177,False,0.07594206211634558,0.07594206211634558,0.36577617530411716,0.14965694836022644,0.3635256609407506,Low Suitability,2,False,True,405
TALOMO_0882,7.089032465687422,125.52673597794703,12.0,33.6626368791635,1682.4450852823718,5390.698738146922,1,0,0,Catalunan Grande,0.028849507424552653,False,0.0567845200299659,0.08345118669663257,0.32623633008206787,0.16733900270539076,0.32861422279255526,Low Suitability,2,False,True,615
TALOMO_0883,7.0890201561421025,125.52899763889205,4.0,19.562626042116477,1461.4561017082865,5300.903552497893,0,0,0,Catalunan Grande,0.04863192074552126,False,0.08381898853696587,0.08381898853696587,0.38203360802134595,0.16820508130876058,0.3851996892624134,Low Suitability,2,False,True,315
TALOMO_0884,7.0890078356118496,125.5312592958081,0.0,17.544383483202523,1251.4337415340678,5216.580369256417,0,0,0,Catalunan Grande,0.05392468295890228,False,0.07752344821283545,0.07752344821283545,0.3690400471103007,0.15338070531749246,0.3687858576747571,Low Suitability,2,False,True,383
TALOMO_0885,7.088995504096757,125.53352094869156,1.0,156.58778925838098,1058.9234541172134,5133.694837918083,0,0,0,Catalunan Grande,0.006345669323150411,False,0.04267042336069738,0.04267042336069738,0.297105808262743,0.07131080849533654,0.29772312476789686,Low Suitability,1,False,True,880
TALOMO_0886,7.088983161596922,125.53578259753881,1.0,35.477301392759806,895.2940041735478,5054.937228526062,0,0,0,Catalunan Grande,0.02741430867466761,False,0.04879738161732814,0.04879738161732814,0.30975142741664136,0.08573821713744458,0.309454632775511,Low Suitability,1,False,True,769
TALOMO_0887,7.088970808112441,125.53804424234632,0.0,93.23520776146995,778.9633021771174,4985.491333218161,0,0,0,Catalunan Grande,0.010611745055321786,False,0.03417308823837392,0.03417308823837392,0.279567894786075,0.05130177284603659,0.28030236091783733,Low Suitability,1,False,True,1038
TALOMO_0888,7.088958443643406,125.54030588311046,0.0,42.3635987109998,732.8139589065245,4926.486968801092,0,0,0,Catalunan Grande,0.02306081666940469,False,0.039714890567125946,0.039714890567125946,0.2910057924736826,0.06435128999007184,0.29171155465610593,Low Suitability,1,False,True,939
TALOMO_0889,7.088946068189918,125.54256751982761,0.0,9.258023089719453,769.5770075813257,4873.590694930616,0,0,0,Catalunan Grande,0.09748467041395098,False,0.084733092597646,0.084733092597646,0.38392025574020106,0.17035756093608134,0.3804272982440073,Low Suitability,2,False,True,332
TALOMO_0890,7.088933681752068,125.54482915249424,0.0,23.747456398552323,861.9715136881276,4823.406647178908,0,0,0,Catalunan Grande,0.04040819322580958,False,0.054793161738066726,0.054793161738066726,0.32212630394780106,0.09985673505561497,0.32458414262624524,Low Suitability,2,False,True,648
TALOMO_0891,7.088921284329955,125.54709078110672,0.0,23.452035636192342,914.7217139886326,4781.976793532912,0,0,0,Catalunan Grande,0.04089639058597902,False,0.05708497081147951,0.05708497081147951,0.3268564397675551,0.10525335514781707,0.32669786514429877,Low Suitability,2,False,True,632
TALOMO_0892,7.088908875923675,125.54935240566147,1.0,68.4719818668515,1027.3445077844149,4751.442230729915,0,0,0,Catalunan Grande,0.014394292103492579,False,0.04618708566035293,0.04618708566035293,0.30436395664104954,0.07959164246356502,0.3023472940647007,Low Suitability,1,False,True,836
TALOMO_0893,7.088896456533323,125.55161402615487,1.0,90.05499378267731,1182.8599499971674,4728.569727827506,0,0,0,Catalunan Grande,0.010982374040755184,False,0.05010035626443351,0.05010035626443351,0.3124406771983986,0.08880638683873988,0.3130132938311639,Low Suitability,2,False,True,736
TALOMO_0894,7.088884026158995,125.55387564258332,0.0,311.35817146198093,1366.7035468380848,4716.90204900105,0,0,0,Catalunan Grande,0.0032014529836678733,False,0.052176971169720095,0.052176971169720095,0.3167266671009972,0.093696280090165,0.3182137324953061,Low Suitability,2,False,True,692
TALOMO_0895,7.088871584800788,125.55613725494328,17.0,104.0999651621686,1435.715746716043,4712.597868791194,3,0,0,Matina Pangi,0.009514751013066524,False,-0.015497002944165825,0.06450299705583418,0.17705225323522122,0.12272089637504247,0.17659404408343596,Not Suitable,0,True,False,1450
TALOMO_0896,7.088859132458801,125.55839886323115,19.0,146.36895551424166,1341.593391105117,4707.847882001048,0,0,0,Matina Pangi,0.006785689676027869,False,0.06003083457287776,0.06003083457287776,0.3329364993412591,0.11219010557265864,0.3330564290233828,Low Suitability,2,False,True,580
TALOMO_0897,7.088846669133124,125.56066046744328,4.0,300.57918322936143,1289.7542202859618,4698.7032294001565,0,0,0,Matina Pangi,0.0033158787330472518,False,0.05073044285171332,0.05073044285171332,0.3137411324460081,0.09029007846741373,0.3131803385629344,Low Suitability,2,False,True,734
TALOMO_0898,7.08883419482386,125.56292206757612,0.0,530.073279905909,1285.3245000520185,4702.849391155236,0,2,0,Matina Pangi,0.0018829793134709611,False,0.0016433355226679186,0.04831000218933459,0.2124287293497632,0.08459056411339956,0.21344629852932645,Not Suitable,1,False,True,1353
TALOMO_0899,7.088821709531103,125.56518366362609,0.0,452.62048833465434,1328.7784586312698,4720.251344346281,0,2,0,Matina Pangi,0.0022044859650657118,False,0.003483983352340625,0.050150650019007294,0.2162276994872373,0.0889248156771601,0.21708505348649776,Not Suitable,1,False,True,1338
TALOMO_0900,7.088809213254948,125.56744525558955,0.0,229.8662951149411,1374.4102499623266,4749.016223676391,0,2,0,Matina Pangi,0.004331511446927025,False,0.006465665431523306,0.053132332098189974,0.2223816855978073,0.09594590901505964,0.22212762920805149,Not Suitable,1,False,True,1317
TALOMO_0901,7.088796705995494,125.56970684346295,8.0,37.11719803777527,1125.84199336359,4788.294789979309,0,2,0,Langub,0.026234876944757863,False,0.012676672307668953,0.05934333897433562,0.2352007753040219,0.11057123050866034,0.232829749499446,Not Suitable,1,False,True,1292
TALOMO_0902,7.088784187752839,125.57196842724268,24.0,37.745416959645276,878.0870417221169,4839.514576338332,0,1,0,Ma-a,0.025809504154814887,False,0.03198925062762077,0.05532258396095411,0.27506060461649423,0.10110338803314149,0.27513572831299954,Low Suitability,1,False,True,1078
TALOMO_0903,7.088771658527078,125.57423000692515,28.0,206.22920007449878,632.1024534517294,4894.044898367955,0,0,0,Ma-a,0.004825574772476565,False,0.03508307328455905,0.03508307328455905,0.2814460411431758,0.05344455325511023,0.281029861853784,Low Suitability,1,False,True,1028
TALOMO_0904,7.0887591183183085,125.57649158250675,93.0,168.20882792563015,391.2418311979085,4959.449100622672,0,0,0,Ma-a,0.00590985714078414,False,0.049508481249072325,0.049508481249072325,0.31121908799908177,0.08741267362020631,0.31005813940714716,Low Suitability,1,False,True,757
TALOMO_0905,7.088746567126629,125.57875315398394,211.0,75.97928036610233,177.72683899312923,5036.426838155465,0,0,0,Ma-a,0.012990508553004711,False,0.08719953100712463,0.08719953100712463,0.3890108144622324,0.1761653881373894,0.38943793164841384,Low Suitability,2,False,True,293
TALOMO_0906,7.0887340049521335,125.58101472135307,180.0,14.688543215748465,178.41825545161723,4892.744641878686,1,0,0,Ma-a,0.06374078117056658,False,0.07935988383135315,0.1060265504980198,0.3728303235345437,0.22049816997315877,0.39299767080245024,Low Suitability,2,False,True,281
TALOMO_0907,7.088721431794922,125.58327628461056,263.0,21.814703904211157,379.1668339994074,4692.033508341511,0,0,0,Ma-a,0.043831381910480076,False,0.13129311472104377,0.13129311472104377,0.48001692931103473,0.27999442109142425,0.47573945381856253,Moderately Suitable,3,False,True,115
TALOMO_0908,7.088708847655091,125.58553784375282,348.0,26.80362127636643,617.0104554477743,4496.045615597923,0,0,0,Ma-a,0.035966537957773784,False,0.1657356066800222,0.1657356066800222,0.551103856589034,0.36109761868656476,0.5389086329715441,Moderately Suitable,3,False,True,51
TALOMO_0909,7.088696252532739,125.5877993987763,165.0,29.11183802068575,853.9389559291428,4305.512172070833,2,0,0,Ma-a,0.03320953039509033,False,0.05518764920936363,0.10852098254269696,0.32294049887357945,0.2263719149753512,0.30389221593506693,Low Suitability,1,False,True,824
TALOMO_0910,7.088683646427962,125.59006094967735,85.0,8.357389086977397,817.730826991164,4121.057294237458,2,0,0,Ma-a,0.10686741683015959,False,0.0687387941899004,0.12207212752323374,0.35090912724438256,0.25828137118734207,0.38580292383200226,Low Suitability,2,False,True,311
TALOMO_0911,7.088671029340861,125.5923224964524,54.0,27.67663316301302,856.2450994720796,3900.3687851834443,3,0,0,Ma-a,0.0348715971751452,False,-0.009605179384854598,0.0703948206151454,0.1892125705953703,0.13659462336598271,0.18061048845298436,Not Suitable,0,True,False,1435
TALOMO_0912,7.0886584012715295,125.59458403909785,27.0,44.85486285571324,782.8807381302482,3655.74809639893,3,0,0,Ma-a,0.021807937865752573,False,-0.02958357243275392,0.05041642756724608,0.14797854561777024,0.0895506533499056,0.14810121720603572,Not Suitable,0,True,False,1500
TALOMO_0913,7.088645762220067,125.59684557761013,3.0,69.36378187059044,646.0507358324705,3411.9073299571637,3,0,0,Ma-a,0.01421185691580862,False,-0.04771133692098191,0.03228866307901809,0.11056409031580892,0.046864436946110526,0.1171210758237441,Not Suitable,0,True,False,1525
TALOMO_0914,7.08863311218657,125.5991071119856,13.0,213.77412345008324,588.9489421027862,3168.9790102976094,3,0,0,Ma-a,0.004656054388378939,False,-0.05195274578980155,0.02804725421019845,0.10181011501770491,0.036877011472385784,0.11415860342679766,Not Suitable,0,True,False,1527
TALOMO_0915,7.088620451171141,125.60136864222072,89.0,139.73472597750003,615.1166616031102,2926.998729760653,3,0,0,Ma-a,0.007105566824778378,False,-0.022690695297667818,0.057309304702332184,0.16220496849743993,0.10578160368159857,0.1589919944478066,Not Suitable,0,True,False,1482
TALOMO_0916,7.091389847459279,125.50865477688681,23.0,120.34748479678244,470.4149595503611,6534.08172372635,3,0,0,Catalunan Grande,0.00824079709336106,False,-0.05082816003651658,0.029171839963483426,0.1041311824293445,0.03952512127437052,0.11425404877211284,Not Suitable,0,True,False,1526
TALOMO_0917,7.091377621863345,125.51091648093329,20.0,202.7119029428961,700.5859654923379,6406.929372861434,0,1,0,Catalunan Grande,0.004908893322155637,False,0.011578099716141422,0.034911433049474756,0.23293339726364862,0.05304038470894645,0.2391675395620612,Not Suitable,1,False,True,1273
TALOMO_0918,7.091365385278184,125.51317818097941,4.0,233.46618022577425,897.6000460388362,6283.869565748012,0,1,0,Catalunan Pequeño,0.0042650074268155485,False,0.01304288003145929,0.036376213364792624,0.2359566027819155,0.0564895650844021,0.24213635996223692,Not Suitable,1,False,True,1263
TALOMO_0919,7.0913531377038845,125.5154398770216,0.0,275.86179059453355,1036.5599380404558,6156.461259999121,0,0,0,Catalunan Pequeño,0.0036119104693088855,False,0.03986479360937678,0.03986479360937678,0.2913151820113481,0.06470427304571896,0.2916386607028586,Low Suitability,1,False,True,940
TALOMO_0920,7.091340879140546,125.51770156905627,0.0,326.17409994981534,1211.7042409977553,6035.472211499447,0,3,0,Catalunan Grande,0.0030564766592263513,False,-0.023801398056545554,0.04619860194345445,0.15991255462849419,0.07961876034414861,0.16609810023889965,Not Suitable,0,True,False,1470
TALOMO_0921,7.091328609588261,125.51996325707982,0.0,224.961677008678,1409.609105445002,5922.569913955774,0,3,0,Catalunan Grande,0.004425529201403454,False,-0.015474229336609475,0.05452577066339053,0.17709925639010748,0.09922709794368738,0.190943416327445,Not Suitable,0,True,False,1414
TALOMO_0922,7.091316329047127,125.52222494108864,16.0,105.5566967390425,1621.9643931526273,5816.889322421439,0,0,0,Catalunan Grande,0.00938467530059609,False,0.07115527637705651,0.07115527637705651,0.35589657976992983,0.13838530082317996,0.35609006426179207,Low Suitability,2,False,True,443
TALOMO_0923,7.0913040375172365,125.52448662107916,21.0,2.1004755567565416,1843.7839231201915,5716.29838795845,0,0,0,Catalunan Grande,0.3225311671368622,False,0.2648921150759386,0.2648921150759386,0.7557560492897244,0.5945856573237299,0.7163944277528275,Highly Suitable,4,False,True,13
TALOMO_0924,7.091291734998688,125.52674829704777,11.0,208.0885939395743,1805.3964559567535,5623.04148808985,0,0,0,Catalunan Grande,0.0047826616514958994,False,0.07366724597011748,0.07366724597011748,0.36108111171376095,0.14430034223486563,0.36190877076155176,Low Suitability,2,False,True,416
TALOMO_0925,7.091279421491573,125.52900996899089,0.0,140.72860402090538,1601.4645907452277,5535.4917246392915,0,0,0,Catalunan Grande,0.007055738726195999,False,0.06336210317222668,0.06336210317222668,0.3398120079121094,0.1200343851264513,0.3423702805724658,Low Suitability,2,False,True,518
TALOMO_0926,7.09126709699599,125.53127163690492,0.0,162.23405990505495,1412.416832114498,5452.44047333246,0,0,0,Catalunan Grande,0.006126172445760705,False,0.055629286406891576,0.055629286406891576,0.3238520075815243,0.10182559329939822,0.32413831501835905,Low Suitability,2,False,True,651
TALOMO_0927,7.091254761512034,125.53353330078626,0.0,30.332095499301616,1245.0517177490774,5369.904991062086,0,0,0,Catalunan Grande,0.03191615447560121,False,0.06438142221723808,0.06438142221723808,0.34191581210003247,0.12243461894282298,0.34225621257110317,Low Suitability,2,False,True,520
TALOMO_0928,7.091242415039798,125.53579496063134,0.0,6.601463707261823,1109.227772867008,5293.907946953956,1,0,0,Catalunan Grande,0.13155361105581298,False,0.0909487263466437,0.11761539301331037,0.39674889499278265,0.24778690928784028,0.41634662121349447,Moderately Suitable,2,False,True,223
TALOMO_0929,7.09123005757938,125.53805661643653,0.0,182.98494957035652,1017.6535384545554,5227.637592648987,0,0,0,Catalunan Grande,0.005435227187523816,False,0.04021459276828981,0.04021459276828981,0.2920371433433322,0.06552795997109376,0.2930718598825042,Low Suitability,1,False,True,927
TALOMO_0930,7.091217689130878,125.54031826819825,0.0,172.14670474567336,982.7772873640556,5170.639485006184,0,0,0,Catalunan Grande,0.005775449214981311,False,0.03908793157810533,0.03908793157810533,0.2897117923731127,0.06287496304975781,0.29051332541528735,Low Suitability,1,False,True,955
TALOMO_0931,7.0912053096943835,125.54257991591292,0.0,39.85722600716794,1010.4868474098146,5118.496489062246,0,0,0,Catalunan Grande,0.024475474664495366,False,0.05110173594758469,0.05110173594758469,0.3145074557810463,0.09116437807837197,0.314471860988261,Low Suitability,2,False,True,717
TALOMO_0932,7.091192919269995,125.54484155957695,0.0,78.33074326671013,1096.0456838187906,5069.213077061068,0,0,0,Catalunan Grande,0.012605453558376452,False,0.04739775085991295,0.04739775085991295,0.30686268609133527,0.08244244719100521,0.3070296257810782,Low Suitability,1,False,True,794
TALOMO_0933,7.091180517857804,125.54710319918674,0.0,74.84479184894973,1152.8526576045178,5029.376252984656,0,0,0,Catalunan Grande,0.013184820943164704,False,0.04989724239190708,0.04989724239190708,0.31202146417796334,0.08832810598271341,0.31546720475070594,Low Suitability,2,False,True,711
TALOMO_0934,7.091168105457914,125.5493648347387,5.0,76.91858865271013,1244.102155684291,5000.13957233989,0,0,0,Catalunan Grande,0.012833908022347355,False,0.05492629127807559,0.05492629127807559,0.32240107413401276,0.10017022083364605,0.3228767610740345,Low Suitability,2,False,True,660
TALOMO_0935,7.091155682070417,125.55162646622921,5.0,128.21593879110617,1375.3221794949718,4978.0068416411395,0,0,0,Catalunan Grande,0.007738983358830259,False,0.056929376172252105,0.056929376172252105,0.3265353031663829,0.10488696984721124,0.32676369192563964,Low Suitability,2,False,True,631
TALOMO_0936,7.091143247695409,125.55388809365469,0.0,320.8517510860353,1536.3046641351118,4966.832612350703,0,1,0,Catalunan Grande,0.0031070205354659904,False,0.035236879119076,0.058570212452409336,0.28176348577483196,0.10875071667509362,0.28369026490469107,Low Suitability,1,False,True,1009
TALOMO_0937,7.091130802332987,125.55614971701156,1.0,162.1074864436806,1662.6508129402098,4962.5752656469085,0,2,0,Catalunan Grande,0.006130926432645935,False,0.018832869927027256,0.06549953659369392,0.2479067424854191,0.12506749031913542,0.24804942048197628,Not Suitable,1,False,True,1248
TALOMO_0938,7.091118345983247,125.55841133629623,1.0,171.4246898040778,1582.087496777363,4957.374866078469,0,2,0,Langub,0.005799633458156584,False,0.015575510941242064,0.06224217760790873,0.24118377825807352,0.11739724886921106,0.24068706072188462,Not Suitable,1,False,True,1268
TALOMO_0939,7.091105878646287,125.56067295150511,1.0,396.85515164573644,1538.3738067023191,4948.6913341549425,0,0,0,Langub,0.002513477570576825,False,0.05865405048474989,0.05865405048474989,0.3300949119652115,0.10894813364802931,0.33055055466854205,Low Suitability,2,False,True,595
TALOMO_0940,7.091093400322203,125.56293456263458,0.0,492.90821251306863,1534.6618816000828,4952.62821930477,0,1,0,Langub,0.0020246676906056516,False,0.03454004175272696,0.05787337508606029,0.28032526152423926,0.1071098441539649,0.2821671037617843,Low Suitability,1,False,True,1019
TALOMO_0941,7.09108091101109,125.56519616968107,0.0,390.6982068715568,1571.2352505353324,4969.155525496021,0,0,0,Langub,0.002552985902046556,False,0.05957362236886357,0.05957362236886357,0.3319928448944182,0.11111348859124985,0.3340195603119236,Low Suitability,2,False,True,572
TALOMO_0942,7.091068410713046,125.56745777264098,2.0,141.2291076536163,1372.9668456451338,4996.68345947685,0,0,0,Langub,0.007030909611240707,False,0.05536567893895418,0.05536567893895418,0.3233079399535048,0.10120486560683914,0.3253281732803787,Low Suitability,2,False,True,641
TALOMO_0943,7.091055899428169,125.5697193715107,3.0,36.33750432564929,1124.0794536242292,5034.386389405644,0,0,0,Langub,0.02678272203943321,False,0.057832194695386155,0.057832194695386155,0.3283986583143118,0.10701287494030094,0.32623649734501525,Low Suitability,2,False,True,634
TALOMO_0944,7.091043377156554,125.57198096628667,29.0,277.1465213899813,875.8260540081819,5083.299176136926,0,0,0,Ma-a,0.0035952274182783277,False,0.04398188279757474,0.04398188279757474,0.2998125700652392,0.0743989576912123,0.29909079134279604,Low Suitability,1,False,True,861
TALOMO_0945,7.0910308438983,125.57424255696529,63.0,322.38527172868544,628.9578171061553,5137.216053489728,0,1,0,Ma-a,0.0030922867781034333,False,0.022970856321718903,0.04630418965505224,0.25644726093185266,0.07986739220991294,0.2604233721456183,Low Suitability,1,False,True,1179
TALOMO_0946,7.091018299653501,125.57650414354293,147.0,101.19031778298032,386.1406408529629,5199.562356069807,0,0,0,Ma-a,0.009785662885633465,False,0.07065059365736369,0.07065059365736369,0.3548549494536334,0.1371969030037989,0.35411795730291634,Low Suitability,2,False,True,450
TALOMO_0947,7.091005744422259,125.57876572601603,292.0,36.00380159541851,166.1964299789074,5242.058191884853,0,0,0,Ma-a,0.027024250398202637,False,0.12358305105842333,0.12358305105842333,0.4641038898147573,0.26183920696100144,0.45486498157178307,Moderately Suitable,3,False,True,144
TALOMO_0948,7.090993178204667,125.58102730438101,275.0,132.06659671344354,141.68043655065375,5042.711880524477,0,0,0,Ma-a,0.007515034010777938,False,0.10521463449638546,0.10521463449638546,0.42619274523460443,0.21858631690545297,0.4298425994902745,Moderately Suitable,2,False,True,192
TALOMO_0949,7.090980601000824,125.58328887863426,508.0,51.53429880767971,363.3287219969259,4848.0089566873185,0,0,0,Ma-a,0.019035183160259775,False,0.20265370171419592,0.20265370171419592,0.6273002578268501,0.4480302239103353,0.6244380659856922,Highly Suitable,3,False,True,23
TALOMO_0950,7.0909680128108254,125.58555044877218,502.0,48.77108171174118,607.4061033235138,4658.391401543867,0,0,0,Ma-a,0.020091988472175325,False,0.21043516541836382,0.21043516541836382,0.6433606620831216,0.4663535667488905,0.63404884055309,Highly Suitable,3,False,True,20
TALOMO_0951,7.090955413634774,125.58781201479118,245.0,4.505564267675251,854.9132052327831,4442.599361853806,0,0,0,Ma-a,0.18163442498914908,False,0.22379460090460856,0.22379460090460856,0.6709336152833978,0.4978115964782985,0.564976870600695,Moderately Suitable,3,False,True,44
TALOMO_0952,7.090942803472762,125.59007357668767,131.0,24.751181569760963,1067.7286000988436,4199.75493715648,1,0,0,Ma-a,0.03883316954955875,False,0.08127557265706781,0.10794223932373448,0.3767841731109056,0.22500912375512633,0.3773831974626863,Low Suitability,2,False,True,342
TALOMO_0953,7.09093018232489,125.59233513445807,74.0,19.578130851377473,1097.5045915290443,3957.629988829665,1,0,0,Ma-a,0.0485952785130172,False,0.06800579959353806,0.09467246626020473,0.34939627696546444,0.19376222593786263,0.39068702557779916,Low Suitability,2,False,True,286
TALOMO_0954,7.090917550191253,125.59459668809879,22.0,70.80508540060654,984.7677237586616,3716.5479580919646,3,0,0,Ma-a,0.013926590218797413,False,-0.02829195103440838,0.05170804896559162,0.1506443630773273,0.09259208907450107,0.14922528040630473,Not Suitable,0,True,False,1497
TALOMO_0955,7.090904907071954,125.5968582376062,9.0,80.25901320144645,834.7075268871114,3476.7258047063783,3,0,0,Ma-a,0.012306327145776851,False,-0.03953678711947797,0.04046321288052203,0.1274357971586819,0.0661133963010931,0.1297691679356002,Not Suitable,0,True,False,1520
TALOMO_0956,7.090892252967084,125.59911978297674,34.0,115.51822948565218,654.8240231052312,3238.4434405165816,3,0,0,Ma-a,0.008582348053298714,False,-0.03973286131497458,0.04026713868502542,0.12703111354598162,0.0656516920713408,0.12871469822899245,Not Suitable,0,True,False,1521
TALOMO_0957,7.090879587876747,125.60138132420683,221.0,99.59453403527728,534.6516127624072,3002.06753983626,0,0,0,Ma-a,0.009940897978107958,False,0.1025136065926216,0.1025136065926216,0.420618009980274,0.21222609186570104,0.3963156447154303,Low Suitability,2,False,True,273
TALOMO_0958,7.093661366634038,125.50640529295042,32.0,159.854520370486,400.5912547931014,6877.544637135108,0,0,0,Catalunan Grande,0.006216797623696017,False,0.02850812024453295,0.02850812024453295,0.2678757916627007,0.03796223228312263,0.2679095379953812,Low Suitability,1,False,True,1130
TALOMO_0959,7.093649148097418,125.50866701199618,30.0,139.3480948023996,628.2319093495012,6748.490505496176,0,0,0,Catalunan Grande,0.0071251412525972,False,0.036989790768351204,0.036989790768351204,0.2853813744887263,0.05793438183749863,0.2841503477439875,Low Suitability,1,False,True,1003
TALOMO_0960,7.093636918567936,125.51092872704511,22.0,118.69082860453288,815.4442385134452,6624.534916723582,0,0,0,Catalunan Grande,0.008354859028539873,False,0.04200438166836981,0.04200438166836981,0.2957311441587927,0.06974245185483036,0.29376420576957163,Low Suitability,1,False,True,920
TALOMO_0961,7.093624678045689,125.51319043809359,18.0,99.12429490536312,1029.310335613529,6498.562257272705,0,0,0,Catalunan Grande,0.009987585939508428,False,0.04968079133157614,0.04968079133157614,0.3115747241220081,0.08781841948451793,0.30818616667041737,Low Suitability,1,False,True,780
TALOMO_0962,7.093612426530774,125.51545214513803,17.0,84.50699079082911,1239.1716437159353,6374.262387254024,0,0,0,Catalunan Grande,0.011694950211103127,False,0.058307811120766814,0.058307811120766814,0.329380297804379,0.1081328291228579,0.3283361795936842,Low Suitability,2,False,True,618
TALOMO_0963,7.09360016402328,125.51771384817488,17.0,76.33188088343805,1388.9985691465508,6257.4859609489695,0,0,0,Catalunan Grande,0.01293127735386774,False,0.06472916475923249,0.06472916475923249,0.3426335287165788,0.12325346306505429,0.34148682377543277,Low Suitability,2,False,True,524
TALOMO_0964,7.093587890523305,125.51997554720047,12.0,70.50704911402356,1564.6365992116757,6148.661652862801,0,0,0,Catalunan Grande,0.013984635254706458,False,0.0702594457806367,0.0702594457806367,0.3540476472206547,0.13627585049769997,0.35332163914623765,Low Suitability,2,False,True,452
TALOMO_0965,7.093575606030946,125.52223724221128,11.0,54.98008386568614,1758.3680928901636,6044.6407271767675,0,0,0,Catalunan Grande,0.017863495924716994,False,0.07954590709161537,0.07954590709161537,0.37321426271031616,0.15814307507485767,0.371976296570035,Low Suitability,2,False,True,364
TALOMO_0966,7.093563310546297,125.52449893320365,75.0,53.88942547758492,1964.8483434086465,5947.854941978741,2,0,0,Catalunan Grande,0.01821844537994605,False,0.056866303789836634,0.11019963712316996,0.3264051261203271,0.2303247141600397,0.3039951849022056,Low Suitability,1,False,True,823
TALOMO_0967,7.093551004069451,125.52676062017403,66.0,193.56560010136667,1952.7650297390119,5856.7546248240515,0,0,0,Catalunan Grande,0.0051396546947611,False,0.0988972191794141,0.0988972191794141,0.41315403584745175,0.20371043094014224,0.41144164665947996,Moderately Suitable,2,False,True,236
TALOMO_0968,7.093538686600506,125.52902230311882,29.0,174.9028077447127,1765.9342381870222,5771.186108746838,0,0,0,Catalunan Grande,0.005684957578683436,False,0.07905046282583682,0.07905046282583682,0.3721916999255545,0.15697643143499926,0.3694858294048579,Low Suitability,2,False,True,379
TALOMO_0969,7.093526358139555,125.53128398203444,0.0,93.02879864237384,1596.4824477051893,5688.300577408504,2,0,0,Catalunan Grande,0.010635039630819578,False,0.011937194188182954,0.06527052752151628,0.2336745434806631,0.1245282329374679,0.23400449662093906,Not Suitable,1,False,True,1287
TALOMO_0970,7.0935140186866965,125.53354565691725,0.0,10.333371487331743,1450.5132464270455,5607.26949433331,0,0,0,Catalunan Grande,0.08823499707194665,False,0.10520240643011952,0.10520240643011952,0.4261675073494237,0.21855752295884323,0.4271656650329957,Moderately Suitable,2,False,True,197
TALOMO_0971,7.093501668242026,125.5358073277637,0.0,69.13873577623502,1335.7474126083498,5533.853297414537,0,0,0,Catalunan Grande,0.01425745686649271,False,0.0574799633224177,0.0574799633224177,0.3276716770603113,0.10618346077726384,0.3293759048971477,Low Suitability,2,False,True,607
TALOMO_0972,7.093489306805636,125.53806899457021,0.0,245.30881064350746,1260.7353499126912,5470.475880028913,0,0,0,Catalunan Grande,0.004059944089646634,False,0.04865100714942962,0.04865100714942962,0.3094493206130091,0.08539354296558162,0.30983556819110275,Low Suitability,1,False,True,762
TALOMO_0973,7.093476934377625,125.54033065733313,8.0,302.4993371216382,1232.7554886306732,5414.791236722844,0,0,0,Catalunan Grande,0.00329490011241512,False,0.04996311629474548,0.04996311629474548,0.3121574233689002,0.08848322205749189,0.3121203036362989,Low Suitability,2,False,True,741
TALOMO_0974,7.093464550958087,125.5425923160489,18.0,57.74793535476843,1254.9575956894416,5363.313424396456,0,0,0,Catalunan Grande,0.017021874793746814,False,0.06238322255431361,0.06238322255431361,0.33779166584794323,0.11772937339062185,0.3372217832124975,Low Suitability,2,False,True,553
TALOMO_0975,7.093452156547121,125.54485397071392,19.0,47.35301337093773,1324.8211347982785,5315.410685661477,0,0,0,Catalunan Grande,0.020681234328221696,False,0.06753740412507672,0.06753740412507672,0.34842954103231794,0.12986614348474573,0.34273288095739957,Low Suitability,2,False,True,511
TALOMO_0976,7.093439751144818,125.54711562132461,0.0,54.74817836768865,1395.1425325927448,5277.020838909455,0,0,0,Catalunan Grande,0.017937805849089317,False,0.06189537078790068,0.06189537078790068,0.33678477345807944,0.11658060813125413,0.3378791533940637,Low Suitability,2,False,True,548
TALOMO_0977,7.093427334751281,125.54937726787733,4.0,26.02003996434563,1471.4426967713687,5248.836913949866,0,0,0,Catalunan Grande,0.037009567762281356,False,0.07738674911706431,0.07738674911706431,0.3687579096072529,0.1530588141550119,0.3668280579691172,Low Suitability,2,False,True,390
TALOMO_0978,7.0934149073666015,125.55163891036858,4.0,128.5997257534298,1583.939561193639,5227.497734090881,0,0,0,Catalunan Grande,0.007716065710683308,False,0.06449496771566758,0.06449496771566758,0.342150162175492,0.12270198934697767,0.3432544883423115,Low Suitability,2,False,True,508
TALOMO_0979,7.093402468990875,125.55390054879466,0.0,348.46153521675217,1679.5405078823303,5216.769829918771,0,0,0,Catalunan Grande,0.0028615452609963322,False,0.06387246357917478,0.06387246357917478,0.34086535658320727,0.12123615243698001,0.3434012909168384,Low Suitability,2,False,True,506
TALOMO_0980,7.0933900196241995,125.55616218315205,0.0,379.3882413686358,1546.3963549040134,5212.552662502624,0,0,0,Catalunan Grande,0.0026288930393904997,False,0.058673685413111576,0.058673685413111576,0.33013543710277177,0.10899436884717172,0.33050900269430544,Low Suitability,2,False,True,597
TALOMO_0981,7.093377559266673,125.55842381343714,0.0,383.46189485022165,1444.585426793169,5206.947229000048,0,2,0,Langub,0.002601038005052696,False,0.008119628471292231,0.0547862951379589,0.2257953512079666,0.09984056598091459,0.227025576110314,Not Suitable,1,False,True,1309
TALOMO_0982,7.093365087918389,125.56068543964633,0.0,483.2261638851012,1381.054823005222,5198.680582946502,3,0,0,Langub,0.0020651506973036744,False,-0.027943358847863108,0.052056641152136894,0.15136383330161116,0.09341293389081622,0.15758489873193574,Not Suitable,0,True,False,1486
TALOMO_0983,7.093352605579448,125.56294706177601,0.0,288.52534333389167,1361.1751514734494,5202.428294692652,0,2,0,Langub,0.003453929070543444,False,0.005448081539280093,0.05211474820594676,0.22028146264549273,0.09354976103655312,0.22109346432775961,Not Suitable,1,False,True,1322
TALOMO_0984,7.093340112249943,125.56520867982263,6.0,149.27185456666152,1386.824849009979,5218.164477987677,0,2,0,Langub,0.006654606099616571,False,0.010417548182532162,0.05708421484919883,0.23053809896263397,0.10525157505135085,0.23258183407999372,Not Suitable,1,False,True,1293
TALOMO_0985,7.093327607929973,125.56747029378256,6.0,63.99264222178032,1416.3588469310994,5244.57206029982,0,2,0,Langub,0.015386357067737125,False,0.016658239014976144,0.06332490568164281,0.24341845430680578,0.1199467946166688,0.23932658535426693,Not Suitable,1,False,True,1272
TALOMO_0986,7.093315092619634,125.56973190365221,2.0,13.76603486637622,1176.6856173589401,5280.845163411118,0,0,0,Langub,0.06772298786027539,False,0.08347475118502173,0.08347475118502173,0.38132312587524664,0.16739449100630496,0.3800206611465994,Low Suitability,2,False,True,334
TALOMO_0987,7.093302566319022,125.57199350942801,23.0,172.0133268580157,942.3936019088771,5327.4956439404195,0,2,0,Langub,0.0057799015726728116,False,-0.0009915623272952895,0.04567510433937138,0.20699048196428432,0.07838605831796829,0.2058799802857051,Not Suitable,1,False,True,1375
TALOMO_0988,7.093290029028236,125.57425511110635,86.0,260.18599353739927,718.7644674983483,5381.013110300304,1,0,0,Ma-a,0.0038286892281488663,False,0.03160380594531866,0.05827047261198533,0.2742650733833554,0.10804490655154048,0.2809188253412439,Low Suitability,1,False,True,1032
TALOMO_0989,7.093277480747374,125.57651670868363,239.0,85.6099723419091,519.7489957254185,5440.566331518197,0,0,0,Ma-a,0.011546014540361617,False,0.10924255937581684,0.10924255937581684,0.434506104306486,0.22807104256885688,0.42172700619773973,Moderately Suitable,2,False,True,208
TALOMO_0990,7.093264921476529,125.57877830215628,413.0,26.480718034886166,382.5953530784626,5393.765639751681,1,0,0,Ma-a,0.03638915106695982,False,0.15335161066124464,0.1800182773279113,0.5255441431558024,0.3947296294342685,0.5084896048017851,Moderately Suitable,3,False,True,79
TALOMO_0991,7.093252351215801,125.58103989152069,361.0,9.830479949488861,365.12137478374103,5200.188026475929,0,0,0,Ma-a,0.0923320115695514,False,0.19378408104229009,0.19378408104229009,0.608993972659152,0.4271445516772029,0.594862956726883,Moderately Suitable,3,False,True,32
TALOMO_0992,7.093239769965289,125.58330147677326,370.0,27.26873258176881,495.2252340609319,4988.32122992769,2,0,0,Ma-a,0.03537477306799825,False,0.11519189708423956,0.1685252304175729,0.4467851269026039,0.3676664640962445,0.4636170853465692,Moderately Suitable,3,False,True,136
TALOMO_0993,7.093227177725087,125.58556305791043,324.0,67.71695876661437,694.3935818953402,4746.9192419147985,0,0,0,Ma-a,0.014552448448662176,False,0.1476538316720808,0.1476538316720808,0.513784320401653,0.31851969566384736,0.48815665948903064,Moderately Suitable,3,False,True,97
TALOMO_0994,7.0932145744952955,125.58782463492855,113.0,61.42438281063565,918.7583255155711,4506.454913296551,1,0,0,Ma-a,0.016019381449609196,False,0.0558852643180839,0.08255193098475057,0.32438032833077135,0.16522148711516607,0.34554182759255253,Low Suitability,2,False,True,492
TALOMO_0995,7.09320196027601,125.59008620782409,106.0,46.36574057783663,1153.7119548790815,4267.086767560309,0,0,0,Ma-a,0.021112305810075727,False,0.0919990460335092,0.0919990460335092,0.39891668236681427,0.18746700986700537,0.36204823142894166,Low Suitability,2,False,True,414
TALOMO_0996,7.095945082905713,125.5018940489703,24.0,50.03316483822213,162.5874652643582,7356.768573422873,0,0,0,Catalunan Grande,0.019595100620744446,False,0.024475485205970905,0.024475485205970905,0.25955271114731876,0.028466415408109118,0.26078419170537975,Low Suitability,1,False,True,1176
TALOMO_0997,7.09593288243212,125.50415578700527,8.0,72.16496015964395,103.13419592597452,7221.478233497243,1,0,0,Catalunan Grande,0.013667744748552138,False,-0.013574508148723182,0.013092158517943483,0.1810201498635701,0.001661612934214405,0.19301757912534515,Not Suitable,0,False,True,1410
TALOMO_0998,7.095920670961941,125.50641752105054,9.0,91.68236180341886,346.1771813356647,7091.227271545417,0,0,0,Catalunan Grande,0.010789539460820173,False,0.02099926738961469,0.02099926738961469,0.25237803739235015,0.020280817781216386,0.2528585971462599,Low Suitability,1,False,True,1214
TALOMO_0999,7.0959084484952735,125.50867925110242,8.0,110.96921913716122,595.0131253894439,6965.200267699152,0,0,0,Catalunan Grande,0.008931025934681295,False,0.029018195825092002,0.029018195825092002,0.2689285524717812,0.03916332890086468,0.2690458202180105,Low Suitability,1,False,True,1124
TALOMO_1000,7.095896215032208,125.51094097715739,49.0,116.49571732342743,844.5369132808361,6841.827795072649,0,0,0,Catalunan Grande,0.008510948507572627,False,0.05273424655713066,0.05273424655713066,0.3178768450551898,0.09500852009631489,0.3136592429502927,Low Suitability,2,False,True,725
TALOMO_1001,7.095883970572841,125.51320269921182,66.0,20.183684863299714,1094.2781074307075,6714.574978905272,0,0,0,Catalunan Grande,0.047206140312844196,False,0.0909112438848211,0.0909112438848211,0.3966715337774282,0.18490551597990373,0.40121154825200384,Moderately Suitable,2,False,True,260
TALOMO_1002,7.095871715117268,125.51546441726211,22.0,129.1414112122635,1344.11552885544,6594.34808887526,0,0,0,Catalunan Grande,0.007683949257081422,False,0.061712343421356425,0.061712343421356425,0.33640701760025965,0.11614962582335851,0.3376707647619863,Low Suitability,2,False,True,549
TALOMO_1003,7.0958594486655855,125.51772613130468,17.0,173.96427391948797,1586.003430806625,6481.5381112174955,0,0,0,Catalunan Grande,0.005715452518381911,False,0.06799045071663318,0.06799045071663318,0.3493645979424241,0.1309329515217069,0.34922459637622927,Low Suitability,2,False,True,469
TALOMO_1004,7.095847171217883,125.51998784133595,13.0,181.95705177599842,1741.8890736875003,6375.671547369134,0,0,0,Catalunan Grande,0.005465763633010111,False,0.07235902395596586,0.07235902395596586,0.35838103172842667,0.14121981633568215,0.3585443092690293,Low Suitability,2,False,True,432
TALOMO_1005,7.095834882774262,125.52224954735229,13.0,136.18294148005475,1917.797749381673,6274.08651932595,0,0,0,Catalunan Grande,0.00728953606921595,False,0.0801163664509908,0.0801163664509908,0.37439165147310577,0.15948635993933633,0.3726601874292611,Low Suitability,2,False,True,359
TALOMO_1006,7.095822583334815,125.52451124935014,64.0,104.40135909119728,2108.7244651767387,6179.859979472633,0,0,0,Catalunan Grande,0.009487543696042494,False,0.10666936401530192,0.10666936401530192,0.42919520660248506,0.22201183024405474,0.4241210988648819,Moderately Suitable,2,False,True,205
TALOMO_1007,7.095810272899636,125.52677294732588,67.0,225.7675123847388,2119.463649030575,6090.978575628029,0,0,0,Catalunan Grande,0.0044098027512132236,False,0.10516072217427103,0.10516072217427103,0.426081473921074,0.2184593672724686,0.41872728903629947,Moderately Suitable,2,False,True,214
TALOMO_1008,7.095797951468823,125.52903464127596,21.0,35.223930143365344,1948.6812545389705,6007.04621282288,0,0,0,Catalunan Grande,0.02760606030439678,False,0.0960226533447234,0.0960226533447234,0.40722113027575685,0.1969415687692857,0.4043236899794036,Moderately Suitable,2,False,True,251
TALOMO_1009,7.095785619042471,125.53129633119671,0.0,1.3701750939319592,1796.5497777743735,5924.160681484546,0,0,0,Catalunan Grande,0.42190975787407675,False,0.31392878661930246,0.31392878661930246,0.8569643564037964,0.710054388980143,0.80765445850262,Highly Suitable,4,False,True,8
TALOMO_1010,7.095773275620673,125.53355801708464,0.0,30.85890328133398,1668.1797194099697,5845.414427954155,0,0,0,Catalunan Grande,0.03138840000766431,False,0.08016031202389244,0.08016031202389244,0.374482352103849,0.15958984044494892,0.3722479630873633,Low Suitability,2,False,True,362
TALOMO_1011,7.095760921203527,125.53581969893607,0.0,64.4927455071206,1569.412644424754,5774.651788964357,0,0,0,Catalunan Grande,0.01526886668526175,False,0.06695719877673033,0.06695719877673033,0.3472320372206503,0.1284999093264061,0.34691672767919207,Low Suitability,2,False,True,479
TALOMO_1012,7.095748555791127,125.53808137674744,4.0,118.08454990874036,1506.083835883605,5713.533155177437,2,0,0,Catalunan Grande,0.008397394966570755,False,0.00860072934969059,0.06193406268302392,0.22678831023069987,0.11667171757882977,0.21806232201944778,Not Suitable,1,False,True,1336
TALOMO_1013,7.095736179383572,125.54034305051513,18.0,142.36384225175652,1482.7410404178634,5658.866795892203,0,0,0,Catalunan Grande,0.006975259481703433,False,0.06515562644405365,0.06515562644405365,0.34351371621322807,0.12425767049383155,0.3424639248914546,Low Suitability,2,False,True,514
TALOMO_1014,7.095723791980955,125.54260472023562,52.0,104.20642983170835,1501.2506336947945,5607.914249333457,0,0,0,Catalunan Grande,0.0095051224682715,False,0.07934570249569763,0.07934570249569763,0.3728010542360955,0.15767164481593476,0.37218931293878765,Low Suitability,2,False,True,363
TALOMO_1015,7.095711393583373,125.54486638590521,51.0,13.100787702260579,1560.1236929803345,5561.94752706653,0,0,0,Catalunan Grande,0.07091802395122113,False,0.1172257089486249,0.1172257089486249,0.4509827742816869,0.24686930368208138,0.4330658114096919,Moderately Suitable,2,False,True,184
TALOMO_1016,7.095698984190923,125.54712804752039,28.0,81.42814470366335,1639.7487985520208,5524.877589094922,0,0,0,Catalunan Grande,0.01213177857629928,False,0.07767811518628359,0.07767811518628359,0.36935926907330247,0.15374490620411668,0.3689482753506223,Low Suitability,2,False,True,382
TALOMO_1017,7.095686563803699,125.54938970507756,7.0,105.60170994906177,1705.1384242885667,5497.534255559842,0,2,0,Catalunan Grande,0.00938071256528471,False,0.024471332460897215,0.07113799912756388,0.25954414016797706,0.13834461735053316,0.25706962232934244,Low Suitability,1,False,True,1191
TALOMO_1018,7.095674132421799,125.55165135857305,4.0,175.17825506186205,1660.5210691289285,5477.035055979156,0,2,0,Catalunan Grande,0.005676069385798303,False,0.01954443243710375,0.06621109910377042,0.24937535841680414,0.12674303676115134,0.248543521254393,Not Suitable,1,False,True,1241
TALOMO_1019,7.0956616900453175,125.55391300800338,0.0,368.2050693679777,1484.1885290837758,5466.712789015986,0,2,0,Catalunan Grande,0.002708521856733566,False,0.009688418286311132,0.0563550849529778,0.22903322515818883,0.10353466193960015,0.22921075090937854,Not Suitable,1,False,True,1302
TALOMO_1020,7.095649236674354,125.55617465336488,0.0,584.8841653423182,1331.6534679512704,5462.530059358339,0,0,0,Catalunan Grande,0.0017068220292585034,False,0.04996827921361719,0.04996827921361719,0.3121680792772709,0.08849537940167938,0.31672644364633495,Low Suitability,2,False,True,701
TALOMO_1021,7.0956367723090015,125.55843629465396,0.0,376.5457205062435,1211.9349518639308,5456.558744149654,0,2,0,Langub,0.0026486858297827347,False,-0.0006983019610917532,0.045968364705574916,0.20759575112862527,0.07907661094857807,0.20756225011590862,Not Suitable,1,False,True,1371
TALOMO_1022,7.095624296949359,125.56069793186707,0.0,255.0417461295972,1135.4610061081846,5448.670818306952,0,0,0,Langub,0.0039056131084727235,False,0.04379736025491379,0.04379736025491379,0.2994317282670641,0.07396445462865768,0.30065276855330847,Low Suitability,1,False,True,846
TALOMO_1023,7.095611810595522,125.56295956500055,7.0,164.136588411208,1111.196231650825,5452.246696929941,0,0,0,Langub,0.006055593188772264,False,0.046606197810742725,0.046606197810742725,0.3052289752056636,0.08057854363169398,0.3045762069444163,Low Suitability,1,False,True,815
TALOMO_1024,7.095599313247587,125.56522119405086,5.0,61.699941066792746,1142.472071465109,5467.26388626863,0,0,0,Langub,0.01594897830820485,False,0.052887869811401714,0.052887869811401714,0.3181939128538144,0.09537026329309614,0.31841021322686525,Low Suitability,2,False,True,691
TALOMO_1025,7.095586804905652,125.56748281901443,6.0,146.60221033213017,1225.0419596571212,5492.652054986323,0,2,0,Langub,0.006774966294541452,False,0.004336768714913043,0.05100343538157971,0.21798778964346435,0.09093290556360993,0.2171881261733361,Not Suitable,1,False,True,1337
TALOMO_1026,7.095574285569814,125.56974443988759,0.0,171.93165532048755,1276.9586783207335,5527.6219988357025,0,2,0,Langub,0.005782631283709964,False,0.003610865565584244,0.05027753223225091,0.2164895756219973,0.08922359060971324,0.21847079767741528,Not Suitable,1,False,True,1334
TALOMO_1027,7.095561755240168,125.57200605666682,4.0,23.401280960650514,1064.9601518169736,5572.206848125252,0,0,0,Ma-a,0.040981455097074584,False,0.0642593871654442,0.0642593871654442,0.3416639401721077,0.1221472578270547,0.33880858183395746,Low Suitability,2,False,True,539
TALOMO_1028,7.095549213916814,125.57426766934847,80.0,156.8691721204942,873.3022293441305,5625.354691591893,0,0,0,Ma-a,0.0063343589287764585,False,0.06349664346822564,0.06349664346822564,0.3400896898013592,0.12035119287148638,0.3310565290918338,Low Suitability,2,False,True,588
TALOMO_1029,7.095536661599848,125.57652927792897,432.0,65.1541199979638,718.4521157299388,5682.3476944517,0,0,0,Ma-a,0.01511621649612722,False,0.18702787762595363,0.18702787762595363,0.5950496349061084,0.411235432751641,0.5473626088399705,Moderately Suitable,3,False,True,48
TALOMO_1030,7.095524098289364,125.57879088240475,668.0,11.014556335742158,620.1769718556299,5536.573800649463,0,0,0,Ma-a,0.08323237013963598,False,0.3065332769034245,0.3065332769034245,0.8417005345530867,0.6926398683781494,0.7886963866790895,Highly Suitable,4,False,True,10
TALOMO_1031,7.095511523985464,125.58105248277218,369.0,30.94979282885997,609.5522049396216,5296.559548079461,0,0,0,Ma-a,0.031299107488944614,False,0.17013035672991556,0.17013035672991556,0.560174317506143,0.37144612314734143,0.5456453301230261,Moderately Suitable,3,False,True,49
TALOMO_1032,7.0954989386882446,125.5833140790277,283.0,14.024147232186968,695.3332328268871,5057.51289100338,0,0,0,Ma-a,0.06655951812410697,False,0.16369645786296494,0.16369645786296494,0.5468951941078228,0.35629594842319745,0.5366850457914928,Moderately Suitable,3,False,True,53
TALOMO_1033,7.095486342397801,125.58557567116767,172.0,52.998581609167346,848.7771903157069,4819.577807129896,0,0,0,Ma-a,0.018519004947904594,False,0.10218580636859184,0.10218580636859184,0.4199414529322222,0.21145420676595622,0.39908112066021606,Low Suitability,2,False,True,264
TALOMO_1034,7.095473735114234,125.58783725918856,104.0,81.65140913619089,1040.3639425349966,4582.9274307251135,1,0,0,Ma-a,0.012099007269824347,False,0.05503379734541881,0.08170046401208547,0.32262295924035966,0.16321650169738502,0.3309166965951273,Low Suitability,2,False,True,591
TALOMO_1035,7.095461116837637,125.59009884308674,57.0,41.623400939087546,1252.713673212557,4347.771547770921,0,0,0,Ma-a,0.023461290698719345,False,0.07984085072574026,0.07984085072574026,0.37382300602352114,0.15883759136788175,0.36482605897062725,Low Suitability,2,False,True,395
TALOMO_1036,7.095435847305754,125.59462199850059,6.0,62.67892164922608,910.9377930744257,3883.0253600149754,3,0,0,Ma-a,0.015703783514244753,False,-0.03570621279812215,0.04429378720187785,0.13534183829355423,0.07513341222960974,0.13982570218448517,Not Suitable,0,True,False,1513
TALOMO_1037,7.095423196050662,125.5968835700091,26.0,46.612485675644464,660.9580233608092,3653.766468792431,1,0,0,Ma-a,0.021002894215866087,False,0.018289117223349097,0.04495578389001576,0.2467844744175446,0.07669224392707587,0.2656453867207263,Low Suitability,1,False,True,1141
TALOMO_1038,7.0982043948428615,125.501906259044,2.0,97.29767138576592,332.8662964643358,7566.298534599606,0,0,0,Catalunan Grande,0.010173180970641038,False,0.01766059218046474,0.01766059218046474,0.24548724208983916,0.012419097568980136,0.251705832138297,Low Suitability,1,False,True,1222
TALOMO_1039,7.098192190446254,125.50416800808891,3.0,58.49233732352295,308.22386317430306,7434.671176023447,0,0,0,Catalunan Grande,0.016808887412877043,False,0.020965919061347028,0.020965919061347028,0.25230920874344664,0.020202291057302767,0.25488386079714426,Low Suitability,1,False,True,1199
TALOMO_1040,7.098179975049526,125.50642975314398,3.0,13.512738171621223,451.889287700317,7306.335139635364,0,0,0,Catalunan Grande,0.06890498458488276,False,0.056962302640167384,0.056962302640167384,0.32660326112462246,0.10496450319864886,0.32764464786870307,Low Suitability,2,False,True,623
TALOMO_1041,7.098167748652771,125.50869149420559,14.0,42.90461838131634,662.122274845446,7182.827548177072,0,0,0,Catalunan Grande,0.022776647124338772,False,0.04180312125144377,0.04180312125144377,0.29531575654285014,0.06926853540936892,0.2949517562794905,Low Suitability,1,False,True,909
TALOMO_1042,7.098155511256085,125.5109532312702,300.0,23.551052188046967,893.0889571340117,7056.189716349758,0,0,0,Catalunan Grande,0.040731451847382104,False,0.16207928029957047,0.16207928029957047,0.543557451183137,0.3524879117797798,0.5336915242726025,Moderately Suitable,3,False,True,56
TALOMO_1043,7.098143262859563,125.51321496433414,368.0,12.232759781713419,1132.1704217399981,6932.872628501994,0,0,0,Catalunan Grande,0.07557002594288134,False,0.2155958747570175,0.2155958747570175,0.6540120101300835,0.4785057080551124,0.6052353953455005,Highly Suitable,3,False,True,28
TALOMO_1044,7.098131003463297,125.51547669339388,93.0,129.66409611442126,1375.1406627582262,6816.497080828555,0,0,0,Catalunan Grande,0.007653211783015817,False,0.08794016431024357,0.08794016431024357,0.3905394305049156,0.17790938880958057,0.3719647823100984,Low Suitability,2,False,True,365
TALOMO_1045,7.098118733067385,125.5177384184458,0.0,378.5105755192665,1620.2511598142253,6707.424395612394,0,0,0,Catalunan Grande,0.002634972684573406,False,0.06148536274534421,0.06148536274534421,0.3359385451439575,0.11561514479222923,0.3400448816489882,Low Suitability,2,False,True,530
TALOMO_1046,7.098106451671922,125.52000013948631,1.0,328.6400222421708,1866.6589938678007,6603.088361702826,0,0,0,Catalunan Grande,0.003033612220986163,False,0.07144099419237332,0.07144099419237332,0.3564862816295875,0.13905809268910216,0.35915647109753585,Low Suitability,2,False,True,428
TALOMO_1047,7.098094159277001,125.52226185651182,11.0,85.41905214858929,2095.003118129572,6505.047408230868,0,0,0,Catalunan Grande,0.01157152242633483,False,0.08865770001807402,0.08865770001807402,0.39202037470438467,0.17959900059385717,0.39436648062367924,Low Suitability,2,False,True,278
TALOMO_1048,7.09808185588272,125.52452356951872,15.0,67.51490718325016,2271.080960132012,6412.7830108399185,0,0,0,Catalunan Grande,0.014595363857465314,False,0.0985370243068157,0.0985370243068157,0.41241061847960253,0.2028622647865463,0.41583240028460294,Moderately Suitable,2,False,True,225
TALOMO_1049,7.098069541489172,125.52678527850343,3.0,70.8267630660606,2301.295517258138,6325.86315785618,0,0,0,Catalunan Grande,0.01392238710632524,False,0.09505486788543728,0.09505486788543728,0.4052236878535618,0.1946626832743665,0.4072766273522321,Moderately Suitable,2,False,True,245
TALOMO_1050,7.0980572160964535,125.52904698346237,0.0,21.00790468894572,2145.0392840183545,6242.906316898924,0,0,0,Catalunan Grande,0.045438219318638125,False,0.10652621643751445,0.10652621643751445,0.4288997598774247,0.22167475456728924,0.4268982634555185,Moderately Suitable,2,False,True,199
TALOMO_1051,7.09804487970466,125.53130868439189,0.0,18.86644529833347,2007.8411297240498,6160.466570015018,0,0,0,Catalunan Grande,0.050336131350276675,False,0.10418035990930957,0.10418035990930957,0.4240580738396161,0.2161508666394515,0.432362263270509,Moderately Suitable,2,False,True,185
TALOMO_1052,7.098032532313887,125.53357038128848,0.0,5.615159034882571,1893.8475319943586,6084.154896205233,0,0,0,Catalunan Grande,0.1511679454306198,False,0.15894438825266166,0.15894438825266166,0.5370872502688592,0.34510604842846665,0.5244949299152146,Moderately Suitable,3,False,True,61
TALOMO_1053,7.09802017392423,125.53583207414849,0.0,17.79870232771081,1807.4542723595243,6016.20098153916,0,0,0,Catalunan Grande,0.053195161164178814,False,0.09823693227793903,0.09823693227793903,0.41179124923480837,0.20215562534989642,0.41820076656873023,Moderately Suitable,2,False,True,217
TALOMO_1054,7.098007804535785,125.53809376296832,0.0,40.74894974769315,1752.7473916398426,5956.997871510219,0,0,0,Catalunan Grande,0.02395269835632824,False,0.07901762960112953,0.07901762960112953,0.3721239344148636,0.15689911764730083,0.3715318811752028,Low Suitability,2,False,True,368
TALOMO_1055,7.097995424148646,125.5403554477444,13.0,92.35612697096661,1732.7307612926616,5903.438209214362,0,2,0,Catalunan Grande,0.010711669736588323,False,0.02841880510143973,0.0750854717681064,0.26769145136904676,0.14763989871253907,0.2634141885349345,Low Suitability,1,False,True,1153
TALOMO_1056,7.097983032762913,125.54261712847315,26.0,107.8898720378361,1748.5961121309347,5852.808878177597,1,0,0,Catalunan Grande,0.009183590551493427,False,0.05271600507976793,0.0793826717464346,0.3178391959043597,0.15775869787966304,0.32539222562672926,Low Suitability,2,False,True,640
TALOMO_1057,7.09797063037868,125.54487880515096,45.0,109.98421069310399,1799.3945747359012,5808.713424833873,0,0,0,Catalunan Grande,0.00901029068689079,False,0.08792041830581587,0.08792041830581587,0.390498676114018,0.17786289205491135,0.38468709537001977,Low Suitability,2,False,True,319
TALOMO_1058,7.097958216996041,125.5471404777742,22.0,24.385098843253083,1882.3000047331905,5772.919176177854,0,1,0,Catalunan Grande,0.03939318913724784,False,0.07742693822728071,0.10076027156061404,0.36884085715816545,0.20809743945225911,0.3913968690738399,Low Suitability,2,False,True,284
TALOMO_1059,7.0979457926150955,125.54940214633936,6.0,82.59401940828498,1715.7517665514792,5746.241195924217,0,0,0,Langub,0.011962578269096727,False,0.07270174694598922,0.07270174694598922,0.3590883883359946,0.14202684070585164,0.3577036758765186,Low Suitability,2,False,True,439
TALOMO_1060,7.097933357235938,125.55166381084275,0.0,309.9248466612445,1504.7556257636338,5726.612737816649,0,0,0,Langub,0.0032162112830098435,False,0.05743464962893875,0.05743464962893875,0.3275781527230807,0.10607675870006322,0.32874282165494473,Low Suitability,2,False,True,613
TALOMO_1061,7.097920910858665,125.55392547128088,0.0,524.1416837945048,1307.5835966048548,5716.659497192053,3,0,0,Langub,0.0019042479979389977,False,-0.030831194708587847,0.049168805291412154,0.14540353931165717,0.08661282422646202,0.15053634529535972,Not Suitable,0,True,False,1495
TALOMO_1062,7.097908453483373,125.55618712765008,0.0,520.5196079390282,1131.485850973343,5712.507456214054,0,2,0,Langub,0.0019174734463999516,False,-0.004185714090427214,0.042480952576239454,0.20039797308394294,0.07086465359781347,0.20230972904535252,Not Suitable,1,False,True,1384
TALOMO_1063,7.097895985110158,125.55844877994676,0.0,270.8963660738354,987.7983598871045,5706.2042735185005,0,2,0,Langub,0.0036778718834676993,False,-0.008617229654950515,0.038049437011716154,0.19125163068102427,0.06042957581936652,0.19192123195421634,Not Suitable,0,False,True,1413
TALOMO_1064,7.097883505739118,125.56071042816735,14.0,26.43508897373331,892.3177509376559,5698.661910399187,0,2,0,Langub,0.03644967220472338,False,0.011902832936544178,0.058569499603210846,0.23360362422780137,0.10874903809883178,0.23002123900141203,Not Suitable,1,False,True,1295
TALOMO_1065,7.097871015370349,125.56297207230828,16.0,13.019672848089842,861.2295498188735,5702.081017220662,0,0,0,Langub,0.07132834059934919,False,0.07853620754298948,0.07853620754298948,0.37113031249930106,0.1557654926948876,0.36767999472205853,Low Suitability,2,False,True,385
TALOMO_1066,7.097858514003948,125.56523371236588,10.0,115.92030417034003,901.222340115913,5716.441925259272,0,1,0,Langub,0.008552834403707245,False,0.017812005728724562,0.0411453390620579,0.24579974920770012,0.06771962777098245,0.2510727263914716,Low Suitability,1,False,True,1230
TALOMO_1067,7.09784600164001,125.56749534833666,0.0,303.057272501565,1003.8361794470178,5740.89863162671,0,2,0,Langub,0.003288854075986138,False,-0.00823544457787364,0.03843122208879303,0.1920396087414478,0.06132858134376122,0.19237662631330735,Not Suitable,0,False,True,1411
TALOMO_1068,7.097833478278634,125.56975698021694,0.0,226.37668497773078,1152.4636410792177,5774.676119411564,0,2,0,Langub,0.004397988299011131,False,-0.0019342458096106366,0.04473242085705603,0.20504484829081684,0.07616628151357924,0.2061073360383036,Not Suitable,1,False,True,1374
TALOMO_1069,7.097820943919918,125.57201860800316,10.0,30.599911403395453,1226.8555534362126,5817.367830933828,0,0,0,Ma-a,0.03164565834486956,False,0.06706147629447319,0.06706147629447319,0.347447258823354,0.1287454560230941,0.34489669665137346,Low Suitability,2,False,True,495
TALOMO_1070,7.097808398563956,125.57428023169173,85.0,19.995729289825874,1064.7493638489166,5870.059430168124,0,0,0,Ma-a,0.047628733738940936,False,0.09674403986689906,0.09674403986689906,0.4087100222903738,0.19864024822953397,0.4014321603560932,Moderately Suitable,2,False,True,259
TALOMO_1071,7.097795842210847,125.57654185127906,493.0,54.35474720612919,941.2360673688978,5847.977753329987,2,0,0,Ma-a,0.018065297927858198,False,0.165429480807059,0.21876281414039234,0.5504720339063092,0.4859630346297282,0.5433937203681665,Moderately Suitable,3,False,True,50
TALOMO_1072,7.097783274860689,125.57880346676157,745.0,11.849075613082643,864.7888462756698,5610.145933909037,0,0,0,Ma-a,0.07782661026461875,False,0.33985004000174746,0.33985004000174746,0.9104640351246944,0.7710922644478649,0.7489277599800794,Highly Suitable,4,False,True,11
TALOMO_1073,7.09777069651358,125.58106507813561,468.0,12.031692146400369,857.2013548575035,5373.418929887168,0,0,0,Ma-a,0.07673600548308082,False,0.24112886719102558,0.24112886719102558,0.7067103450388296,0.5386293289893046,0.6959763227791228,Highly Suitable,3,False,True,15
TALOMO_1074,7.097758107169613,125.58332668539765,265.0,60.516359959559374,920.1785570726342,5137.949454051044,0,0,0,Ma-a,0.01625583829500634,False,0.13640736234748357,0.13640736234748357,0.4905723835892969,0.2920371570320071,0.47960425704305626,Moderately Suitable,3,False,True,107
TALOMO_1075,7.0977455068288915,125.58558828854405,299.0,207.21354470163482,1040.9913501192077,4903.918656411124,0,0,0,Ma-a,0.0048027615179069005,False,0.14629171108962152,0.14629171108962152,0.5109729974896967,0.3153122525183521,0.4921941284592369,Moderately Suitable,3,False,True,93
TALOMO_1076,7.097732895491508,125.58784988757125,183.0,193.10408410734735,1202.3299901232385,4671.5427628365715,1,0,0,Ma-a,0.005151875111741389,False,0.08501087327111084,0.11167753993777751,0.3844935758866454,0.23380479464150686,0.40854443385797645,Moderately Suitable,2,False,True,242
TALOMO_1077,7.097720273157563,125.59011148247568,69.0,21.709905143485173,1312.8197778973822,4440.9728394112835,0,0,0,Ma-a,0.04403364935616526,False,0.09842036849434113,0.09842036849434113,0.41216984893052894,0.20258757039390438,0.4050448071566352,Moderately Suitable,2,False,True,249
TALOMO_1078,7.097707639827155,125.59237307325367,30.0,73.10591812632894,1107.3908399155107,4212.392838920537,3,0,0,Ma-a,0.013494198915332134,False,-0.02105863170060856,0.05894136829939144,0.16557343516864947,0.1096246931002673,0.16066650002689276,Not Suitable,0,True,False,1477
TALOMO_1079,7.097694995500379,125.59463465990167,6.0,43.15283508653317,924.1932565318946,3986.3852170091786,2,0,0,Ma-a,0.02264860224808089,False,-0.004465133944492369,0.04886819938884096,0.19982126978182368,0.08590497474961423,0.1973221149389752,Not Suitable,0,False,True,1393
TALOMO_1080,7.097682340177335,125.59689624241612,14.0,54.14743469818423,703.1571198861199,3763.413446246587,2,0,0,Ma-a,0.018133209739907008,False,-0.012691535957301131,0.0406417973760322,0.182842543552008,0.06653391679200416,0.18479384277033944,Not Suitable,0,False,True,1427
TALOMO_1081,7.097669673858121,125.59915782079335,123.0,29.365287878167905,475.90732400359826,3544.0494631287343,2,0,0,Ma-a,0.03293234050710193,False,0.025823742965768184,0.07915707629910151,0.26233542214967187,0.15722747870529521,0.2628344018070743,Low Suitability,1,False,True,1160
TALOMO_1082,7.100427048569836,125.50870374130581,59.0,4.287475491600549,804.8423412739309,7398.926238238859,0,0,0,Catalunan Grande,0.1891261721380186,False,0.16061540029577565,0.16061540029577565,0.5405361038457428,0.3490408514060777,0.5158768232445399,Moderately Suitable,3,False,True,68
TALOMO_1083,7.100414807239491,125.51096548938364,420.0,18.801588081962226,1003.4805293654236,7272.827445279552,0,0,0,Catalunan Grande,0.05050100001377797,False,0.21436800758518063,0.21436800758518063,0.6514777769957514,0.4756143971134802,0.6165518519023578,Highly Suitable,3,False,True,24
TALOMO_1084,7.100402554905775,125.51322723346073,441.0,7.944519295603996,1221.136827437335,7153.24601972584,0,0,0,Catalunan Grande,0.11180030664045575,False,0.26598569603166794,0.26598569603166794,0.7580131249381743,0.5971607588130309,0.7136632653496341,Highly Suitable,4,False,True,14
TALOMO_1085,7.1003902915687815,125.5154889735335,150.0,169.05611732912558,1449.267790931658,7040.514057129325,0,0,0,Catalunan Grande,0.005880411805854687,False,0.10984314664400696,0.10984314664400696,0.4357456749945992,0.22948527089888487,0.40859503857887847,Moderately Suitable,2,False,True,241
TALOMO_1086,7.100378017228605,125.51775070959835,13.0,256.60805599082823,1683.6208327114916,6934.456570496977,0,0,0,Catalunan Grande,0.0038818661790437315,False,0.06921520917875155,0.06921520917875155,0.35189241491436146,0.13381694225262766,0.35087656101758224,Low Suitability,2,False,True,465
TALOMO_1087,7.100365731885341,125.5200124416517,1.0,278.9604119096378,1921.9211968362138,6832.075529720002,0,0,0,Catalunan Grande,0.0035719335929637356,False,0.07385769292567036,0.07385769292567036,0.36147418109143054,0.14474879576389585,0.3624499183222377,Low Suitability,2,False,True,412
TALOMO_1088,7.100353435539085,125.52227416968994,1.0,37.30116560331141,2162.864550857624,6736.9883726095395,0,0,0,Catalunan Grande,0.026108865990061222,False,0.09622793242756651,0.09622793242756651,0.4076448121409118,0.19742494813793887,0.40813004937353325,Moderately Suitable,2,False,True,243
TALOMO_1089,7.100341128189933,125.5245358937095,1.0,151.40628600309776,2405.656884068208,6646.828188854215,0,0,0,Catalunan Grande,0.0065614091532922355,False,0.09400248919918462,0.09400248919918462,0.4030516508468417,0.1921846025176745,0.40119995868608116,Moderately Suitable,2,False,True,261
TALOMO_1090,7.100328809837977,125.52679761370676,0.0,23.35738726277244,2494.954098965109,6561.651952313302,0,0,0,Catalunan Grande,0.04105530651591638,False,0.11726184990000851,0.11726184990000851,0.45105736671204366,0.24695440631416835,0.4475168312592394,Moderately Suitable,2,False,True,160
TALOMO_1091,7.100316480483317,125.52905932967813,7.0,15.490748279533411,2351.601247697486,6478.766420974969,1,0,0,Catalunan Grande,0.060640062115379874,False,0.09909469953296526,0.12576136619963194,0.4135616216733683,0.2669685780742282,0.466510604804737,Moderately Suitable,3,False,True,129
TALOMO_1092,7.100304140126047,125.53132104162003,1.0,73.35578282799644,2227.1643182311327,6397.807431403357,0,0,0,Catalunan Grande,0.013448853094765349,False,0.09125261283908409,0.09125261283908409,0.3973760957485992,0.18570935194460148,0.3987973458507809,Low Suitability,2,False,True,266
TALOMO_1093,7.100291788766261,125.53358274952888,0.0,141.75129514039008,2124.9690286287755,6323.765631923878,0,0,0,Catalunan Grande,0.007005190383852845,False,0.08323720901176872,0.08323720901176872,0.380832855217258,0.16683514036938052,0.3821630935312998,Low Suitability,2,False,True,328
TALOMO_1094,7.100279426404056,125.53584445340105,0.0,7.427666758837407,2048.3471006792515,6258.413953771055,0,0,0,Catalunan Grande,0.11865680367005274,False,0.14576375400895528,0.14576375400895528,0.5098833304980073,0.314069049573396,0.5177357102190098,Moderately Suitable,3,False,True,66
TALOMO_1095,7.100267053039526,125.53810615323296,0.0,29.93258285342361,2000.2395649248292,6200.981630238224,0,0,0,Catalunan Grande,0.03232837053208831,False,0.09333684516978297,0.09333684516978297,0.4016778074917364,0.19061718227093727,0.40218733845774784,Moderately Suitable,2,False,True,257
TALOMO_1096,7.100254668672771,125.54036784902101,0.0,170.50337422118912,1982.7230742895601,6148.330740071949,0,0,0,Catalunan Grande,0.005830789070717017,False,0.0771403949408227,0.0771403949408227,0.36824945158302,0.15247871352065862,0.3695106516010985,Low Suitability,2,False,True,378
TALOMO_1097,7.100242273303883,125.54262954076164,0.0,352.46328933767006,1996.6029303669318,6098.117849063903,0,1,0,Catalunan Grande,0.0028291481185325623,False,0.05257551784890761,0.07590885118224094,0.31754923995182444,0.14957874516417966,0.3178924570601783,Low Suitability,2,False,True,694
TALOMO_1098,7.10022986693296,125.54489122845123,0.0,289.7791688421262,2041.2387743180348,6055.507705775851,0,0,0,Catalunan Grande,0.003439035897866995,False,0.0779634591642423,0.0779634591642423,0.3699481993584434,0.15441681777934566,0.3708400342100999,Low Suitability,2,False,True,371
TALOMO_1099,7.100217449560097,125.54715291208618,4.0,79.571911064597,1838.5532431311215,6021.1227570014435,0,1,0,Catalunan Grande,0.012411273194181394,False,0.05359447587719286,0.0769278092105262,0.3196522990261306,0.1519781288791443,0.32726169627706597,Low Suitability,2,False,True,627
TALOMO_1100,7.100205021185393,125.5494145916629,3.0,165.62808864771466,1604.9185015665896,5995.03697455119,2,0,0,Langub,0.0060013891302216245,False,0.010601267363354941,0.06393460069668827,0.2309172826773976,0.12138246934476041,0.22776246144479392,Not Suitable,1,False,True,1306
TALOMO_1101,7.10019258180894,125.5516762671778,0.0,347.3115284897555,1377.0434871541024,5976.225723098417,0,0,0,Langub,0.0028709931145141864,False,0.05237643223082257,0.05237643223082257,0.3171383409706543,0.09416595951610192,0.3202540024572228,Low Suitability,2,False,True,673
TALOMO_1102,7.100180131430837,125.55393793862729,0.0,582.0806919102242,1158.3324800575667,5966.606381787619,3,0,0,Langub,0.0017150284924097058,False,-0.03661693703617461,0.043383062963825395,0.13346216629543478,0.07298889121407395,0.13264214041481778,Not Suitable,0,True,False,1517
TALOMO_1103,7.100167670051179,125.55619960600777,0.0,525.9386373924243,955.101828706812,5962.48485306977,3,1,0,Langub,0.0018977541767453941,False,-0.06757042746123744,0.03576290587209589,0.06957629748352107,0.05504538390186729,0.0942288822610984,Not Suitable,0,True,False,1533
TALOMO_1104,7.100155197670066,125.55846126931566,0.0,323.77664712613404,779.5542778035916,5955.8795399072305,0,2,0,Langub,0.003079039114569184,False,-0.016886085290116797,0.02978058137654987,0.1741852831034614,0.040958550515410176,0.17182455340624422,Not Suitable,0,False,True,1461
TALOMO_1105,7.100142714287592,125.56072292854735,8.0,74.370676164054,654.3624690373541,5948.653751211216,0,1,0,Langub,0.013267759437680656,False,0.010483241470008908,0.03381657480334224,0.2306736853759247,0.05046227552972353,0.24167620832863956,Not Suitable,1,False,True,1266
TALOMO_1106,7.1001302199038525,125.56298458369926,15.0,40.379918543796144,611.2901191148482,5951.929251067504,0,0,0,Langub,0.02416631146679539,False,0.04103791446614488,0.04103791446614488,0.2937364225282277,0.06746667051576154,0.2938176702920101,Low Suitability,1,False,True,918
TALOMO_1107,7.100117714518945,125.56524623476778,1.0,9.25385198836549,666.4540333513092,5965.688742100671,0,0,0,Langub,0.09752432560316335,False,0.0811884288628839,0.0811884288628839,0.376604314331603,0.16201079080019404,0.3729256917925592,Low Suitability,2,False,True,357
TALOMO_1108,7.10010519813297,125.56750788174934,0.0,210.44664098175156,799.7789365899873,5989.291076586727,0,0,0,Langub,0.004729325542165046,False,0.03151681075423971,0.03151681075423971,0.27408552131060954,0.045046923518646365,0.2745915569243367,Low Suitability,1,False,True,1085
TALOMO_1109,7.100092670746019,125.56976952464034,0.0,224.73269689359302,979.8631109781579,6021.970663029125,0,0,0,Langub,0.004430018396809324,False,0.03818856113379024,0.03818856113379024,0.2878555538219894,0.060757177294203574,0.28880532409725596,Low Suitability,1,False,True,968
TALOMO_1110,7.100080132358193,125.57203116343717,44.0,4.46777964542073,1185.5872321759275,6062.924030735793,0,0,0,Langub,0.1828895941037969,False,0.1661411349938788,0.1661411349938788,0.551940839052168,0.3620525334182952,0.5356100569977679,Moderately Suitable,3,False,True,55
TALOMO_1111,7.100067582969587,125.57429279813626,156.0,219.3812035548892,1276.6070781003514,6113.82570717318,1,0,0,Ma-a,0.004537592062614066,False,0.0779427919755494,0.10460945864221607,0.3699055437067733,0.21716128363727466,0.3890841631179915,Low Suitability,2,False,True,296
TALOMO_1112,7.100055022580301,125.576554428734,296.0,75.47945787546698,1172.2480994818688,5928.231756026454,0,2,0,Ma-a,0.013075406491875503,False,0.10840522621887388,0.15507189288554055,0.43277790643665837,0.33598731923430863,0.4542930744853518,Moderately Suitable,3,False,True,145
TALOMO_1113,7.100042451190429,125.5788160552268,474.0,36.419038047111975,1111.8003511717332,5693.753186561054,0,0,0,Ma-a,0.02672436417903,False,0.22361531480648952,0.22361531480648952,0.6705635811455044,0.4973894238939475,0.6248776658612263,Highly Suitable,3,False,True,22
TALOMO_1114,7.10002986880007,125.58107767761108,328.0,44.50700037258715,1105.9088728246668,5460.651879197924,0,0,0,Ma-a,0.021974641084064675,False,0.16906288725460986,0.16906288725460986,0.5579711341519037,0.3689325074691956,0.5315523105590758,Moderately Suitable,3,False,True,58
TALOMO_1115,7.100017275409322,125.5833392958832,192.0,203.5070234794656,1155.4085204459334,5229.112022332422,0,0,0,Ma-a,0.0048898076114261635,False,0.11291729295433482,0.11291729295433482,0.44209050089931246,0.23672409368615124,0.42798623963912824,Moderately Suitable,2,False,True,195
TALOMO_1116,7.10000467101828,125.58560091003964,283.0,97.82272704360601,1253.7556632956025,4999.148305592245,1,0,0,Ma-a,0.010119129778302365,False,0.1251820323769781,0.15184869904364476,0.4674040769454202,0.328397527898709,0.4643645107554184,Moderately Suitable,3,False,True,134
TALOMO_1117,7.099992055627046,125.58786252007677,200.0,158.1346317409301,1390.6249233249532,4771.11071453033,2,0,0,Ma-a,0.00628398726952152,False,0.07216887829826567,0.125502211631599,0.3579885842087391,0.2663583358140604,0.32622547349846764,Low Suitability,2,False,True,635
TALOMO_1118,7.099979429235715,125.59012412599098,83.0,21.3054813530604,1201.258639128473,4545.383495295685,0,0,0,Ma-a,0.044832029588224784,False,0.0995891478774786,0.0995891478774786,0.41458212894534535,0.20533974481173176,0.40509030245873723,Moderately Suitable,2,False,True,248
TALOMO_1119,7.099966791844385,125.5923857277787,38.0,25.198259164916088,972.5435831730315,4322.328630299496,2,0,0,Ma-a,0.0381704751336749,False,0.017768176219527074,0.0711015095528604,0.2457092881244352,0.13825869380031897,0.23749606795968806,Not Suitable,1,False,True,1278
TALOMO_1120,7.099954143453153,125.59464732543634,18.0,15.591071645682584,757.4032771656639,4102.382046726879,2,0,0,Ma-a,0.06027338205487319,False,0.0154818760212075,0.06881520935454083,0.24099052224282624,0.1328750456901019,0.2548569253578846,Low Suitability,1,False,True,1200
TALOMO_1121,7.099941484062119,125.5969089189603,12.0,34.01318872776853,571.38290782236,3885.6716643997793,3,0,0,Ma-a,0.02856066631848679,False,-0.0389630108983928,0.041036989101607205,0.12862003169521619,0.06746449152061113,0.14107210517175267,Not Suitable,0,True,False,1510
TALOMO_1122,7.0999288136713785,125.59917050834699,51.0,18.000448642196027,451.9924008672976,3673.023487980975,2,0,0,Ma-a,0.05263033620054681,False,0.011040353709104361,0.06437368704243769,0.23182352660325023,0.1224164045984307,0.2694460032258612,Low Suitability,1,False,True,1123
TALOMO_1123,7.102686348246392,125.50871599240315,46.0,11.937902743368012,991.0279924240772,7614.020962316222,0,0,0,Catalunan Grande,0.0772922798876813,False,0.09755827671518014,0.09755827671518014,0.41039055097249594,0.20055756629333832,0.39063893123344345,Low Suitability,2,False,True,288
TALOMO_1124,7.102674102982354,125.51097775149779,152.0,21.261495188357717,1158.1616727712524,7491.543551532148,0,0,0,Catalunan Grande,0.04492061254371532,False,0.1223625362299203,0.1223625362299203,0.4615848314098413,0.2589652088942595,0.42900390460835675,Moderately Suitable,2,False,True,194
TALOMO_1125,7.102661846711407,125.51323950659159,209.0,37.920735622266314,1351.1256191725895,7375.509091202788,0,0,0,Catalunan Grande,0.025693245104748384,False,0.13855368623349704,0.13855368623349704,0.4950022480190191,0.2970911969788798,0.46780130229949984,Moderately Suitable,3,False,True,127
TALOMO_1126,7.102649579433648,125.51550125768101,129.0,28.25991415333281,1560.3661164267578,7266.2262505599865,0,0,0,Catalunan Grande,0.034176450236990744,False,0.12323791798618464,0.12323791798618464,0.4633915589637641,0.26102650746795286,0.4474614189412134,Moderately Suitable,2,False,True,161
TALOMO_1127,7.102637301149169,125.5177630047624,117.0,9.864758198999576,1780.1529136006632,7161.624836883495,0,0,0,Catalunan Grande,0.09204070460510384,False,0.16127281642820185,0.16127281642820185,0.5418929653891186,0.3505888970746054,0.5139881191066175,Moderately Suitable,3,False,True,71
TALOMO_1128,7.10262501185807,125.52002474783217,29.0,137.47835497182925,2007.024258525327,7062.4879592918505,0,0,0,Catalunan Grande,0.007221345171261102,False,0.08911769777224202,0.08911769777224202,0.3929697783345729,0.18068217682843513,0.37852822444330475,Low Suitability,2,False,True,338
TALOMO_1129,7.1026127115604405,125.52228648688676,2.0,165.34164201677476,2238.827450434121,6969.279714089891,0,0,0,Catalunan Grande,0.006011723750443409,False,0.08769015569883468,0.08769015569883468,0.3900234299786103,0.1773206829216404,0.3902041343239555,Low Suitability,2,False,True,290
TALOMO_1130,7.102600400256381,125.52454822192256,1.0,69.52816686331667,2474.1766976765334,6881.126075514948,0,0,0,Catalunan Grande,0.014178732334529499,False,0.10107232749416994,0.10107232749416994,0.4176433093523125,0.2088322508030192,0.4166468428923212,Moderately Suitable,2,False,True,221
TALOMO_1131,7.102588077945982,125.52680995293596,6.0,70.36888785829481,2697.893781106513,6797.512056389345,0,0,0,Catalunan Grande,0.014011707762429082,False,0.11124584914984792,0.11124584914984792,0.4386407561967417,0.23278827402171096,0.4370814941507645,Moderately Suitable,2,False,True,178
TALOMO_1132,7.102575744629342,125.5290716799234,7.0,25.538227401546624,2565.903997885106,6714.62772895596,0,0,0,Catalunan Grande,0.03768149186715164,False,0.12045340964209025,0.12045340964209025,0.45764452583975634,0.25446970749234793,0.4483647808277495,Moderately Suitable,2,False,True,158
TALOMO_1133,7.102563400306556,125.53133340288124,7.0,1.723551890377219,2452.365347698492,6635.91305131646,0,0,0,Catalunan Grande,0.3671675959371927,False,0.3092507771445297,0.3092507771445297,0.8473092675752928,0.6990388815297439,0.8199793503307293,Highly Suitable,4,False,True,6
TALOMO_1134,7.102551044977721,125.53359512180594,0.0,29.188842156700826,2359.9424295566873,6564.151333872879,0,0,0,Catalunan Grande,0.03312482124386597,False,0.10748030559574458,0.10748030559574458,0.4308689340791233,0.22392138880082493,0.42789224599751013,Moderately Suitable,2,False,True,196
TALOMO_1135,7.10253867864293,125.53585683669387,0.0,7.3533553214133365,2291.1919917482896,6501.21534626972,0,0,0,Catalunan Grande,0.11971237443193142,False,0.15561590235833844,0.15561590235833844,0.5302174850092081,0.33726832142829927,0.5210360017777864,Moderately Suitable,3,False,True,63
TALOMO_1136,7.102526301302281,125.53811854754146,0.0,176.34191857445498,2248.2867288851457,6445.174935951199,0,0,0,Catalunan Grande,0.005638824751860128,False,0.08712516822842795,0.08712516822842795,0.3888573348171563,0.1759902829463497,0.3893195766636319,Low Suitability,2,False,True,294
TALOMO_1137,7.102513912955868,125.5403802543451,2.0,280.31341207188495,2232.717108706484,6393.236534203577,0,0,0,Catalunan Grande,0.003554754082412774,False,0.08601777888559956,0.08601777888559956,0.3865717596103498,0.1733826662619027,0.3876769241066741,Low Suitability,2,False,True,301
TALOMO_1138,7.102501513603792,125.54264195710118,0.0,278.49043493418196,2245.051928072092,6343.793095433444,0,0,0,Catalunan Grande,0.003577939975783046,False,0.085794273896263,0.085794273896263,0.3861104607315648,0.17285636957770073,0.3869065003037668,Low Suitability,2,False,True,304
TALOMO_1139,7.102489103246141,125.54490365580612,0.0,265.6410560074732,2016.6189355531221,6302.499267346992,0,2,0,Catalunan Grande,0.0037503601844870163,False,0.030543164346650005,0.07720983101331667,0.2720759822954521,0.15264221758750765,0.27425318938690857,Low Suitability,1,False,True,1091
TALOMO_1140,7.102476681883016,125.54716535045635,0.0,90.94134371218605,1771.224802241147,6269.4690919629975,0,0,0,Catalunan Grande,0.010876499729331869,False,0.07205611859647744,0.07205611859647744,0.3577558559633365,0.14050655223003977,0.36059770432076893,Low Suitability,2,False,True,422
TALOMO_1141,7.102464249514515,125.54942704104823,0.0,173.24286836347864,1527.3253317211017,6243.92895304993,0,1,0,Langub,0.005739115806530194,False,0.03643815745619802,0.05977149078953136,0.2842428413886283,0.11157941775916172,0.2851886299690916,Low Suitability,1,False,True,996
TALOMO_1142,7.1024518061407305,125.55168872757822,0.0,390.8789509651457,1285.7713784960981,6225.869765576735,3,3,0,Langub,0.002551808402919149,False,-0.10128100067591797,0.04871899932408206,0.0,0.08555364702490253,0.09585911665072512,Not Suitable,0,True,False,1532
TALOMO_1143,7.1024393517617606,125.5539504100427,0.0,401.91133347632734,1048.1857691280393,6216.5532663831855,0,2,0,Langub,0.0024819356441825036,False,-0.007022121617944237,0.03964454504872243,0.19454382362578182,0.06418564441234163,0.19579861154903713,Not Suitable,0,False,True,1397
TALOMO_1144,7.102426886377701,125.55621208843809,0.0,278.40714569740436,818.0334806383673,6212.462249925485,0,3,0,Langub,0.003579006533651762,False,-0.038463324171307246,0.03153667582869276,0.1296513506274357,0.04509370065255777,0.14303423566505233,Not Suitable,0,True,False,1507
TALOMO_1145,7.102414409988651,125.55847376276074,0.0,336.4792267613856,603.8742785448848,6205.580954000224,0,2,0,Langub,0.0029631453455564814,False,-0.023633732183498672,0.023032934483167997,0.16025860542349707,0.02506957999759816,0.16438871778547745,Not Suitable,0,False,True,1473
TALOMO_1146,7.1024019225947015,125.56073543300714,0.0,139.68165020830838,430.29003373409427,6198.646250155274,0,2,0,Langub,0.007108247582533276,False,-0.027804291524292174,0.018862375142374495,0.151650858663458,0.015248986914452773,0.15465529090236277,Not Suitable,0,False,True,1491
TALOMO_1147,7.102389424195955,125.56299709917363,0.0,39.086239959875975,361.4344781197152,6201.789716886387,0,1,0,Langub,0.024946215983363433,False,0.0033659804261015162,0.02669931375943485,0.2159841495882886,0.03370295888481554,0.21877401794174492,Not Suitable,1,False,True,1331
TALOMO_1148,7.102376914792508,125.56525876125666,0.0,85.75691133941845,448.46432502090266,6214.996061977147,0,2,0,Langub,0.011526459213003873,False,-0.024523719115496702,0.022142947551169967,0.15842173379444469,0.022973889996744053,0.1601554418543557,Not Suitable,0,False,True,1480
TALOMO_1149,7.102364394384454,125.56752041925262,0.0,42.005248995080855,629.7663214710967,6237.811964266746,0,2,0,Langub,0.023252975470840424,False,-0.01075723684305558,0.03590942982361109,0.18683480348000742,0.05539041006914668,0.18624902978909402,Not Suitable,0,False,True,1423
TALOMO_1150,7.102351862971893,125.5697820731579,0.0,234.48936646005788,846.8122510344424,6269.345209743473,1,3,0,Langub,0.004246476242355569,False,-0.06364455271408243,0.033022113952584246,0.07767903212263862,0.04859152484660309,0.10614843245811878,Not Suitable,0,True,False,1530
TALOMO_1151,7.102339320554919,125.57204372296894,84.0,245.53357908826496,1078.228341931709,6308.829299050923,0,0,0,Langub,0.004056242576359044,False,0.07136532097670371,0.07136532097670371,0.3563300973330039,0.13887990175650583,0.3491517671320047,Low Suitability,2,False,True,470
TALOMO_1152,7.102326767133633,125.57430536868212,145.0,350.48727959292745,1316.4580229493022,6250.130087171377,0,0,0,Langub,0.002845053172786631,False,0.10124916960590204,0.10124916960590204,0.41800829927090954,0.2092486684288992,0.3965344790988553,Low Suitability,2,False,True,271
TALOMO_1153,7.102314202708129,125.57656701029387,124.0,279.5340101408277,1409.7538362996709,6017.808546545707,1,0,0,Ma-a,0.003564630183334995,False,0.07113760906033781,0.09780427572700448,0.3558601156470587,0.20113683060696466,0.37020360557322984,Low Suitability,2,False,True,375
TALOMO_1154,7.102301627278506,125.57882864780056,100.0,129.7114376143137,1359.904516165887,5786.9433799231765,0,3,0,Ma-a,0.007650439917512574,False,0.019830544661192023,0.08983054466119203,0.24996587430895661,0.18236074765189506,0.23567347631655938,Not Suitable,0,True,False,1285
TALOMO_1155,7.10228904084486,125.58109028119866,96.0,6.879001299452142,1355.0921397510615,5557.492942165823,0,0,0,Ma-a,0.12691963892296018,False,0.15813998448596175,0.15813998448596175,0.5354270163887541,0.3432118847391889,0.5201947168047094,Moderately Suitable,3,False,True,65
TALOMO_1156,7.102276443407291,125.58335191048451,86.0,95.2548639248734,1395.7826196588944,5329.891318894151,0,0,0,Ma-a,0.010389085384614917,False,0.08785721614846127,0.08785721614846127,0.3903682312214408,0.17771406725261552,0.3827121961386654,Low Suitability,2,False,True,326
TALOMO_1157,7.102263834965895,125.58561353565455,143.0,13.575918522631774,1478.2231007086114,5104.3858729746835,1,0,0,Ma-a,0.06860631104978512,False,0.11857023910426484,0.1452369057709315,0.45375779176621994,0.31282845766727074,0.4496197546753005,Moderately Suitable,2,False,True,156
TALOMO_1158,7.10225121552077,125.58787515670517,116.0,224.29954171264257,1381.9298693612502,4881.267131516551,0,0,0,Ma-a,0.004438535437748232,False,0.09443419286165863,0.09443419286165863,0.40394265742373187,0.19320115345370656,0.3891411913149593,Low Suitability,2,False,True,295
TALOMO_1159,7.102238585072015,125.5901367736328,38.0,32.550155729251905,1134.7021049258042,4660.87786561975,0,0,0,Ma-a,0.02980612096319166,False,0.07236470296166794,0.07236470296166794,0.35839275280441146,0.14123318893143244,0.35103956319668983,Low Suitability,2,False,True,464
TALOMO_1160,7.102225943619724,125.59239838643384,23.0,104.21733669813361,889.0261919725979,4443.391054875845,0,0,0,Ma-a,0.009504137163906549,False,0.04582876707477209,0.04582876707477209,0.303624411800163,0.07874789448264118,0.3029320985074436,Low Suitability,1,False,True,830
TALOMO_1161,7.1022132911639995,125.59465999510469,70.0,81.5688816594537,646.673235184159,4229.229401000996,3,0,0,Ma-a,0.012111100209936117,False,-0.025264921999128984,0.05473507800087102,0.1568919421768763,0.09971996281449902,0.14468161419167794,Not Suitable,0,True,False,1504
TALOMO_1162,7.1049456476823645,125.50872824749773,4.0,42.585685664271985,1200.6255741191303,7831.188987010993,0,0,0,Catalunan Grande,0.022943312345771332,False,0.058845375552706754,0.058845375552706754,0.3304897937063035,0.10939865490560528,0.3297008146693595,Low Suitability,2,False,True,601
TALOMO_1163,7.104933398484595,125.51099001761277,23.0,29.933644149020175,1341.903032166296,7712.161209427247,0,0,0,Catalunan Grande,0.03232726138513089,False,0.07642489979787924,0.07642489979787924,0.3667727189687027,0.1507939067411253,0.36193863343623656,Low Suitability,2,False,True,415
TALOMO_1164,7.1049211382763815,125.5132517837269,53.0,37.11345492686105,1511.5904624749746,7599.496041850828,0,0,0,Catalunan Grande,0.026237453464110765,False,0.08989883752090042,0.08989883752090042,0.394581996886383,0.18252155974707862,0.3854996122546145,Low Suitability,2,False,True,312
TALOMO_1165,7.104908867057819,125.51551354583651,129.0,146.78109565492508,1701.207719460947,7493.241593624822,0,0,0,Catalunan Grande,0.006766765367168755,False,0.11252798253902314,0.11252798253902314,0.44128699105993185,0.23580736792843096,0.43127548053298354,Moderately Suitable,2,False,True,187
TALOMO_1166,7.104896584829003,125.51777530393804,113.0,36.25945602527328,1904.8122435719813,7390.2199179462905,0,0,0,Catalunan Grande,0.026838824467047905,False,0.12638512026397192,0.12638512026397192,0.4698871673453144,0.268437358242376,0.4606485658433521,Moderately Suitable,3,False,True,139
TALOMO_1167,7.104884291590028,125.52003705802784,52.0,8.622025947335525,2118.3747689608495,7294.144576441359,0,0,0,Catalunan Grande,0.10392821693407657,False,0.15815215480411182,0.15815215480411182,0.5354521350858075,0.3432405427038593,0.5209070422977271,Moderately Suitable,3,False,True,64
TALOMO_1168,7.104871987340991,125.52229880810236,1.0,66.54391699785997,2339.1694338542775,7202.706179725399,0,0,0,Catalunan Grande,0.014805182234718243,False,0.0963062363335833,0.0963062363335833,0.4078064260008853,0.19760933366874525,0.4100741613479382,Moderately Suitable,2,False,True,240
TALOMO_1169,7.104859672081984,125.52456055415801,4.0,28.106782836800946,2565.329534150798,7116.278574528562,0,0,0,Catalunan Grande,0.034356253166380774,False,0.11742348426794466,0.11742348426794466,0.4513909688966007,0.24733501362029775,0.44658598125412147,Moderately Suitable,2,False,True,163
TALOMO_1170,7.104847345813105,125.52682229619114,4.0,136.012131877624,2795.5531826982933,7033.372160465388,0,0,0,Catalunan Grande,0.007298623751750512,False,0.11031838337348249,0.11031838337348249,0.43672653081851276,0.23060433099537928,0.43645375682449455,Moderately Suitable,2,False,True,179
TALOMO_1171,7.104835008534449,125.52908403419823,6.0,128.10518079400686,2786.161916427897,6951.029931421076,0,1,0,Catalunan Grande,0.0077456225524794795,False,0.08759605394074077,0.1109293872740741,0.38982921044181484,0.232043087811817,0.39188917988453087,Low Suitability,2,False,True,283
TALOMO_1172,7.1048226602461115,125.53134576817564,0.0,76.35002236746313,2681.9639626182047,6874.475998300813,3,0,0,Catalunan Grande,0.012928244483878065,False,0.027886867910027174,0.10788686791002718,0.2665935697033576,0.22487873833724265,0.25590999474614695,Low Suitability,0,True,False,1197
TALOMO_1173,7.1048103009481895,125.53360749811979,1.0,127.01934166177874,2597.722689012882,6805.229878591068,1,0,0,Catalunan Grande,0.007811319657008972,False,0.075371147942501,0.10203781460916767,0.36459784783564,0.21110572428909807,0.38581910008792275,Low Suitability,2,False,True,310
TALOMO_1174,7.1047979306407765,125.53586922402705,5.0,120.29929225254729,2535.428098219686,6744.257624284688,0,2,0,Catalunan Grande,0.008244071184834138,False,0.054668396491113234,0.1013350631577799,0.32186879708541816,0.20945092562092807,0.32032962461827547,Low Suitability,2,False,True,672
TALOMO_1175,7.10478554932397,125.5381309458939,4.0,23.399997261688707,2496.7234755718277,6689.205826631702,0,0,0,Catalunan Grande,0.04098361115679858,False,0.11869928414635941,0.11869928414635941,0.45402413183051865,0.25033919374042857,0.45123844321961004,Moderately Suitable,2,False,True,151
TALOMO_1176,7.104773156997866,125.54039266371667,2.0,30.429159662350333,2482.7123445339053,6637.99224935108,0,0,0,Catalunan Grande,0.0318175863033946,False,0.1120881838518408,0.1120881838518408,0.4403792769105048,0.234771755294156,0.4304251820651486,Moderately Suitable,2,False,True,189
TALOMO_1177,7.104760753662557,125.54265437749183,2.0,31.986247284154892,2236.7891797473562,6589.793651873047,0,0,0,Catalunan Grande,0.030315664324761033,False,0.10185738321634256,0.10185738321634256,0.41926361020329994,0.21068085483069504,0.41713745554003373,Moderately Suitable,2,False,True,219
TALOMO_1178,7.104748339318145,125.54491608721575,0.0,23.424649288954555,1987.1364330306144,6549.719112687814,0,0,0,Catalunan Grande,0.040942246014243705,False,0.09788729550407249,0.09788729550407249,0.41106962305435757,0.2013323207994824,0.41196550680724314,Moderately Suitable,2,False,True,234
TALOMO_1179,7.1047359139647215,125.54717779288484,0.0,43.758168131402,1737.5835439829696,6517.941863447234,0,0,0,Catalunan Grande,0.02234229061976304,False,0.07749719604542898,0.07749719604542898,0.3689858644478634,0.15331888822472803,0.36754620845914854,Low Suitability,2,False,True,387
TALOMO_1180,7.104723477602385,125.54943949449552,0.0,197.862797056474,1488.1807488215936,6492.906068567024,0,0,0,Langub,0.005028592651827256,False,0.05786668885804733,0.05786668885804733,0.3284698518863544,0.10709409980909151,0.3289497304745092,Low Suitability,2,False,True,610
TALOMO_1181,7.104711030231231,125.55170119204416,0.0,152.03978241077127,1239.0186883199067,6475.541273316217,3,2,0,Langub,0.0065342487047970205,False,-0.07739116336984644,0.04927550329682024,0.049306976082990464,0.08686407054818363,0.08198331861376128,Not Suitable,0,True,False,1534
TALOMO_1182,7.104698571851357,125.55396288552723,0.0,180.98571767274404,990.2790913923029,6466.500150978752,2,0,0,Langub,0.0054949367059576116,False,-0.014124578033581886,0.039208755299751444,0.1798848435695499,0.06315947179501691,0.17906356812136345,Not Suitable,0,False,True,1444
TALOMO_1183,7.104686102462859,125.55622457494107,0.0,58.392013568221685,742.3867238114835,6462.4396467812,0,2,0,Langub,0.016837280636248043,False,-0.010235461995418402,0.03643120467124827,0.1879117107692259,0.05661905544760807,0.18701832578747196,Not Suitable,0,False,True,1421
TALOMO_1184,7.1046736220658335,125.55848626028214,0.0,197.78108735446776,496.6119375672828,6455.305481494667,1,0,0,Langub,0.005030659673456728,False,-0.006500284439148296,0.02016638222751837,0.1956208595622119,0.018319587741415226,0.21286069053036646,Not Suitable,1,False,True,1354
TALOMO_1185,7.104661130660376,125.56074794154681,8.0,167.95739678132287,259.053634170829,6448.639330690529,0,2,0,Langub,0.005918651796548888,False,-0.03218792839108169,0.014478738275584975,0.14260333458959695,0.004926651137587055,0.14325009458534166,Not Suitable,0,False,True,1506
TALOMO_1186,7.1046486282465855,125.56300961873148,8.0,83.21663615948901,112.22367940812062,6451.6609935149645,0,2,0,Langub,0.011874138479079185,False,-0.03428015344783089,0.012386513218835778,0.13828512641129564,0.0,0.14550933327412488,Not Suitable,0,False,True,1503
TALOMO_1187,7.104636114824557,125.56527129183259,2.0,243.35460645461023,288.23518706549265,6464.356884730005,0,2,0,Langub,0.004092413130692315,False,-0.03426702740629972,0.012399639260366944,0.13831221765547408,3.0908447077874e-05,0.14107017759820123,Not Suitable,0,False,True,1511
TALOMO_1188,7.104623590394389,125.56753296084655,1.0,120.22124257597333,527.7924704895499,6486.446531269438,0,0,0,Langub,0.008249379223886995,False,0.023591492583630753,0.023591492583630753,0.25772821135986357,0.02638484046261188,0.25729936104781376,Low Suitability,1,False,True,1188
TALOMO_1189,7.104611054956177,125.56979462576973,1.0,306.4174717402127,773.9833723977831,6516.781445255776,0,3,0,Langub,0.0032529055500302322,False,-0.039976286616943364,0.030023713383056642,0.1265287005161901,0.04153106376993622,0.13983823346137297,Not Suitable,0,True,False,1512
TALOMO_1190,7.10459850851002,125.57205628659855,2.0,495.5335668396507,1022.025258783279,6555.04435123464,0,1,0,Langub,0.0020139625330162975,False,0.015748341828991336,0.03908167516232467,0.24154048928709712,0.06286023080198955,0.24497022529408624,Not Suitable,1,False,True,1256
TALOMO_1191,7.104585951056013,125.57431794332943,38.0,555.0748693297005,1270.8347644103112,6344.9159296352955,0,0,0,Langub,0.0017983189947163272,False,0.061125162601311026,0.061125162601311026,0.33519511689623055,0.1147669662257621,0.33448729182888864,Low Suitability,2,False,True,569
TALOMO_1192,7.104573382594255,125.57657959595876,24.0,475.71383377731973,1520.0349888330184,6115.960417067791,0,0,0,Magtuod,0.002097694526874408,False,0.06583311196869675,0.06583311196869675,0.34491199959758834,0.12585297441198062,0.3462806162379243,Low Suitability,2,False,True,485
TALOMO_1193,7.104560803124844,125.57884124448297,52.0,333.22011089162316,1608.595836532956,5888.716795036108,0,0,0,Magtuod,0.0029920401777506077,False,0.07960982369724078,0.07960982369724078,0.37334618217483573,0.15829358221881876,0.373919299596478,Low Suitability,2,False,True,353
TALOMO_1194,7.104548212647875,125.58110288889846,74.0,124.83981359697391,1604.5295196530028,5663.391136160439,0,0,0,Magtuod,0.007946610626766274,False,0.09012611603822655,0.09012611603822655,0.39505108406660955,0.1830567421177905,0.39492654529114174,Low Suitability,2,False,True,275
TALOMO_1195,7.104535611163447,125.5833645292016,69.0,17.04234708273113,1639.039167794544,5440.221762956077,0,0,0,Magtuod,0.05542516145014913,False,0.11750056435492834,0.11750056435492834,0.45155005687851896,0.2475165173724866,0.44074869257816934,Moderately Suitable,2,False,True,176
TALOMO_1196,7.1045229986716585,125.58562616538885,53.0,69.62849322736518,1620.6288932339858,5219.48527147469,0,0,0,Ma-a,0.014158591728423672,False,0.08696519256992903,0.08696519256992903,0.3885271560944464,0.17561358147372966,0.386721639386669,Low Suitability,2,False,True,305
TALOMO_1197,7.104510375172605,125.58788779745657,53.0,105.03987205109988,1370.8598442857174,5001.4001889053025,0,0,0,Ma-a,0.009430415000105875,False,0.07469723061596995,0.07469723061596995,0.3632069289660194,0.14672569079419825,0.3622985346909257,Low Suitability,2,False,True,413
TALOMO_1198,7.104497740666387,125.59014942540122,33.0,18.465824872327634,1121.1937458643397,4786.090378306972,0,0,0,Ma-a,0.05137208448955005,False,0.08272583924232456,0.08272583924232456,0.37977742329160236,0.16563099627014383,0.37605739194875154,Low Suitability,2,False,True,348
TALOMO_1199,7.104485095153099,125.59241104921915,19.0,14.160045776570287,871.7190595917688,4574.3106987898345,2,0,0,Ma-a,0.0659628615070207,False,0.02351609369314396,0.07684942702647729,0.2575725932515322,0.15179355902373348,0.27445067236276005,Low Suitability,1,False,True,1088
TALOMO_1200,7.107143571081147,125.52004937223883,1.0,23.898080909912224,2252.0828024810116,7526.149980058374,0,0,0,Catalunan Grande,0.04016373806552649,False,0.10785786559318047,0.10785786559318047,0.43164819186664843,0.22481044535087177,0.4311638827016738,Moderately Suitable,2,False,True,188
TALOMO_1201,7.1070075751489,125.54492852268022,0.0,226.6816729950481,1988.8867428096198,6797.142333018098,0,1,0,Langub,0.0043920970311112795,False,0.053198188674587116,0.07653152200792045,0.31883438957909094,0.15104497458427968,0.32248271703512327,Low Suitability,2,False,True,662
TALOMO_1202,7.106995145805141,125.54719023937176,0.0,202.6798480985901,1739.5849633078121,6766.527142890706,3,0,0,Langub,0.004909665876792856,False,-0.012644101486864484,0.06735589851313552,0.18294044502657075,0.12943874451699897,0.19876298139183343,Not Suitable,0,True,False,1390
TALOMO_1203,7.106982705448933,125.54945195200479,0.0,113.99231217842777,1490.517095980259,6741.958888908608,0,2,0,Langub,0.008696233522536276,False,0.013438487565078337,0.060105154231745006,0.2367731094390558,0.11236510922760594,0.23626746751804095,Not Suitable,1,False,True,1282
TALOMO_1204,7.106970254080373,125.55171366057571,0.0,89.01631193583023,1241.8238934133165,6725.237187409906,0,0,0,Langub,0.011109097656798784,False,0.05206351727521459,0.05206351727521459,0.3164925060897172,0.09342912538965792,0.31730418710630404,Low Suitability,2,False,True,697
TALOMO_1205,7.106957791699555,125.55397536508093,0.0,31.17129982043375,993.7866728302361,6716.447035574318,3,0,0,Langub,0.03108360574740737,False,-0.025660163043486423,0.05433983695651358,0.15607619192828856,0.0987892719528619,0.15931840958015805,Not Suitable,0,True,False,1481
TALOMO_1206,7.10694531830658,125.55623706551687,0.0,155.12771178468134,747.0591140852065,6712.417043636916,0,2,0,Langub,0.006405012848578213,False,-0.016172240483147,0.03049442618351967,0.17565860953818271,0.04263947117878408,0.17688289930413637,Not Suitable,0,False,True,1449
TALOMO_1207,7.106932833901543,125.5584987618799,0.0,291.62857475417366,503.5699442784056,6705.050539867679,0,2,0,Langub,0.003417301269502005,False,-0.02718132827614157,0.0194853383905251,0.15293661183053117,0.01671590491415629,0.1558678298187838,Not Suitable,0,False,True,1489
TALOMO_1208,7.10692033848454,125.56076045416644,9.0,180.92065505735525,272.1544738256923,6698.632927702007,0,0,0,Langub,0.005496901930595642,False,0.015082713741305508,0.015082713741305508,0.24016667883459353,0.006348857800138955,0.24813534774913526,Not Suitable,1,False,True,1246
TALOMO_1209,7.106907832055665,125.56302214237292,9.0,21.759060772275703,139.8335670220937,6701.541871689475,0,0,0,Langub,0.043938544301360856,False,0.03258253915403838,0.03258253915403838,0.27628511120511595,0.0475564394124025,0.2939487573587519,Low Suitability,1,False,True,914
TALOMO_1210,7.106895314615021,125.56528382649572,4.0,241.84885082264742,300.06465188173246,6713.765248794522,0,2,0,Langub,0.004117787655212337,False,-0.03309628420502579,0.013570382461640875,0.14072855085544386,0.0027877071508178703,0.14157967337959013,Not Suitable,0,False,True,1509
TALOMO_1211,7.1068827861627,125.56754550653123,0.0,366.91670343593455,534.34461179251,6735.177913465681,0,1,0,Langub,0.0027180065233818078,False,-0.003087739817624908,0.020245593515708427,0.2026641162357443,0.01850610992353536,0.20941057413228598,Not Suitable,1,False,True,1363
TALOMO_1212,7.106870246698802,125.5698071824759,1.0,462.67308878023863,778.466141199777,6764.401740486584,1,0,0,Langub,0.0021566919111709708,False,0.002884991693309129,0.029551658359975794,0.21499142202634935,0.040419495772524676,0.2280691795058322,Not Suitable,1,False,True,1305
TALOMO_1213,7.106857696223421,125.5720688543261,1.0,524.3299495675454,1025.4242545586944,6674.519896146623,0,0,0,Langub,0.0019035655606980063,False,0.03879316255474426,0.03879316255474426,0.28910340944447815,0.06218085792011003,0.29030732805798715,Low Suitability,1,False,True,957
TALOMO_1214,7.106845134736658,125.57433052207828,7.0,536.5425061426737,1273.5698923420093,6447.575475561137,0,0,0,Magtuod,0.0018603180001072913,False,0.05032110056477278,0.05032110056477278,0.31289627820554805,0.08932618281139308,0.3132122483930396,Low Suitability,2,False,True,731
TALOMO_1215,7.106832562238609,125.57659218572881,33.0,373.85219100969573,1522.3224492606091,6222.398507172113,0,0,0,Magtuod,0.0026677181672765905,False,0.06943158636061805,0.06943158636061805,0.35233900249026284,0.13432645478606745,0.3518984505190564,Low Suitability,2,False,True,459
TALOMO_1216,7.10681997872937,125.57885384527411,94.0,269.0583676622074,1771.4262638804933,5999.188015978331,3,0,0,Magtuod,0.003702903222946283,False,0.02104550964979658,0.10104550964979658,0.25247347822719557,0.2087691016866928,0.23609842699249353,Not Suitable,0,True,False,1283
TALOMO_1217,7.1068073842090405,125.58111550071055,117.0,69.91431646359891,1854.1184567499135,5778.171901220863,0,0,0,Magtuod,0.014101524908772277,False,0.11840438720550217,0.11840438720550217,0.4534154848889968,0.24964478739802357,0.44373102980533924,Moderately Suitable,2,False,True,166
TALOMO_1218,7.106794778677716,125.58337715203463,76.0,15.011615427151625,1884.0620121926497,5559.604841631364,0,0,0,Magtuod,0.06245466015279473,False,0.133408203327597,0.133408203327597,0.4843823262788166,0.28497491000009045,0.4744370154653806,Moderately Suitable,3,False,True,116
TALOMO_1219,7.106782162135497,125.58563879924266,31.0,174.21515129051903,1649.5346490532027,5343.401621846695,0,0,0,Magtuod,0.005707268992633689,False,0.0753438741433249,0.0753438741433249,0.3645415565957107,0.14824836975236275,0.3643681152243984,Low Suitability,2,False,True,401
TALOMO_1220,7.106769534582478,125.58790044233108,37.0,125.78488342665042,1404.9139694363214,5130.262971046851,0,0,0,Magtuod,0.007887375631642518,False,0.06943893213717314,0.06943893213717314,0.3523541636663007,0.134343752197885,0.3510948458444049,Low Suitability,2,False,True,462
TALOMO_1221,7.109266810738328,125.54494096219959,0.0,175.83925501677754,2021.7887495903435,7044.747499769271,0,0,0,Langub,0.0056548530466559895,False,0.0785226360858415,0.0785226360858415,0.37110230194801797,0.15573353540875282,0.37331685498771666,Low Suitability,2,False,True,356
TALOMO_1222,7.109254377404197,125.5472026899172,0.0,368.9669135246829,1777.1086395639597,7015.206190109012,0,1,0,Langub,0.002702944407847118,False,0.04415591730299219,0.06748925063632552,0.3001717652780946,0.12975275442109332,0.3029172989928022,Low Suitability,1,False,True,831
TALOMO_1223,7.109241933054079,125.5494644135762,0.0,138.2326750416995,1534.1448711434166,6991.079323268554,0,2,0,Langub,0.007182222130692417,False,0.014209932996874522,0.06087659966354119,0.23836531958965565,0.1141816645268959,0.23868763064161194,Not Suitable,1,False,True,1275
TALOMO_1224,7.109229477688074,125.55172613317299,0.0,42.22478262246645,1293.8646971373914,6974.952537826066,0,1,0,Langub,0.02313487632162762,False,0.03775728557278066,0.061090618906113996,0.2869654308169879,0.11468562472060714,0.29134220623878176,Low Suitability,1,False,True,947
TALOMO_1225,7.109217011306279,125.55398784870395,0.0,111.66149455406531,1058.097927103733,6966.393920169884,0,2,0,Langub,0.008876147116263475,False,-0.002897544049816944,0.043769122616849725,0.20305666717923732,0.07389796226387009,0.2023875177133356,Not Suitable,1,False,True,1383
TALOMO_1226,7.109204533908789,125.55624956016555,0.0,131.66987308872294,830.6964500851074,6962.3944404926315,0,0,0,Langub,0.0075375062681431095,False,0.03433825558076408,0.03433825558076408,0.2799087887861716,0.05169069939705641,0.27994867409563745,Low Suitability,1,False,True,1043
TALOMO_1227,7.109192045495702,125.55851126755415,0.0,139.03733447716638,620.9202533552777,6954.813917348516,0,0,0,Langub,0.007140952830425759,False,0.026129703219858972,0.026129703219858972,0.26296690300646974,0.03236167277234381,0.26307382913709887,Low Suitability,1,False,True,1157
TALOMO_1228,7.109179546067113,125.56077297086617,1.0,55.802305303603845,453.9023351664598,6948.626985445278,0,0,0,Langub,0.017604919283734678,False,0.026265389353979457,0.026265389353979457,0.26324694982655306,0.032681178671034324,0.262735432476395,Low Suitability,1,False,True,1163
TALOMO_1229,7.109167035623121,125.563034670098,1.0,169.55113510537586,389.2463213857622,6951.431315978892,0,2,0,Langub,0.005863344148264654,False,-0.029741461711647387,0.01692520495501928,0.1476526730386304,0.01068745005853635,0.150428939766137,Not Suitable,0,False,True,1496
TALOMO_1230,7.10915451416382,125.56529636524607,0.0,326.19436882496683,471.1667088782176,6963.216045670688,0,0,0,Langub,0.0030562873181199266,False,0.01804170661426046,0.01804170661426046,0.24627383598879687,0.013316523901177824,0.24780280632354873,Not Suitable,1,False,True,1249
TALOMO_1231,7.1091419816893096,125.56755805630678,0.0,358.7084006725378,646.129581738767,6983.932460475759,0,1,0,Langub,0.002780029596557448,False,0.0011989105201035098,0.024532243853436844,0.21151146680454874,0.02860006740420004,0.23322210222579792,Not Suitable,1,False,True,1289
TALOMO_1232,7.109129438199687,125.56981974327651,0.0,319.28964795069356,859.051107467243,7006.459414995175,2,2,0,Langub,0.003122173964716909,False,-0.0671715013797147,0.03282849862028531,0.07039965339459392,0.04813561060637936,0.10228471517350335,Not Suitable,0,False,True,1531
TALOMO_1233,7.109116883695047,125.57208142615171,2.0,275.08089118719465,1087.8667997891469,6781.407464750576,0,0,0,Magtuod,0.00362212681833875,False,0.04252766560822646,0.04252766560822646,0.2968111661102426,0.07097465075678856,0.2963440092158827,Low Suitability,1,False,True,894
TALOMO_1234,7.10910431817549,125.57434310492876,19.0,307.42487817532947,1324.363825739084,6558.162918986927,0,0,0,Magtuod,0.003242280603030773,False,0.0572989111367645,0.0572989111367645,0.3272979978395865,0.10575712951164136,0.3285233553418676,Low Suitability,2,False,True,616
TALOMO_1235,7.10909174164111,125.57660477960408,32.0,183.1290385567298,1565.06386827153,6336.9168008563465,3,0,0,Magtuod,0.005430973885696481,False,-0.007676775124916477,0.07232322487508352,0.19319266395075455,0.14113551872057398,0.19486315417055114,Not Suitable,0,True,False,1400
TALOMO_1236,7.109079154092007,125.57886645017405,65.0,45.389901689039135,1808.289324364834,6117.88592652525,0,0,0,Magtuod,0.021556415590255,False,0.10267289600892064,0.10267289600892064,0.42094677234642597,0.2126011774146881,0.41553979312557854,Moderately Suitable,2,False,True,226
TALOMO_1237,7.109066555528277,125.58112811663511,83.0,63.663526429223644,2053.1428711744857,5901.035559576404,0,0,0,Magtuod,0.015464668495841048,False,0.1147671298206732,0.1147671298206732,0.4459084365745295,0.24107998306454181,0.4414193061460273,Moderately Suitable,2,False,True,173
TALOMO_1238,7.109053945950018,125.58338977898366,85.0,30.496441667400884,1952.6065666639256,5686.816150986929,0,0,0,Magtuod,0.03174961827624514,False,0.12119535401378817,0.12119535401378817,0.4591758478375383,0.2562167953933652,0.4525076167547554,Moderately Suitable,2,False,True,148
TALOMO_1239,7.109041325357328,125.58565143721607,29.0,244.55064767699466,1714.7860237561222,5475.631031658941,0,0,0,Magtuod,0.004072479586025904,False,0.07616061506152201,0.07616061506152201,0.36622725350538826,0.150171584255874,0.361018347504946,Low Suitability,2,False,True,420
TALOMO_1240,7.111526046086354,125.544953405774,0.0,310.8190365709355,2084.3677747020342,7292.51607990713,0,2,0,Langub,0.0032069882935851822,False,0.03280064232324675,0.07946730898991342,0.27673526109981816,0.15795799678898548,0.27880975607788083,Low Suitability,1,False,True,1053
TALOMO_1241,7.11151360876181,125.54721514452126,0.0,387.4779462353558,1847.991988364423,7263.903531718987,2,0,0,Langub,0.0025741486992781806,False,0.016775562180927878,0.07010889551426121,0.24366060122741678,0.13592134339593756,0.221160890350213,Not Suitable,1,False,True,1321
TALOMO_1242,7.111501160417748,125.5494768792098,0.0,352.2479693139875,1615.7226735742356,7240.260392329298,0,0,0,Langub,0.0028308726075397237,False,0.06142799869026495,0.06142799869026495,0.3358201496917164,0.11548006721713701,0.34041184556498894,Low Suitability,2,False,True,529
TALOMO_1243,7.111488701054261,125.55173860983605,0.0,193.33828334183974,1389.6204973821664,7224.670694283499,0,0,0,Langub,0.005145666529538118,False,0.05418784005436771,0.05418784005436771,0.3208769617526963,0.09843135839645409,0.3221004730291223,Low Suitability,2,False,True,665
TALOMO_1244,7.111476230671451,125.55400033639637,0.0,47.158585339595064,1173.256363966308,7216.34080476545,0,0,0,Langub,0.020764729548187522,False,0.05511567677739595,0.05511567677739595,0.3227919527392463,0.10061617490663607,0.32267508512130594,Low Suitability,2,False,True,661
TALOMO_1245,7.11146374926941,125.55626205888724,0.0,51.516549141734906,973.1474011835129,7212.37210040528,0,0,0,Langub,0.019041616715925837,False,0.0464971861691989,0.0464971861691989,0.30500398269803347,0.08032184929277014,0.30551885096811293,Low Suitability,1,False,True,808
TALOMO_1246,7.111451256848235,125.55852377730498,0.0,142.6041446364998,801.5617463882667,7204.593708718721,0,0,0,Langub,0.006963587315193899,False,0.03289411494777957,0.03289411494777957,0.27692818214834636,0.0482901201575632,0.2773424284405872,Low Suitability,1,False,True,1066
TALOMO_1247,7.111438753408024,125.56078549164607,0.0,52.91973656732885,680.4311883767461,7198.621455919396,0,0,0,Langub,0.018546084674418123,False,0.0350770689681692,0.0350770689681692,0.2814336486483741,0.053430414636476894,0.2809494126335503,Low Suitability,1,False,True,1031
TALOMO_1248,7.111426238948874,125.56304720190687,1.0,199.89404637209068,639.1181197232432,7201.328434638764,0,0,0,Langub,0.004977748310907264,False,0.025906798301611866,0.025906798301611866,0.26250684263301555,0.031836789101003904,0.2627949518233905,Low Suitability,1,False,True,1162
TALOMO_1249,7.111413713470881,125.56530890808381,1.0,354.1623276914804,692.0674387668855,7212.704872754083,0,0,0,Langub,0.0028156139377165925,False,0.026652798436457032,0.026652798436457032,0.26404653544613366,0.03359342727963537,0.26453783680690696,Low Suitability,1,False,True,1148
TALOMO_1250,7.111401176974143,125.56757061017326,0.0,161.3986129350169,821.2446095068995,7232.7098614118495,0,2,0,Langub,0.006157688061043635,False,-0.013496511897127389,0.03317015476953928,0.18118112874604325,0.0489401228413112,0.17474412930604546,Not Suitable,0,False,True,1455
TALOMO_1251,7.111388629458757,125.5698323081717,0.0,94.13246741979025,997.4608150132628,7117.144433892868,0,1,0,Magtuod,0.010511658397204273,False,0.019088825341166845,0.04242215867450018,0.24843501680230132,0.07072620910210657,0.252351769499344,Low Suitability,1,False,True,1218
TALOMO_1252,7.111376070924821,125.57209400207546,3.0,27.05361991217603,1200.1722569405217,6895.7058059267965,0,0,0,Magtuod,0.03564602369072424,False,0.06592025146447988,0.06592025146447988,0.3450918495052882,0.12605816548100252,0.34338079732946,Low Suitability,2,False,True,507
TALOMO_1253,7.11136350137243,125.574355691881,15.0,60.06562272473829,1418.0616401174134,6676.28431321591,0,0,0,Magtuod,0.016375825798217728,False,0.06714698980240788,0.06714698980240788,0.34762375280430863,0.12894681830952043,0.34606329743916336,Low Suitability,2,False,True,489
TALOMO_1254,7.111350920801682,125.57661737758467,19.0,21.755988112215846,1645.109170850151,6458.908612019257,0,0,0,Magtuod,0.04394447716656966,False,0.09335019037746523,0.09335019037746523,0.4017053510797308,0.19064860679785278,0.40096200143958266,Moderately Suitable,2,False,True,262
TALOMO_1255,7.1113383292126775,125.57887905918294,15.0,170.86435739370407,1877.9961535791424,6243.809551720577,0,0,0,Magtuod,0.005818542105907488,False,0.07844695574234309,0.07844695574234309,0.3709461029400875,0.15555532769195554,0.37074826676582084,Low Suitability,2,False,True,373
TALOMO_1256,7.111313112980281,125.58340241004878,61.0,22.451887787697054,2038.921026675958,5821.9818135784535,0,2,0,Magtuod,0.04264049056744181,False,0.07572068731873352,0.1223873539854002,0.36531927299409345,0.2590236483163823,0.36168300048164503,Low Suitability,2,False,True,417
TALOMO_1257,7.111300488337084,125.5856640793092,35.0,147.7511026560667,1812.4617667999485,5615.881898453602,0,1,0,Magtuod,0.006722639241956676,False,0.06021266664898661,0.08354599998231994,0.3333117882020811,0.16756226357318468,0.32846634572308425,Low Suitability,2,False,True,617
TALOMO_1258,7.1137852811929045,125.5449658534035,0.0,215.57310855267693,2174.062623859427,7540.431964808298,3,2,0,Langub,0.00461737843023466,False,-0.04296233156481018,0.0837043351018565,0.12036570974564248,0.16793510199908365,0.13844052476974572,Not Suitable,0,True,False,1514
TALOMO_1259,7.113772839877913,125.54722760318401,0.0,151.12547434840363,1948.5978705996063,7512.600873328964,0,0,0,Langub,0.006573520998263325,False,0.07627820429585946,0.07627820429585946,0.3664699495727918,0.15044847661659203,0.36733773919062496,Low Suitability,2,False,True,388
TALOMO_1260,7.113760387539866,125.5494893489057,0.0,250.42694748249713,1729.889889602255,7489.49604400935,0,0,0,Langub,0.00397729841615173,False,0.06644080380018945,0.06644080380018945,0.346166233614227,0.12728393215874315,0.34626040656748075,Low Suitability,2,False,True,486
TALOMO_1261,7.113747924178862,125.551751090565,0.0,56.65090320586216,1520.8564688986548,7474.388850740932,0,0,0,Langub,0.017345782015403297,False,0.06632828760034841,0.06632828760034841,0.34593400794004453,0.12701898548765933,0.34501886599034026,Low Suitability,2,False,True,494
TALOMO_1262,7.113735449794995,125.55401282815829,0.0,51.945548270392564,1326.080603822282,7466.287689361016,0,0,0,Langub,0.01888732920269343,False,0.05982601490175092,0.05982601490175092,0.33251376567019253,0.11170780800027172,0.3335840493568401,Low Suitability,2,False,True,578
TALOMO_1263,7.113722964388366,125.55627456168199,0.0,143.33112343899668,1152.8118392332942,7462.351123186111,0,0,0,Langub,0.006928512549288527,False,0.0462288198387672,0.0462288198387672,0.30445009310613097,0.07968991570472408,0.3057905566384058,Low Suitability,1,False,True,805
TALOMO_1264,7.113710467959066,125.5585362911325,0.0,58.864510555415215,1012.1563641647637,7454.388264000885,0,0,0,Langub,0.016704387803761007,False,0.04661052057923829,0.04661052057923829,0.3052378971016184,0.0805887226381338,0.305726430888611,Low Suitability,1,False,True,806
TALOMO_1265,7.113697960507196,125.56079801650624,0.0,135.85537195351554,919.2093746051639,7448.616297567478,0,0,0,Langub,0.00730698390370574,False,0.03756859098849463,0.03756859098849463,0.28657597821272024,0.05929730728082348,0.28727024320419847,Low Suitability,1,False,True,976
TALOMO_1266,7.11368544203285,125.56305973779959,1.0,270.6334627720607,889.0620018900817,7451.232455527176,0,0,0,Langub,0.003681431550424047,False,0.034650405728444356,0.034650405728444356,0.2805530451563086,0.05242573259781371,0.2826811856182903,Low Suitability,1,False,True,1016
TALOMO_1267,7.113672912536127,125.56532145500901,1.0,223.1885760294117,927.8559220307766,7462.227915590307,2,0,0,Langub,0.004460530584166823,False,-0.01675126575314935,0.03658206758018398,0.17446354132680578,0.05697429874207595,0.17330810389572715,Not Suitable,0,False,True,1459
TALOMO_1268,7.113660372017125,125.56758316813085,1.0,60.351587182062445,1027.8141762450864,7454.52899805277,0,2,0,Magtuod,0.016299496817131623,False,0.0006549319318738395,0.04732159859854051,0.21038873252654333,0.08226312822916118,0.21156832048288313,Not Suitable,1,False,True,1355
TALOMO_1269,7.113647820475938,125.56984487716153,0.0,108.92383471799269,1173.4084326154932,7234.778244826162,0,1,0,Magtuod,0.00909720810382461,False,0.024949701197176943,0.04828303453051028,0.260531460237863,0.08452706222262722,0.2631423008926896,Low Suitability,1,False,True,1154
TALOMO_1270,7.113635257912666,125.57210658209746,1.0,222.97040005973088,1349.952857908724,7016.963748049996,0,0,0,Magtuod,0.0044648757145288355,False,0.05263362178561034,0.05263362178561034,0.3176691624686932,0.0947715746761839,0.3188849407195331,Low Suitability,2,False,True,687
TALOMO_1271,7.113622684327407,125.57436828293504,6.0,190.35787956012132,1546.88657871827,6801.135015656462,0,2,0,Magtuod,0.005225810415012555,False,0.015666001442271253,0.06233266810893792,0.2413705444094215,0.11761033069250638,0.24088950607343754,Not Suitable,1,False,True,1267
TALOMO_1272,7.113610099720254,125.57662997967071,5.0,199.20544976586717,1757.368332553394,6587.723033107039,0,2,0,Magtuod,0.004994869026639698,False,0.023180555993065656,0.06984722265973232,0.25688006658671064,0.13530517121967875,0.2601705186064044,Low Suitability,1,False,True,1181
TALOMO_1273,7.1135975040913095,125.57889167230083,0.0,348.97320342592235,1977.0758268473874,6376.970442198206,0,2,0,Magtuod,0.0028573616214353013,False,0.028516259388503933,0.0751829260551706,0.267892590294352,0.1478693784583622,0.27040278231106446,Low Suitability,1,False,True,1115
TALOMO_1274,7.116044516057899,125.54497830508824,0.0,153.76814818952144,2287.686072149927,7788.481087869534,0,2,0,Langub,0.006461277799715283,False,0.042438592987441355,0.08910525965410802,0.29662732636590144,0.18065288826377682,0.296650692059204,Low Suitability,1,False,True,889
TALOMO_1275,7.116032070752421,125.54724006590557,0.0,41.384457330496424,2074.606693701615,7761.298214938939,3,3,0,Langub,0.023593554406097846,False,-0.05895510423255951,0.09104489576744051,0.08735773027191826,0.18522023174024874,0.12790521538367164,Not Suitable,0,True,False,1522
TALOMO_1276,7.116019614420354,125.54950182266401,0.0,289.9795324572039,1870.6892586408699,7738.781004637036,0,0,0,Langub,0.003436667835553265,False,0.07147742226837905,0.07147742226837905,0.35656146666535615,0.13914387142572268,0.3593044871234482,Low Suitability,2,False,True,427
TALOMO_1277,7.1160071470617945,125.55176357535996,0.0,90.5885881582893,1679.2747456080888,7724.107445115037,0,0,0,Langub,0.01091839081820691,False,0.06858453799980431,0.06858453799980431,0.3505907531098803,0.13233187406114377,0.35161450579742437,Low Suitability,2,False,True,460
TALOMO_1278,7.115994668676839,125.55402532398979,1.0,66.20793281744284,1505.1408705100973,7716.234573956583,0,0,0,Langub,0.014879195923438141,False,0.06463810761136335,0.06463810761136335,0.34244559304524513,0.1230390469343958,0.3423833832236511,Low Suitability,2,False,True,517
TALOMO_1279,7.115982179265579,125.55628706854993,2.0,35.82500794953007,1354.9665711458258,7712.331505889096,0,0,0,Langub,0.02715545917520328,False,0.06647642444562349,0.06647642444562349,0.3462397521689989,0.1273678096043282,0.34473070314064863,Low Suitability,2,False,True,497
TALOMO_1280,7.115969678828119,125.5585488090368,2.0,178.1121126350865,1237.5054657517517,7704.196147116122,0,0,0,Langub,0.005583095332236669,False,0.049366579119194225,0.049366579119194225,0.31092621179258506,0.08707853065249126,0.31131037762064473,Low Suitability,2,False,True,746
TALOMO_1281,7.115957167364551,125.56081054544678,0.0,165.11316055059123,1162.7145593860268,7698.611474230442,0,0,0,Langub,0.006019992616391409,False,0.046072851418463845,0.046072851418463845,0.3041281850466046,0.07932265024595499,0.30424892321351027,Low Suitability,1,False,True,820
TALOMO_1282,7.115944644874974,125.5630722777763,0.0,96.89740132607308,1139.0305155925478,7701.142706706993,0,0,0,Langub,0.010214775739237823,False,0.04763092929299383,0.04763092929299383,0.30734395029065514,0.08299152234374411,0.30957768999530016,Low Suitability,1,False,True,765
TALOMO_1283,7.115932111359484,125.56533400602176,0.0,54.82773847413546,1169.562261828676,7711.7818529170045,0,0,0,Magtuod,0.01791224268314741,False,0.053303354765649485,0.053303354765649485,0.31905144513582495,0.09634862334852706,0.3193096384337077,Low Suitability,2,False,True,685
TALOMO_1284,7.115919566818178,125.56759573017956,0.0,124.48054940039736,1250.3444537952696,7575.1602201339965,0,0,0,Magtuod,0.007969362620569092,False,0.0505472638891747,0.0505472638891747,0.3133630637045143,0.08985873918999626,0.31355206211608144,Low Suitability,2,False,True,727
TALOMO_1285,7.1159070112511555,125.56985745024609,0.0,292.5546505406305,1372.5329220020094,7358.717094998267,0,2,0,Magtuod,0.0034065207216384783,False,0.005852141308740136,0.052518807975406805,0.22111541413430433,0.09450121772446626,0.22141061269156734,Not Suitable,1,False,True,1319
TALOMO_1286,7.115894444658509,125.57211916621777,0.0,426.83983086129354,1526.2149228801811,7144.464608629559,0,2,0,Magtuod,0.0023373232875183187,False,0.011068787252899476,0.057735453919566145,0.2318822114760645,0.10678507532968676,0.23299335049705575,Not Suitable,1,False,True,1291
TALOMO_1287,7.115881867040342,125.57438087809103,0.0,440.11304494555543,1702.8850106994719,6932.606422097024,0,2,0,Magtuod,0.002266992580379085,False,0.017744931781887137,0.0644115984485538,0.24566131320873816,0.1225056761954164,0.25032238454837236,Low Suitability,1,False,True,1235
TALOMO_1288,7.1158692783967465,125.57664258586227,0.0,444.4232966480673,1896.1283523294837,6723.3688775376195,0,2,0,Magtuod,0.0022450554506809025,False,0.025079589899858,0.07174625656652467,0.26079954155940965,0.1397769069572058,0.26181425528740715,Low Suitability,1,False,True,1168
TALOMO_1289,7.1183037506812665,125.54499076082828,0.0,70.1744932759244,2421.8725889185393,8036.651112017995,0,2,0,Langub,0.014049977091136687,False,0.05198843986750346,0.09865510653417013,0.3163375514996562,0.20314031801884455,0.3107707957959618,Low Suitability,1,False,True,752
TALOMO_1290,7.1182913013852644,125.54725253268607,0.0,187.2058115043936,2221.700296124068,8009.995556548916,3,0,0,Langub,0.005313332208004933,False,0.005923522813588891,0.08592352281358889,0.22126274063583104,0.1731607174888021,0.2192260393087069,Not Suitable,0,True,False,1330
TALOMO_1291,7.118278841059141,125.54951430048483,0.0,229.88045365349691,2032.5938046349922,7988.110657860863,0,2,0,Langub,0.004331245820838476,False,0.03149102379637502,0.07815769046304169,0.2740322988085725,0.15487418246203033,0.2751837029655247,Low Suitability,1,False,True,1077
TALOMO_1292,7.118266369702986,125.551776064221,0.0,1.6287421673857325,1857.935128976073,7973.838290492337,0,0,0,Langub,0.3804100730785985,False,0.29193950093302756,0.29193950093302756,0.8115799877484415,0.6582752847238653,0.8049618889150438,Highly Suitable,4,False,True,9
TALOMO_1293,7.1182538873169,125.55403782389097,2.0,27.70298641676831,1702.1775208027273,7966.181458552149,1,0,0,Langub,0.03483958029593043,False,0.057515166190137586,0.08418183285680425,0.32774433335070285,0.16905948622821806,0.3361793738086264,Low Suitability,2,False,True,557
TALOMO_1294,7.118241393900979,125.55629957949115,3.0,55.3827308300765,1570.9531123394174,7962.313120428141,0,0,0,Langub,0.01773592703435651,False,0.06952086870429243,0.06952086870429243,0.3525232750881791,0.1345366917099638,0.34891497764241114,Low Suitability,2,False,True,471
TALOMO_1295,7.1182288894553185,125.55856133101797,1.0,259.96646581070047,1470.8429725880615,7954.016102322377,0,0,0,Langub,0.0038319099616629625,False,0.056859130445960075,0.056859130445960075,0.326390320833442,0.10472155925420124,0.32736277852374257,Low Suitability,2,False,True,626
TALOMO_1296,7.118216373980015,125.56082307846779,0.0,42.901605553640216,1408.4972200378913,7948.606954298179,0,0,0,Langub,0.022778210213249987,False,0.06524014220200941,0.06524014220200941,0.3436881509070592,0.12445668333603684,0.34270304932212436,Low Suitability,2,False,True,512
TALOMO_1297,7.1182038474751685,125.56308482183707,8.0,45.816070793672324,1389.0103627033354,7951.0586007041275,0,2,0,Magtuod,0.021360186428442438,False,0.01982578994091177,0.06649245660757844,0.24995606089431774,0.1274055612165071,0.24381187437446256,Not Suitable,1,False,True,1258
TALOMO_1298,7.118191309940873,125.56534656112218,8.0,135.03932343894334,1414.155280207953,7916.501567438174,0,2,0,Magtuod,0.007350815740044578,False,0.012570852145645219,0.05923751881231189,0.23498236978994683,0.11032205128201257,0.23687377069804696,Not Suitable,1,False,True,1280
TALOMO_1299,7.118178761377227,125.56760829631952,1.0,298.19316986329244,1481.661407131473,7701.535842089657,0,2,0,Magtuod,0.00334232228782803,False,0.010316852158380213,0.05698351882504688,0.23033026931562126,0.10501446184962412,0.22998823253071218,Not Suitable,1,False,True,1296
TALOMO_1300,7.118166201784329,125.56987002742551,0.0,477.0670685541818,1586.129217379719,7488.745661773553,0,1,0,Magtuod,0.002091756713183152,False,0.03653625879523183,0.05986959212856516,0.2844453157845599,0.11181042114571929,0.2870367151876919,Low Suitability,1,False,True,980
TALOMO_1301,7.118153631162274,125.57213175443655,0.0,646.0669854497559,1720.8402781979455,7278.321842737706,0,0,0,Magtuod,0.0015454350515270556,False,0.06467138480998776,0.06467138480998776,0.3425142748874721,0.12311740616631961,0.3423482952481918,Low Suitability,2,False,True,519
TALOMO_1302,7.118141049511158,125.57439347734906,0.0,575.9773346142259,1879.3021662072244,7070.475663363348,0,2,0,Magtuod,0.0017331703344440942,False,0.02413980333387101,0.07080647000053768,0.25885988692139084,0.1375639516446436,0.26107202884085084,Low Suitability,1,False,True,1174
TALOMO_1303,7.120550531776369,125.54726500352555,0.0,323.5954717619653,2385.982287873067,8258.709751501277,0,0,0,Langub,0.0030807577030320596,False,0.0908613382949389,0.0908613382949389,0.39656853208280785,0.18478800116935698,0.3947370505250317,Low Suitability,2,False,True,277
TALOMO_1304,7.120538067456149,125.54952678236825,0.0,285.3910284450827,2210.9719235862717,8237.480945454721,0,1,0,Langub,0.0034917294910715275,False,0.0611146189514777,0.08444795228481103,0.3351733555303619,0.16968612893976304,0.33758518861691866,Low Suitability,2,False,True,551
TALOMO_1305,7.120525592102363,125.55178855714824,0.0,192.94723876534076,2051.556047425847,8223.585491874088,0,0,0,Langub,0.005156041438722996,False,0.0793620936228817,0.0793620936228817,0.3728348843918091,0.15771024169877357,0.3753580908979215,Low Suitability,2,False,True,350
TALOMO_1306,7.120513105715112,125.55405032786194,1.0,45.79918717768543,1911.6400248405412,8216.128343147715,0,0,0,Langub,0.02136789248503904,False,0.0838971299047484,0.0838971299047484,0.3821948864136172,0.16838908410388845,0.3822611978186757,Low Suitability,2,False,True,327
TALOMO_1307,7.1205006082944875,125.55631209450578,1.0,46.57933304310885,1795.7875579853894,8212.29585431228,0,0,0,Langub,0.021017528747070885,False,0.07928682615009366,0.07928682615009366,0.37267953752054167,0.1575330061861607,0.37270676317486123,Low Suitability,2,False,True,358
TALOMO_1308,7.120488099840591,125.55857385707611,1.0,196.15771795123624,1708.8997402591854,8203.847026777647,0,0,0,Langub,0.005072081429991666,False,0.06663742023513854,0.06663742023513854,0.3465720363717491,0.12774691322274745,0.3469145624927365,Low Suitability,2,False,True,480
TALOMO_1309,7.120475580353515,125.56083561556939,0.0,45.794908151986114,1655.5433220247346,8198.602710016026,0,0,0,Langub,0.02136984641047013,False,0.073807898336575,0.073807898336575,0.36137140849477645,0.14463154233161285,0.3612475071620567,Low Suitability,2,False,True,419
TALOMO_1310,7.1204630498333605,125.563097369982,11.0,95.12942759128973,1638.9963575137917,8200.979621642517,0,3,0,Magtuod,0.010402641782614857,False,0.0006342801832229517,0.07063428018322296,0.21034610874205475,0.13715848897387695,0.22320646956015242,Not Suitable,0,True,False,1316
TALOMO_1311,7.120450508280223,125.56535912031035,25.0,122.6188653180308,1660.3597287293678,8045.283796719886,0,0,0,Magtuod,0.008089380188269225,False,0.07503336993812565,0.07503336993812565,0.3639006973373039,0.14751721232222126,0.3636199564980266,Low Suitability,2,False,True,404
TALOMO_1312,7.1204379556942,125.56762086655083,14.0,271.66880922596033,1718.2199503058514,7833.852732181281,1,0,0,Magtuod,0.0036674528444920196,False,0.04409144896514871,0.07075811563181537,0.30003870707633984,0.13745008956039767,0.3103260876837934,Low Suitability,1,False,True,754
TALOMO_1313,7.120425392075387,125.56988260869987,0.0,506.56637653422115,1809.0785407139806,7624.756119984736,0,0,0,Magtuod,0.001970185666805252,False,0.06827533753657877,0.06827533753657877,0.3499525846849645,0.13160378660756009,0.35281536588369916,Low Suitability,2,False,True,455
TALOMO_1314,7.120412817423882,125.57214434675387,0.0,727.6806324223202,1928.2765712715093,7418.191366430585,0,2,0,Magtuod,0.0013723433223080804,False,0.025790429056535467,0.07245709572320214,0.262266664539282,0.14145075008827304,0.26309497717347274,Low Suitability,1,False,True,1156
TALOMO_1315,7.122797293611302,125.54953926831435,0.0,39.216241517523585,2402.1565559165797,8486.888285539577,0,2,0,Langub,0.02486557575412078,False,0.057577900803909,0.10424456747057567,0.3278738132655794,0.2163020589090082,0.31245154102459344,Low Suitability,2,False,True,738
TALOMO_1316,7.122784814259849,125.55180105414176,0.0,41.00879587980679,2256.289318322406,8473.347603008046,0,3,0,Langub,0.023804538527149026,False,0.028076508207805898,0.0980765082078059,0.2669849741950312,0.2017778679833702,0.2903413646579505,Low Suitability,0,True,False,956
TALOMO_1317,7.122772323871392,125.5540628359028,0.0,67.94108087390248,2129.865455097709,8466.07522774328,0,2,0,Langub,0.014505139567351173,False,0.04115249271293497,0.08781915937960164,0.29397290412505606,0.1776244533638083,0.2924377373745646,Low Suitability,1,False,True,932
TALOMO_1318,7.12275982244603,125.55632461359387,0.0,76.32530055531622,2026.5271342030815,8462.279608342376,0,0,0,Langub,0.012932377796380238,False,0.0829682126976919,0.0829682126976919,0.3802776653825735,0.1662017233321081,0.38215829608003415,Low Suitability,2,False,True,329
TALOMO_1319,7.1227473099838585,125.55858638721135,1.0,131.19614314584965,1949.94810046425,8453.6879479629,0,0,0,Langub,0.0075645172105869825,False,0.07726341838540271,0.07726341838540271,0.36850336348546786,0.15276840204686892,0.3690173098312193,Low Suitability,2,False,True,381
TALOMO_1320,7.1227347864849735,125.56084815675165,0.0,67.8008792663427,1903.3609650686124,8448.598716914355,0,0,0,Langub,0.014534697966995294,False,0.07922430978399146,0.07922430978399146,0.3725505080537979,0.15738579624563268,0.3755175382565818,Low Suitability,2,False,True,349
TALOMO_1321,7.122722251949473,125.5631099222112,5.0,225.00114506352605,1888.9860592894015,8389.84674547369,0,0,0,Magtuod,0.004424756342357968,False,0.07451745621403334,0.07451745621403334,0.3628358870027337,0.14630236838012387,0.3642965266017931,Low Suitability,2,False,True,402
TALOMO_1322,7.122709706377456,125.56537168358638,18.0,17.442906442813438,1907.5517557939247,8179.6812696018915,0,0,0,Magtuod,0.05422138875457265,False,0.10899913789186957,0.10899913789186957,0.4340036991568275,0.22749784766951595,0.4343056067210252,Moderately Suitable,2,False,True,183
TALOMO_1323,7.1226971497690155,125.5676334408736,14.0,267.3047345203397,1958.121311327587,7971.815535498585,0,0,0,Magtuod,0.0037271053072833187,False,0.07991462942970733,0.07991462942970733,0.3739752801786495,0.1590113212133668,0.3707511334984034,Low Suitability,2,False,True,372
TALOMO_1324,7.1226845821242515,125.56989519406928,0.0,503.60772348622646,2038.314116793104,7766.434200568313,0,2,0,Magtuod,0.001981737404039745,False,0.030331457031831995,0.07699812369849866,0.2716390330029731,0.15214370138820152,0.2743126454913927,Low Suitability,1,False,True,1090
TALOMO_1325,7.1250565195245255,125.54955175832325,0.0,193.18870957213898,2603.3277533532405,8736.32950475932,2,2,0,Langub,0.00514962997696069,False,0.00033784902484873536,0.10033784902484874,0.20973429528142076,0.20710274317918986,0.2076622107106632,Not Suitable,1,False,True,1370
TALOMO_1326,7.125044036175365,125.55181355520169,0.0,202.14058650574427,2469.3725438301153,8723.123343197802,0,3,0,Langub,0.004922699186810326,False,0.02511158616927446,0.09511158616927447,0.2608655796521204,0.1947962402245077,0.28082167082566345,Low Suitability,0,True,False,1035
TALOMO_1327,7.1250315417856696,125.55407534801365,0.0,124.97950693248937,2354.4184269294183,8716.022112338847,3,0,0,Langub,0.007937798967064428,False,0.012507963655344553,0.09250796365534456,0.23485257228452966,0.18866537979019563,0.23056403982989201,Not Suitable,0,True,False,1294
TALOMO_1328,7.125019036355529,125.55633713675553,1.0,55.268618237122226,2261.3649634474264,8712.26429470432,0,0,0,Langub,0.017771895442427403,False,0.09508676126209019,0.09508676126209019,0.4052895135827069,0.194737783961963,0.4062998212001432,Moderately Suitable,2,False,True,246
TALOMO_1329,7.125006519885045,125.55859892142374,1.0,47.62366230097329,2193.0017936040003,8703.538004989578,0,0,0,Langub,0.020566118483839158,False,0.09412516635053314,0.09412516635053314,0.4033048480239499,0.19247347561251557,0.4035305814162965,Moderately Suitable,2,False,True,254
TALOMO_1330,7.124993992374312,125.56086070201466,0.0,89.60834010057872,2151.683581661845,8698.594953336526,0,0,0,Langub,0.011036511637780383,False,0.08661574058677414,0.08661574058677414,0.38780591130927605,0.17479071205784708,0.39009156507550535,Low Suitability,2,False,True,292
TALOMO_1331,7.124981453823431,125.56312247852473,0.0,281.5385032544183,2138.9781682934326,8526.143484310354,0,0,0,Magtuod,0.003539340615461274,False,0.08173850452149506,0.08173850452149506,0.37773963254224996,0.16330607729937516,0.37897313855768167,Low Suitability,2,False,True,337
TALOMO_1332,7.124968904232494,125.56538425095036,0.0,43.56381575044401,2155.3916055507666,8319.421853397536,0,0,0,Magtuod,0.022439730152372255,False,0.0934402416342362,0.0934402416342362,0.4018912106612325,0.19086065431405125,0.4042423131919047,Moderately Suitable,2,False,True,252
TALOMO_1333,7.1249563436016015,125.5676460192879,0.0,201.99321251984222,2200.2723336263384,8115.1363041250925,0,0,0,Magtuod,0.004926273088575569,False,0.08488192857269547,0.08488192857269547,0.38422744292477795,0.17070803132330187,0.3860917179948673,Low Suitability,2,False,True,309
TALOMO_1334,7.12494377193085,125.56990778353384,0.0,450.8910826520972,2271.933914303908,7913.475500326619,0,2,0,Magtuod,0.002212922623148733,False,0.03934966932955882,0.08601633599622549,0.2902520010352978,0.1733792686290557,0.2915512253166887,Low Suitability,1,False,True,942
TALOMO_1335,7.1273157451957445,125.54956425239504,0.0,58.26711349606469,2812.3432691663825,8985.801781712498,3,2,0,Magtuod,0.01687276367974964,False,-0.011510591996230751,0.11515607467043593,0.18527993041646565,0.24199584800954899,0.18879629359103225,Not Suitable,0,True,False,1418
TALOMO_1336,7.127303257848841,125.5518260603281,0.0,267.7542098459265,2688.8213091368193,8972.91157428193,0,2,0,Magtuod,0.0037208719467995972,False,0.05608441990158664,0.10275108656825331,0.32479137171573685,0.2127852960432468,0.32346275891602155,Low Suitability,2,False,True,654
TALOMO_1337,7.127290759457865,125.55408786419457,0.0,321.3693439540284,2583.6496282025205,8965.968996934414,0,2,0,Magtuod,0.0031020319355881598,False,0.051722865933276664,0.09838953259994333,0.3157894252208783,0.2025149598046547,0.31390116734235896,Low Suitability,2,False,True,723
TALOMO_1338,7.127278250022911,125.55634966399089,1.0,190.48776510007005,2499.1460081703517,8962.24983538131,0,2,0,Magtuod,0.005222265764485828,False,0.05010559212222684,0.0967722587888935,0.3124514836476716,0.1987066965227981,0.3077400793255319,Low Suitability,1,False,True,788
TALOMO_1339,7.12726572954408,125.55861145971339,1.0,25.145818906843516,2437.461002559136,8953.396433033819,0,0,0,Magtuod,0.038247033055761576,False,0.11378293654146021,0.11378293654146021,0.4438771295439512,0.23876246137967397,0.4418533908609356,Moderately Suitable,2,False,True,170
TALOMO_1340,7.127253198021461,125.56087325135854,0.0,73.17829103262412,2400.3544546252688,8873.165148796668,0,0,0,Magtuod,0.013481033144322417,False,0.0975034796744726,0.0975034796744726,0.4102774536608245,0.20042853337593425,0.4101402391095407,Moderately Suitable,2,False,True,239
TALOMO_1341,7.127240655455158,125.56313503892274,0.0,39.18597595264847,2388.9719288183683,8667.509274154854,0,0,0,Magtuod,0.024884302951315898,False,0.1037542365530451,0.1037542365530451,0.42317858462976715,0.21514745588728568,0.4202912403856024,Moderately Suitable,2,False,True,211
TALOMO_1342,7.127228101845266,125.56539682240238,0.0,14.220171714648906,2403.678898173576,8464.240915599044,0,0,0,Magtuod,0.06570228107463029,False,0.12823715773195515,0.12823715773195515,0.4737096449105108,0.2727984294708558,0.47180118155944556,Moderately Suitable,3,False,True,123
TALOMO_1343,7.1272155371918835,125.56765860179387,0.0,212.45100609958197,2444.004421920656,8263.536261010871,0,1,0,Magtuod,0.004684915842155679,False,0.07067433718282638,0.09400767051615971,0.35490395445216544,0.19219680318465687,0.3555469752734865,Low Suitability,2,False,True,446
TALOMO_1344,7.129574970624882,125.54957675052982,0.0,307.3206659462004,3027.578890115282,9235.302599521405,0,2,0,Magtuod,0.0032433764922345245,False,0.06868482721339375,0.11535149388006041,0.35079774312795714,0.24245600991626984,0.345875422765519,Low Suitability,2,False,True,490
TALOMO_1345,7.129562479280198,125.55183856952111,0.0,357.6040929996296,2913.1974366174472,9222.711281349038,0,3,0,Magtuod,0.002788590592023814,False,0.04073591849314975,0.11073591849314976,0.2931131236741227,0.2315875186623349,0.30624885562835474,Low Suitability,0,True,False,799
TALOMO_1346,7.129549976887905,125.55410038444569,0.0,143.81813812416783,2816.4169921297607,9215.91588152998,0,2,0,Magtuod,0.006905212378456314,False,0.06280224084718297,0.10946890751384963,0.3386564906971101,0.2286040341359604,0.3257275688180584,Low Suitability,2,False,True,638
TALOMO_1347,7.129537463448101,125.5563621953,0.0,196.18008659626167,2739.1038757958836,9212.236160824626,0,2,0,Magtuod,0.005071506039286621,False,0.05878788520145974,0.10545455186812641,0.3303711375874852,0.2191512605230631,0.3261833348350455,Low Suitability,2,False,True,636
TALOMO_1348,7.129524938960879,125.55862400208042,0.0,14.167869555360568,2682.941559416234,9203.262550303967,0,0,0,Magtuod,0.06592883702949463,False,0.13898809383397265,0.13898809383397265,0.49589883533740475,0.2981141149924825,0.48591265675369816,Moderately Suitable,3,False,True,99
TALOMO_1349,7.1295124034263395,125.5608858047834,1.0,17.980106187918008,2649.275519851719,9016.022075191047,0,0,0,Magtuod,0.05268674422045967,False,0.13029979305308725,0.13029979305308725,0.4779667819158409,0.2776554044021626,0.4719144657324673,Moderately Suitable,3,False,True,122
TALOMO_1350,7.129499856844578,125.56314760340533,2.0,82.92594178771313,2638.966871510209,8813.700205933535,0,2,0,Magtuod,0.011915266944867354,False,0.05969773808129424,0.10636440474796091,0.3322490111623562,0.22129372971442163,0.3289143848996238,Low Suitability,2,False,True,612
TALOMO_1351,7.129487299215693,125.56540939794257,5.0,27.645660441918857,2652.287977910989,8613.88231750431,0,3,0,Magtuod,0.03490930160355605,False,0.05140701696636894,0.12140701696636895,0.3151375347430307,0.2567152071310286,0.3268307283678048,Low Suitability,0,True,False,630
TALOMO_1352,7.129474730539782,125.56767118839159,1.0,242.30400383016456,2688.8876671616363,8416.663050735364,0,2,0,Magtuod,0.004110084438635206,False,0.05666810842586383,0.1033347750925305,0.3259960645622276,0.21415973218378076,0.32488951428530277,Low Suitability,2,False,True,644
TALOMO_1353,7.131846680103122,125.54732741861145,0.0,177.94455703836525,3369.3779602880895,9503.272540658761,3,3,0,Magtuod,0.005588323090406168,False,-0.020278200000132363,0.12972179999986766,0.16718419235785845,0.2762943796290504,0.17708660719402242,Not Suitable,0,True,False,1448
TALOMO_1354,7.131834195811861,125.5495892527277,0.0,414.06722850704375,3247.7982092669963,9484.82970586326,3,3,0,Magtuod,0.002409248264665226,False,-0.02676419642942318,0.12323580357057684,0.15379754318498498,0.26102152856378297,0.16501223779388277,Not Suitable,0,True,False,1471
TALOMO_1355,7.131821700469361,125.55185108278077,0.0,343.9346051416372,3141.4453006475683,9472.521556500309,0,2,0,Magtuod,0.002899100250000662,False,0.07281248311223482,0.11947914977890148,0.35931694014363735,0.2521755764437779,0.35599567153211753,Low Suitability,2,False,True,444
TALOMO_1356,7.131809194075714,125.55411290876707,0.0,96.92295105719147,3051.9115232593936,9465.862766125547,0,1,0,Magtuod,0.010212110533882443,False,0.09702776681755104,0.12036110015088437,0.4092956151427094,0.25425234241568345,0.4028945779658247,Moderately Suitable,2,False,True,256
TALOMO_1357,7.131796676631019,125.55637473068296,0.0,153.36409335918245,2980.712886986309,9462.223208835088,1,2,0,Magtuod,0.006478190479654797,False,0.04213216658099943,0.11546549991433276,0.29599488340280977,0.2427244647637193,0.3131849379476619,Low Suitability,2,False,True,733
TALOMO_1358,7.131784148135375,125.55863654852493,0.0,17.645147167171707,2929.186693177654,9364.912765376097,0,1,0,Magtuod,0.05363325861866557,False,0.11781098178382314,0.14114431511715647,0.4521907370366199,0.30319146076052933,0.4627244394511762,Moderately Suitable,3,False,True,137
TALOMO_1359,7.131771608588874,125.5608983622893,2.0,101.47709151553502,2898.382316453753,9163.473596996108,0,2,0,Magtuod,0.00975827851094315,False,0.06829702781699512,0.1149636944836618,0.3499973519273705,0.2415428422189135,0.33910465496653247,Low Suitability,2,False,True,536
TALOMO_1360,7.1317590579916175,125.56316017197251,7.0,163.91382491960093,2888.962689474304,8964.480220435835,0,0,0,Magtuod,0.0060637730068265755,False,0.11420538750794113,0.11420538750794113,0.4447490391946384,0.2397572245997559,0.44178679569599166,Moderately Suitable,2,False,True,172
TALOMO_1361,7.131746496343701,125.56542197757099,6.0,241.27349048577267,2901.1361205599073,8767.951029512547,0,2,0,Magtuod,0.004127566734581406,False,0.06651370970051476,0.11318037636718142,0.34631670636285206,0.23734358736394653,0.33871216142460486,Low Suitability,2,False,True,540
TALOMO_1362,7.131733923645223,125.56768377908112,5.0,380.4837317757003,2934.6339054233276,8574.107537988275,0,0,0,Magtuod,0.0026213437604410525,False,0.11321817823913409,0.11321817823913409,0.44271150736960563,0.23743260103618877,0.4410107520894119,Moderately Suitable,2,False,True,174
TALOMO_1363,7.134093420756611,125.54960175898874,0.0,449.3845354930962,3472.0530641630658,9734.381079130066,0,2,0,Magtuod,0.0022203249028192457,False,0.08498504563883255,0.1316517123054992,0.3844402694354247,0.28083882604283916,0.38010435671288784,Low Suitability,2,False,True,333
TALOMO_1364,7.1340809214162535,125.55186360010723,0.0,274.2545228232101,3372.7789505401797,9722.341585112265,0,2,0,Magtuod,0.003633001157413417,False,0.08203841683876639,0.12870508350543305,0.37835863087468874,0.27390027414897716,0.37383039625440456,Low Suitability,2,False,True,354
TALOMO_1365,7.1340684110212145,125.55412543715882,0.0,24.576026834601027,3289.5475704190235,9715.809650721112,0,0,0,Magtuod,0.03909911443505097,False,0.14632741476982875,0.14632741476982875,0.5110466874225119,0.3153963254894417,0.5060727147460962,Moderately Suitable,3,False,True,82
TALOMO_1366,7.134055889571593,125.55638727013992,0.0,82.94714402026112,3223.6018034013573,9712.210923617235,0,1,0,Magtuod,0.011912257548138199,False,0.10455225928685301,0.12788559262018634,0.42482564849819915,0.2719705841813424,0.4149245068774315,Moderately Suitable,2,False,True,228
TALOMO_1367,7.134043357067486,125.55864909904697,0.0,139.78553141970318,3176.018569803279,9513.526444259072,0,2,0,Magtuod,0.007103002630425475,False,0.07659097062328102,0.1232576372899477,0.36711547769540565,0.2610729413494339,0.3634100770794482,Low Suitability,2,False,True,406
TALOMO_1368,7.134030813508988,125.56091092387636,1.0,291.89878901086763,3147.630747813035,9315.301533786076,0,2,0,Magtuod,0.0034141486326285096,False,0.07370258557686482,0.1203692522435315,0.3611540502240718,0.2542715384942239,0.35973410392460137,Low Suitability,2,False,True,426
TALOMO_1369,7.134018258896199,125.5631727446245,3.0,409.68406551841383,3138.9591735829936,9119.414104110328,0,2,0,Magtuod,0.002434961772226741,False,0.07350505526816592,0.1201717219348326,0.36074636129417664,0.25380640549291505,0.3598849735988406,Low Suitability,2,False,True,425
TALOMO_1370,7.134005693229214,125.56543456128779,5.0,468.79762838551346,3150.1666721403194,8926.201231167914,0,2,0,Magtuod,0.0021285760922986298,False,0.07445770280067243,0.1211243694673391,0.3627125600798369,0.25604964506917505,0.3604113717513034,Low Suitability,2,False,True,423
TALOMO_1371,7.136352645459051,125.54961426931308,0.0,333.9141763162915,3699.609675710447,9983.954899648972,0,0,0,Magtuod,0.0029858395694053997,False,0.14075256420969748,0.14075256420969748,0.49954058046527544,0.3022689882723724,0.4805883904202933,Moderately Suitable,3,False,True,106
TALOMO_1372,7.136340142120801,125.55187612150057,0.0,96.94002729900805,3606.6046527798335,9972.170634162027,0,2,0,Magtuod,0.01021033001090585,False,0.09478398174453034,0.141450648411197,0.4046645975466756,0.30391279676914706,0.3981515951681998,Low Suitability,2,False,True,267
TALOMO_1373,7.1363276277243335,125.55413796962102,0.0,147.37898034070588,3528.8925302842426,9965.75653531668,1,3,0,Magtuod,0.006739499069907429,False,0.03979492370791843,0.1364615903745851,0.2911709753549364,0.2921648500689235,0.3123665516674224,Low Suitability,0,True,False,740
TALOMO_1374,7.136315102269748,125.55639981367094,0.0,27.517288565634654,3467.5016739922,9863.828995293286,0,0,0,Magtuod,0.03506644741832401,False,0.15073002442064978,0.15073002442064978,0.520133370013716,0.32576333728609336,0.5078592215668869,Moderately Suitable,3,False,True,80
TALOMO_1375,7.13630256575714,125.55866165364668,0.0,220.280139299547,3423.310273402265,9666.287143029913,0,3,0,Magtuod,0.004519158398785621,False,0.0611457735747829,0.1311457735747829,0.33523765652356263,0.27964747064099454,0.3391012748704055,Low Suitability,0,True,False,537
TALOMO_1376,7.136290018186608,125.56092348954468,0.0,260.5830412571096,3396.9896374325713,9471.032781516627,0,3,0,Magtuod,0.00382287779511326,False,0.05973691257063196,0.12973691257063197,0.332329864605772,0.27632996584082414,0.3416028528137134,Low Suitability,0,True,False,522
TALOMO_1377,7.136277459558246,125.56318532136132,0.0,209.99344368950244,3388.956176415838,9278.405938824824,0,3,0,Magtuod,0.004739483760792104,False,0.059968693415294844,0.12996869341529485,0.33280824427901423,0.2768757500327999,0.3358026354382072,Low Suitability,0,True,False,562
TALOMO_1378,7.136264889872155,125.56544714909299,0.0,379.1027871589042,3399.3395438687558,9088.573682524504,0,2,0,Magtuod,0.0026308673174289146,False,0.08246094773169976,0.12912761439836642,0.3792307054880598,0.27489522557526885,0.37698678333641145,Low Suitability,2,False,True,345
TALOMO_1379,7.138611869919108,125.54962678370082,0.0,338.9117763579602,3929.894531009272,10233.549525102424,0,3,0,Magtuod,0.002941939848965111,False,0.07948274563347604,0.14948274563347605,0.3730839018181115,0.322826316989976,0.37773536198367785,Low Suitability,0,True,False,339
TALOMO_1380,7.138599362582928,125.55188864696086,0.0,198.53545494262312,3842.467487656775,10222.008042262718,0,2,0,Magtuod,0.005011640664500213,False,0.10070498769078831,0.14737165435745497,0.41688514534024257,0.31785524076516525,0.4137784065774673,Moderately Suitable,2,False,True,230
TALOMO_1381,7.138586844184996,125.55415050615383,0.0,70.22316266631509,3769.620904353931,10214.355559268555,0,2,0,Magtuod,0.014040376228237178,False,0.1032270198563518,0.14989368652301846,0.4220904457395202,0.32379397694338985,0.4200415624121675,Moderately Suitable,2,False,True,212
TALOMO_1382,7.138574314725406,125.55641236127614,6.0,29.44303804313523,3658.026268374407,10017.427587850167,0,1,0,Magtuod,0.03284823277437304,False,0.1354589916604022,0.15879232499373555,0.48861501191754225,0.34474797861893214,0.4692333448897577,Moderately Suitable,3,False,True,125
TALOMO_1383,7.138561774204262,125.55867421232416,6.0,259.94226737609597,3517.246270995156,9822.790351772699,0,3,0,Magtuod,0.0038322653131495194,False,0.0664330932359643,0.1364330932359643,0.3461503195416042,0.2920977466471615,0.3464888138101262,Low Suitability,0,True,False,482
TALOMO_1384,7.138549222621656,125.56093605929435,0.0,86.6633345844569,3389.0834279405794,9630.70948123429,0,3,0,Magtuod,0.011407277680460313,False,0.06388157717462531,0.13388157717462532,0.3408841664154867,0.2860895834882235,0.3400046887201942,Low Suitability,0,True,False,532
TALOMO_1385,7.138536659977686,125.56319790218308,0.0,91.55164831314445,3272.6304167222825,9441.341002685647,0,3,0,Magtuod,0.01080477785351314,False,0.05910066056400806,0.12910066056400807,0.33101668435797743,0.27483175623755324,0.33502577644754994,Low Suitability,0,True,False,566
TALOMO_1386,7.140871094136708,125.549639302152,0.0,273.0057581700315,3967.6937945845975,10483.16346945059,0,2,0,Magtuod,0.0036495583402282373,False,0.10466802660086574,0.1513346932675324,0.42506458424774346,0.32718717668269554,0.4141663835159747,Moderately Suitable,2,False,True,229
TALOMO_1387,7.140858582802558,125.55190117648823,0.0,48.392296644042744,3789.123803506196,10471.853211123804,0,2,0,Magtuod,0.02024607211943871,False,0.10760576700982988,0.15427243367649654,0.43112787778243894,0.334104798704796,0.4243146153598742,Moderately Suitable,2,False,True,204
TALOMO_1388,7.140846060403122,125.55416304675728,0.0,18.97416876919683,3619.0225681818292,10368.732025862075,0,0,0,Magtuod,0.050064661591432545,False,0.16528173431228327,0.16528173431228327,0.5501670953338561,0.3600288661593798,0.5320847277974755,Moderately Suitable,3,False,True,57
TALOMO_1389,7.140833526938495,125.55642491295559,6.0,29.356813138097344,3458.6398337672485,10174.67240952725,0,0,0,Magtuod,0.032941534259570054,False,0.15126592084313462,0.15126592084313462,0.521239423259198,0.32702523533618455,0.4952943423855326,Moderately Suitable,3,False,True,90
TALOMO_1390,7.140820982408775,125.55868677507952,6.0,130.56448653087514,3309.388863587004,9983.101394769674,0,2,0,Magtuod,0.007600835349783569,False,0.08407204154763182,0.13073870821429848,0.38255589197769013,0.2786889365603355,0.3748942879471498,Low Suitability,2,False,True,351
TALOMO_1391,7.140808426814058,125.56094863312548,3.0,17.022888333323177,3172.8409668853274,9794.165011643894,0,0,0,Magtuod,0.05548500226520649,False,0.152553015987485,0.152553015987485,0.5238958988427672,0.3300560128983982,0.5137842437726605,Moderately Suitable,3,False,True,72
TALOMO_1392,7.140795860154443,125.56321048708989,1.0,209.5975122510049,3050.702370251474,9608.018687136628,0,0,0,Magtuod,0.0047483941729004366,False,0.11746584438407046,0.11746584438407046,0.4514783972539364,0.24743476078355167,0.4421485429538828,Moderately Suitable,2,False,True,169
TALOMO_1393,7.175180236637573,125.47291578048568,13.0,46.59863474584507,761.5858994002699,16550.206815569498,0,0,0,Talomo,0.021009005937660658,False,0.044195862958258995,0.044195862958258995,0.3002542103547866,0.07490282585714188,0.2984785922790445,Low Suitability,1,False,True,873
TALOMO_1394,7.175168043409905,125.47517795759005,9.0,122.14656653501999,976.3843655702806,16433.479704798832,0,0,0,Talomo,0.00812040504365685,False,0.04339666113103166,0.04339666113103166,0.29860471291888047,0.07302091139551654,0.2982723918543984,Low Suitability,1,False,True,876
TALOMO_1395,7.175155839060648,125.47744013074804,0.0,278.20268432722145,1065.3916320082178,16319.747693452471,0,0,0,Talomo,0.0035816274560885476,False,0.040943285751671665,0.040943285751671665,0.29354111538981914,0.06724384426563898,0.29399538163919753,Low Suitability,1,False,True,912
TALOMO_1396,7.175143623589894,125.4797022999561,0.0,160.04316113470793,1200.7465301953566,16209.073827577542,0,0,0,Talomo,0.006209515467493394,False,0.047629987221276884,0.047629987221276884,0.3073420059196232,0.08298930400748959,0.3074495133847106,Low Suitability,1,False,True,793
TALOMO_1397,7.175131396997737,125.48196446521058,0.0,90.05310796402694,1368.7677414372545,16101.521167820492,0,0,0,Talomo,0.010982601498842608,False,0.05681604725868474,0.05681604725868474,0.32630140010713704,0.10462010944462354,0.32608226799765094,Low Suitability,2,False,True,637
TALOMO_1398,7.175119159284275,125.48422662650795,0.0,119.76178043640708,1558.9284878474373,15996.507320165927,0,0,0,Talomo,0.008280765622916582,False,0.06246278936188903,0.06246278936188903,0.3379558862496085,0.11791673272932736,0.3386427957742264,Low Suitability,2,False,True,543
TALOMO_1399,7.177451776793451,125.47066579317746,2.0,36.84666576474176,457.27747829966864,16889.0094974188,0,0,0,Talomo,0.02642240683013106,False,0.03191476174973212,0.03191476174973212,0.27490686471138526,0.04598399561723447,0.2754514485515726,Low Suitability,1,False,True,1073
TALOMO_1400,7.177439590812689,125.47292798536166,0.0,66.01853011422219,706.7767622437286,16770.913850288973,0,0,0,Talomo,0.014921246382092574,False,0.033954237084900724,0.033954237084900724,0.27911620110345225,0.05078643474665629,0.27933128032441823,Low Suitability,1,False,True,1048
TALOMO_1401,7.177427393706701,125.47519017360304,0.0,91.14023215114878,956.5375534370579,16655.73357567077,0,0,0,Talomo,0.010853022362257336,False,0.041066246808594456,0.041066246808594456,0.2937948985284465,0.06753338588498504,0.29396466521468945,Low Suitability,1,False,True,913
TALOMO_1402,7.177415185475584,125.47745235789796,0.0,123.67741167758152,1206.3974430605267,16543.52956637847,0,0,0,Talomo,0.008020699070863146,False,0.048906395401003,0.048906395401003,0.30997642434548217,0.08599491652053527,0.31019178741911496,Low Suitability,1,False,True,756
TALOMO_1403,7.177402966119436,125.47971453824282,0.0,189.21353680206082,1406.3072983868062,16434.36278300898,0,0,0,Talomo,0.005257249388305185,False,0.05488770666957241,0.05488770666957241,0.32232143816394465,0.10007936401842804,0.3236405062853925,Low Suitability,2,False,True,653
TALOMO_1404,7.1773907356383475,125.48197671463406,0.0,73.94032934266477,1552.2348783992234,16328.294144014639,0,0,0,Talomo,0.013343949896823892,False,0.06517585565795002,0.06517585565795002,0.3435554679151332,0.12430530508234465,0.3424230677368184,Low Suitability,2,False,True,516
TALOMO_1405,7.177378494032415,125.48423888706802,0.0,93.5815321603635,1659.4323677920163,16223.89369342223,0,0,0,Talomo,0.010572888566707659,False,0.06762758780213408,0.06762758780213408,0.3486156739201553,0.13007850281661265,0.3525408995131951,Low Suitability,2,False,True,456
TALOMO_1406,7.179711134600907,125.47067799085559,2.0,173.21052467724198,503.6099697608398,17108.999022140186,0,0,0,Talomo,0.005740181322871793,False,0.021554408166130808,0.021554408166130808,0.25352380965691956,0.02158803132849776,0.25373605937332006,Low Suitability,1,False,True,1206
TALOMO_1407,7.179698944745322,125.4729401941805,0.0,184.10077897243812,737.5999600936393,16992.432348239785,0,0,0,Talomo,0.005402462407513163,False,0.029547166845489876,0.029547166845489876,0.2700203121651269,0.0404089194127396,0.270105426634342,Low Suitability,1,False,True,1119
TALOMO_1408,7.179686743760978,125.47520239356248,0.0,79.14231691953262,979.5327460671044,16878.763778174573,0,0,0,Talomo,0.012477802469874387,False,0.04289286822150352,0.04289286822150352,0.29756491910937755,0.07183460884989483,0.2978998300724186,Low Suitability,1,False,True,878
TALOMO_1409,7.179674531647968,125.47746458899792,0.0,12.887380216712078,1224.710210664297,16768.052249719705,0,0,0,Talomo,0.07200782180620356,False,0.08710603073496051,0.08710603073496051,0.3888178363509006,0.1759452190782645,0.3851097959859304,Low Suitability,2,False,True,316
TALOMO_1410,7.179662308406385,125.4797267804832,1.0,15.6123093429485,1349.1261724862572,16660.356713445308,0,0,0,Talomo,0.06019632667293632,False,0.08526682228591681,0.08526682228591681,0.3850218369957445,0.17161435688516008,0.38646159297581656,Low Suitability,2,False,True,306
TALOMO_1411,7.179650074036329,125.48198896801475,1.0,70.93791747058131,1362.408571768181,16555.251155930353,0,0,0,Talomo,0.013900875020589044,False,0.058637725949223056,0.058637725949223056,0.3300612192500844,0.10890969357139205,0.33103019506281117,Low Suitability,2,False,True,589
TALOMO_1412,7.1796378285378895,125.48425115158895,1.0,103.137957658639,1420.2720878646494,16451.93626011264,0,0,0,Talomo,0.00960264655158659,False,0.058318592916660625,0.058318592916660625,0.3294025506872872,0.10815821747524099,0.32975892179152566,Low Suitability,2,False,True,600
TALOMO_1413,7.179625571911163,125.4865133312022,0.0,17.281644758294114,1517.6259389939955,16351.791112220244,0,0,0,Talomo,0.054699673537104185,False,0.08809885972888779,0.08809885972888779,0.3908669669008868,0.17828307564707987,0.3960855199717202,Low Suitability,2,False,True,274
TALOMO_1414,7.181982674763895,125.46842797406438,0.0,177.9327975369007,507.6540275003241,17447.69737545253,0,0,0,Talomo,0.005588690356186788,False,0.02091329164234857,0.02091329164234857,0.25220058938130446,0.020078367040218356,0.2532153163226196,Low Suitability,1,False,True,1211
TALOMO_1415,7.1819704921658465,125.47069019247306,0.0,92.4205251701699,650.4946664846101,17329.802459211278,0,0,0,Talomo,0.010704285789214445,False,0.029342681105974003,0.029342681105974003,0.2695982677058681,0.039927408163289456,0.2701799256831553,Low Suitability,1,False,True,1117
TALOMO_1416,7.181958298435405,125.47295240694228,0.0,134.4556099756661,844.7331002231109,17214.73098381724,0,0,0,Talomo,0.007382492317443662,False,0.03478110347831122,0.03478110347831122,0.28082279629543205,0.05273349213638941,0.280972782718573,Low Suitability,1,False,True,1030
TALOMO_1417,7.181946093572665,125.47521461746847,0.0,173.79515531510214,1062.5463331545466,17102.539940462335,0,0,0,Talomo,0.0057209823590207995,False,0.04208899393583652,0.04208899393583652,0.2959057780415964,0.06994169195207706,0.2963828809960867,Low Suitability,1,False,True,892
TALOMO_1418,7.181933877577724,125.47747682404801,0.0,40.211702293855964,1139.114903088804,16993.28637977426,0,0,0,Talomo,0.024264952533860382,False,0.055869054755329314,0.055869054755329314,0.3243468729115143,0.10239018600551156,0.32344201141957607,Low Suitability,2,False,True,655
TALOMO_1419,7.181921650450675,125.47973902667731,0.0,40.89848478261359,1099.3627470398528,16887.02731551452,0,0,0,Talomo,0.023867211551644583,False,0.054124475664379015,0.054124475664379015,0.3207461820231545,0.09828215157808945,0.31974632331060276,Low Suitability,2,False,True,682
TALOMO_1420,7.181909412191611,125.48200122535276,1.0,34.43949820555211,1115.6227573508024,16782.51533493346,0,0,0,Talomo,0.02821710381450422,False,0.057645265615997296,0.057645265615997296,0.3280128495903528,0.10657270510357691,0.3281017667468885,Low Suitability,2,False,True,619
TALOMO_1421,7.181897162800627,125.48426342007082,1.0,52.23679057818442,1185.5926045058663,16680.608107564683,0,0,0,Talomo,0.018784002362640245,False,0.05477685196843913,0.05477685196843913,0.32209264170847124,0.09981832974886731,0.32203818286681907,Low Suitability,2,False,True,667
TALOMO_1422,7.1818849022778215,125.4865256108278,0.0,170.41132273935108,1300.632734863689,16581.844068408933,0,0,0,Talomo,0.005833920326958827,False,0.05120773023335297,0.05120773023335297,0.31472622067451766,0.09141396732159104,0.31538189279917395,Low Suitability,2,False,True,712
TALOMO_1423,7.184254211290976,125.46617793498072,2.0,183.27845663261922,715.4035376150202,17786.973881780807,0,0,0,Talomo,0.005426570301669161,False,0.029423432331502356,0.029423432331502356,0.2697649326644773,0.0401175565012168,0.269748554889918,Low Suitability,1,False,True,1121
TALOMO_1424,7.184242035957596,125.46844016847334,7.0,23.475201319880558,743.1237589525113,17667.805450623022,0,0,0,Talomo,0.040857682309960265,False,0.05300908587385847,0.05300908587385847,0.3184440944442478,0.09565569589991345,0.31988832399390354,Low Suitability,2,False,True,679
TALOMO_1425,7.184229849488191,125.47070239802999,7.0,21.320791404580486,847.1502939899946,17551.389090638288,0,0,0,Talomo,0.04480127885585582,False,0.059275764423967446,0.059275764423967446,0.3313780866448345,0.11041210984696606,0.3317061057689506,Low Suitability,2,False,True,585
TALOMO_1426,7.1842176518828555,125.47296462364713,12.0,24.70691238406828,1004.0390032737565,17437.77992121958,0,0,0,Talomo,0.03890004311135182,False,0.0635474663047565,0.0635474663047565,0.3401945846297831,0.12047086756164574,0.3356457609566032,Low Suitability,2,False,True,563
TALOMO_1427,7.184205443141687,125.47522684532109,17.0,17.381472628570304,1012.4347364598929,17327.03316066547,0,0,0,Talomo,0.05440260528667878,False,0.07471808582531415,0.07471808582531415,0.36324997267934267,0.14677479944076033,0.3646128739060299,Low Suitability,2,False,True,398
TALOMO_1428,7.184193223264779,125.47748906304834,2.0,48.12710747383853,900.5774718093988,17219.204038535372,0,0,0,Talomo,0.02035536084701356,False,0.045214011400402994,0.045214011400402994,0.3023555984991491,0.07730030320525993,0.30071029683649675,Low Suitability,1,False,True,845
TALOMO_1429,7.184180992252224,125.47975127682527,0.0,57.661184667379366,849.7384714549556,17114.012832405628,0,0,0,Talomo,0.01704704747560418,False,0.04063588839332125,0.04063588839332125,0.29290666844897256,0.06652000265963061,0.2926116833228676,Low Suitability,1,False,True,931
TALOMO_1430,7.184168750104115,125.48201348664823,0.0,54.56050896689233,870.6728185780238,17010.417428699988,0,0,0,Talomo,0.017998395237809734,False,0.0419894482675133,0.0419894482675133,0.2957003226496532,0.06970728754204268,0.29575758679739267,Low Suitability,1,False,True,902
TALOMO_1431,7.184156496820553,125.48427569251369,0.0,41.89202759555732,958.6901710931411,16909.883706563338,0,0,0,Talomo,0.02331435597844244,False,0.04845177747462759,0.04845177747462759,0.30903812430871325,0.08492440839478665,0.30902819339293935,Low Suitability,1,False,True,774
TALOMO_1432,7.18414423240163,125.486537894418,0.0,30.719512854939527,1097.7716207347464,16812.466590015043,0,0,0,Talomo,0.03152633536880674,False,0.05855304919893586,0.05855304919893586,0.3298864522791877,0.10871030163371122,0.3296045458090839,Low Suitability,2,False,True,604
TALOMO_1433,7.186513576109901,125.46619012217391,3.0,57.00434248202004,749.4290235659255,18006.40568261317,0,0,0,Talomo,0.017240088538370658,False,0.037994191477801635,0.037994191477801635,0.2874543882612406,0.06029948681597342,0.2870465674062976,Low Suitability,1,False,True,979
TALOMO_1434,7.186501396908664,125.4684523668182,9.0,11.938647777812154,985.775446337613,17888.699091235114,0,0,0,Talomo,0.07728782923628623,False,0.08429328988663692,0.08429328988663692,0.38301253328587326,0.16932193882673077,0.38075180024533695,Low Suitability,2,False,True,331
TALOMO_1435,7.1864892065678685,125.47071460752646,12.0,48.29248861503429,1066.3882642310652,17773.72962398911,0,0,0,Talomo,0.02028706661190968,False,0.055008906551769626,0.055008906551769626,0.32257158635943867,0.10036475852490148,0.3195327211145287,Low Suitability,2,False,True,683
TALOMO_1436,7.186477005087605,125.47297684429508,25.0,63.3025751496939,1001.2319555139107,17661.550733629825,0,0,0,Talomo,0.015551476712589487,False,0.054345546992803105,0.054345546992803105,0.32120245799371,0.09880271761765341,0.31624591552731635,Low Suitability,2,False,True,706
TALOMO_1437,7.1864647924679685,125.47523907712048,19.0,15.16812579337988,814.5435015284363,17552.215925246936,0,0,0,Talomo,0.06185008780729892,False,0.0722649644846381,0.0722649644846381,0.3581868994685993,0.14099833050655355,0.3513869767238916,Low Suitability,2,False,True,461
TALOMO_1438,7.186452568709054,125.47750130599903,11.0,177.01467270467344,670.44522745874,17445.77867154127,0,0,0,Talomo,0.005617514471175088,False,0.031003342405206906,0.031003342405206906,0.2730257580614602,0.04383783780498613,0.2730121056486014,Low Suitability,1,False,True,1096
TALOMO_1439,7.186440333810955,125.47976353092713,0.0,96.10539211960939,600.4269232489474,17341.162456971793,0,0,0,Talomo,0.010298089304538844,False,0.02720092600020009,0.02720092600020009,0.2651778329233684,0.034884126517151136,0.2660782626402382,Low Suitability,1,False,True,1137
TALOMO_1440,7.18642808777377,125.48202575190125,0.0,31.229690240776947,629.7048334753301,17238.932137170326,0,0,0,Talomo,0.031027291684448205,False,0.04046367855402472,0.04046367855402472,0.2925512392211104,0.0661144928422536,0.29344294157644807,Low Suitability,1,False,True,922
TALOMO_1441,7.186415830597592,125.4842879689177,0.0,39.73756845712327,746.6885993787431,17139.73882825639,0,0,0,Talomo,0.024547365929621225,False,0.041113711364519245,0.041113711364519245,0.2938928620973812,0.067645152689272,0.2939082890849658,Low Suitability,1,False,True,915
TALOMO_1442,7.186403562282515,125.48655018197294,0.0,179.97922502088312,918.4549807051976,17043.635556175082,0,0,0,Talomo,0.005525496088761627,False,0.036495763621700913,0.036495763621700913,0.28436173654008096,0.0567710751481957,0.28451322265660334,Low Suitability,1,False,True,999
TALOMO_1443,7.188772940686154,125.46620231329955,1.0,62.34472403401755,794.8524497876297,18226.62479293781,0,0,0,Talomo,0.01578663440798917,False,0.038163314365978196,0.038163314365978196,0.2878034462349543,0.06069772765853443,0.287599002141291,Low Suitability,1,False,True,974
TALOMO_1444,7.188760757617029,125.46846456909913,3.0,139.3837060650312,1033.889211398843,18110.3495524644,0,0,0,Talomo,0.007123333811523405,False,0.04288045431733975,0.04288045431733975,0.2975392976675964,0.0718053773028999,0.2974458106353846,Low Suitability,1,False,True,884
TALOMO_1445,7.188748563404803,125.47072682096257,8.0,85.80720519932264,1109.0116148597392,17996.79611715262,0,0,0,Talomo,0.01151978107927616,False,0.05007878175194064,0.05007878175194064,0.31239614889299994,0.08875558441852557,0.3109930818345416,Low Suitability,1,False,True,750
TALOMO_1446,7.188736358049571,125.47298906888628,7.0,86.2316105382196,875.1699543710369,17886.016327071593,0,0,0,Talomo,0.011463734233840159,False,0.04080173869718228,0.04080173869718228,0.2932489720344288,0.06691053740901155,0.293414547059681,Low Suitability,1,False,True,923
TALOMO_1447,7.1887241415514325,125.47525131286666,10.0,32.60267356796084,653.4050322531948,17778.062032240286,0,0,0,Talomo,0.029759536781426538,False,0.044152218850011235,0.044152218850011235,0.30016413192629143,0.07480005522314427,0.29961427731962376,Low Suitability,1,False,True,856
TALOMO_1448,7.188711913910475,125.47751355290012,1.0,239.97071012193317,461.4692008290417,17672.790652822878,0,0,0,Talomo,0.004149881948283224,False,0.01866699634681413,0.01866699634681413,0.24756439085917797,0.014788920172443938,0.24808930880815416,Not Suitable,1,False,True,1247
TALOMO_1449,7.1886996751268,125.47977578898306,8.0,97.05164576400672,352.09304232516484,17568.932679318674,0,0,0,Talomo,0.01019870693865584,False,0.020524864279133796,0.020524864279133796,0.2513989021005316,0.01916372064274841,0.2528405144960379,Low Suitability,1,False,True,1215
TALOMO_1450,7.188687425200498,125.48203802111186,0.0,26.08909096748215,399.9814965642613,17468.035417908548,0,0,0,Talomo,0.03691522913044236,False,0.03518008277086422,0.03518008277086422,0.28164626203040044,0.05367298560970821,0.2833614052613474,Low Suitability,1,False,True,1013
TALOMO_1451,7.188675164131665,125.48430024928292,0.0,148.07001568547284,566.5693997506237,17370.150466595944,0,0,0,Talomo,0.006708257159574794,False,0.023809563930931355,0.023809563930931355,0.2581782955763436,0.026898342319301684,0.2599495460015751,Low Suitability,1,False,True,1182
TALOMO_1452,7.188662891920399,125.48656247349271,0.0,330.8491924625056,779.1126823982381,17275.329030240177,0,0,0,Talomo,0.003013417006018438,False,0.029725329373078455,0.029725329373078455,0.27038802733095857,0.04082844627787688,0.27132522310905866,Low Suitability,1,False,True,1105
TALOMO_1453,7.191032305019665,125.46621450835772,0.0,99.07208932119505,909.3607493749751,18447.603017146343,0,0,0,Talomo,0.009992796261007035,False,0.0387683009944463,0.0387683009944463,0.2890520968991773,0.06212231534892296,0.2895471942000207,Low Suitability,1,False,True,961
TALOMO_1454,7.19102011808261,125.46847677531616,4.0,140.45053599730923,1124.3102138721952,18332.729383486214,0,0,0,Talomo,0.007069609124839391,False,0.04664000633022673,0.04664000633022673,0.3052987536574898,0.08065815398739577,0.3045760480998501,Low Suitability,1,False,True,816
TALOMO_1455,7.19100791999892,125.47073903833841,4.0,74.72316408595934,1057.5272016290644,18220.56190730821,0,0,0,Talomo,0.013205998614437466,False,0.0476973618185068,0.0476973618185068,0.30748106244025386,0.08314795383104298,0.30700811026833164,Low Suitability,1,False,True,795
TALOMO_1456,7.190995710768686,125.47300129742081,3.0,22.415134261837153,808.9372468401957,18111.15086867654,0,0,0,Talomo,0.04270742114128454,False,0.05518341833133184,0.05518341833133184,0.3229317666332025,0.1007756888187191,0.32314737356617074,Low Suitability,2,False,True,658
TALOMO_1457,7.190983490392005,125.47526355255981,4.0,104.44083347821866,561.6005310408739,18004.546519084422,0,0,0,Talomo,0.009483991799121865,False,0.026659696671658614,0.026659696671658614,0.26406077292769287,0.033609670846833646,0.2648239564991496,Low Suitability,1,False,True,1147
TALOMO_1458,7.190971258868973,125.47752580375176,11.0,14.863498280205398,318.45069258110806,17899.832673824058,0,0,0,Talomo,0.063037797989855,False,0.05127424526524218,0.05127424526524218,0.314863503111585,0.09157059309015572,0.316247018742003,Low Suitability,2,False,True,705
TALOMO_1459,7.19095901619968,125.47978805099308,23.0,92.79369551800404,111.474350168024,17797.299672191148,0,0,0,Talomo,0.010661697403830798,False,0.01694307629811871,0.01694307629811871,0.24400633880880215,0.010729532468613122,0.2477314680215172,Not Suitable,1,False,True,1250
TALOMO_1460,7.190946762384225,125.48205029428021,20.0,79.68863581245571,220.09592882509003,17697.704413077165,0,0,0,Talomo,0.012393318959119548,False,0.02102887738359842,0.02102887738359842,0.25243915037719256,0.020350541690732384,0.2515475282640261,Low Suitability,1,False,True,1225
TALOMO_1461,7.190934497422703,125.4843125336095,0.0,140.26046778070085,457.6657131852625,17601.096765927025,0,0,0,Talomo,0.007079121396882568,False,0.019886184595897777,0.019886184595897777,0.25008071129569065,0.017659794486325524,0.2503083164583705,Low Suitability,1,False,True,1236
TALOMO_1462,7.190922221315207,125.48657476897738,16.0,216.14908277230438,703.8988508055478,17507.30544831048,0,0,0,Talomo,0.004605131125737096,False,0.033447178454783164,0.033447178454783164,0.27806966707194897,0.0495924422701617,0.2775619470272524,Low Suitability,1,False,True,1064
TALOMO_1463,7.190909934061834,125.48883700038026,30.0,112.22173903624156,952.0973055866541,17415.510781309516,0,0,0,Talomo,0.008832226112336134,False,0.05030436545246861,0.05030436545246861,0.31286173808827744,0.08928677593219286,0.3095261222369547,Low Suitability,1,False,True,767
TALOMO_1464,7.193291669110354,125.46622670734851,0.0,176.57921598168886,1071.0198541923655,18669.31339963841,0,0,0,Talomo,0.005631289644296635,False,0.04235860532030026,0.04235860532030026,0.2964622373391269,0.0705765573216939,0.2962454485445917,Low Suitability,1,False,True,895
TALOMO_1465,7.193279478305336,125.46848898546946,0.0,108.21974094116482,1258.6580205074613,18555.812361193737,0,0,0,Talomo,0.00915585398191602,False,0.05155877479569945,0.05155877479569945,0.31545075243327025,0.09224058685128697,0.31569565353316126,Low Suitability,2,False,True,710
TALOMO_1466,7.193267276350142,125.47075125965407,1.0,55.04272939044491,1063.8706699956497,18445.001543880182,0,0,0,Talomo,0.01784352780238602,False,0.04959751028940509,0.04959751028940509,0.3114028377963758,0.08762231407997366,0.31137153024801734,Low Suitability,2,False,True,745
TALOMO_1467,7.19325506324487,125.47301352989876,2.0,110.08835884288742,817.2126342739622,18336.929719112042,0,0,0,Talomo,0.009001843311181713,False,0.03538992197848996,0.03538992197848996,0.2820793556785119,0.054167102897724057,0.28392705238178617,Low Suitability,1,False,True,1006
TALOMO_1468,7.193242838989612,125.47527579619995,1.0,45.28492419000393,573.4563425030578,18231.57567595072,0,0,0,Talomo,0.02160530707352802,False,0.03315574063180955,0.03315574063180955,0.27746815951110065,0.04890618125944628,0.27900996057251287,Low Suitability,1,False,True,1051
TALOMO_1469,7.193230603584462,125.477538058554,7.0,27.787787444137976,338.9216191053328,18127.47886172379,0,0,0,Talomo,0.034736952325373265,False,0.0340530689167374,0.0340530689167374,0.27932018318613355,0.05101915825561976,0.2799435779232675,Low Suitability,1,False,True,1044
TALOMO_1470,7.193218357029519,125.47980031695734,26.0,48.04129113467829,160.88365683616271,18026.240754886156,0,0,0,Talomo,0.020390980271171442,False,0.02558326407105515,0.02558326407105515,0.2618390903011889,0.03107494931714375,0.2619719374065701,Low Suitability,1,False,True,1166
TALOMO_1471,7.1932060993248745,125.48206257140636,17.0,51.698704682931584,248.79557507514482,17927.917381112467,0,0,0,Talomo,0.018975798475818834,False,0.02491900482495328,0.02491900482495328,0.26046810504328066,0.029510789878414313,0.26032833353945534,Low Suitability,1,False,True,1180
TALOMO_1472,7.193193830470625,125.48432482189747,7.0,34.28923525732358,472.1386717024649,17832.556953361185,0,0,0,Talomo,0.028337253349588237,False,0.03536734674077875,0.03536734674077875,0.28203276194530086,0.05411394402736618,0.28115829043188084,Low Suitability,1,False,True,1025
TALOMO_1473,7.193181550466865,125.48658706842706,25.0,17.082655473527854,713.3937289162021,17739.474991802497,0,0,0,Talomo,0.05530161216995769,False,0.06669919682686791,0.06669919682686791,0.34669953899522293,0.12789238118516286,0.3441675949888603,Low Suitability,2,False,True,501
TALOMO_1474,7.193169259313688,125.48884931099154,64.0,10.607904717902285,959.1383109838537,17648.88473394672,0,0,0,Talomo,0.08614819162477709,False,0.10789109273263149,0.10789109273263149,0.431716770390195,0.2248886867063354,0.4200259208082743,Moderately Suitable,2,False,True,213
TALOMO_1475,7.195551032958151,125.46623891027204,0.0,24.857452592069016,1259.488359490502,18891.730162947217,0,0,0,Talomo,0.03867356989012597,False,0.0688909067413209,0.0688909067413209,0.3512230770565442,0.13305329353943784,0.3524055710651835,Low Suitability,2,False,True,457
TALOMO_1476,7.195538838285129,125.46850119955907,0.0,44.74133382100349,1363.5476286615697,18779.57342751751,0,0,0,Talomo,0.021862064711825707,False,0.06299410487673587,0.06299410487673587,0.33905248481775435,0.11916784392178432,0.3386978211173972,Low Suitability,2,False,True,542
TALOMO_1477,7.195526632458398,125.47076348490968,0.0,59.60441008507433,1127.066024139041,18670.090725259848,0,0,0,Talomo,0.01650044936657638,False,0.050860096070593344,0.050860096070593344,0.31400872774523503,0.09059537840454361,0.31417603305879255,Low Suitability,2,False,True,719
TALOMO_1478,7.195514415478047,125.47302576632026,0.0,45.353968531678284,897.9384777971047,18563.329368929106,0,0,0,Talomo,0.021573125919447444,False,0.04512132279890323,0.04512132279890323,0.30216429562007285,0.07708204542149662,0.30145179645817705,Low Suitability,1,False,True,841
TALOMO_1479,7.195502187344175,125.47528804378723,0.0,21.96060326842025,683.6001733824951,18458.52388851044,0,0,0,Talomo,0.04355286262775981,False,0.04985422563096285,0.04985422563096285,0.3119326805510231,0.08822681259003679,0.31449350772031487,Low Suitability,2,False,True,716
TALOMO_1480,7.195489948056874,125.47755031730698,3.0,122.35204883078495,503.3139022405135,18355.706742416278,0,0,0,Talomo,0.008106877911463034,False,0.02328333517914393,0.02328333517914393,0.25709219573622577,0.025659209143708853,0.25711336274022556,Low Suitability,1,False,True,1190
TALOMO_1481,7.1954776976162425,125.4798125868759,5.0,119.12584447858764,405.3894070256018,18255.73432882014,0,0,0,Talomo,0.008324603288664077,False,0.020393741801390405,0.020393741801390405,0.2511282743523723,0.018854960979415906,0.2508953729817474,Low Suitability,1,False,True,1233
TALOMO_1482,7.1954654360223715,125.48207485249044,0.0,174.80193159472674,447.61172735817024,18158.653632781756,0,0,0,Talomo,0.005688219639732306,False,0.018688692810021536,0.018688692810021536,0.24760917086243825,0.014840009755181493,0.24832215401384375,Not Suitable,1,False,True,1242
TALOMO_1483,7.195453163275358,125.48433711414695,5.0,44.90895767697265,601.1422008215368,18064.4616521423,0,0,0,Talomo,0.02178224143175412,False,0.03572429745938165,0.03572429745938165,0.28276948360311166,0.05495447103386322,0.28537455581341975,Low Suitability,1,False,True,993
TALOMO_1484,7.195440879375297,125.48659937184188,17.0,79.01343485731884,804.6040223293422,17972.11978490617,0,0,0,Talomo,0.012497901156014799,False,0.04225525784407784,0.04225525784407784,0.29624893527795965,0.07033320063324613,0.2920124106060035,Low Suitability,1,False,True,936
TALOMO_1485,7.195428584322282,125.48886162557154,44.0,184.58881058138778,1028.787305466272,17882.708098338102,0,0,0,Talomo,0.005388255880660768,False,0.056144372192207255,0.056144372192207255,0.32491510910757754,0.10303848765891961,0.3220514281315286,Low Suitability,2,False,True,666
TALOMO_1486,7.1954162781164115,125.49112387533246,32.0,66.58175990758392,1262.7030557611508,17795.559508204933,0,0,0,Talomo,0.014796891962675592,False,0.06631627173566632,0.06631627173566632,0.34590920802429354,0.12699069122112516,0.34389557659214975,Low Suitability,2,False,True,505
TALOMO_1487,7.197810396562975,125.4662511171284,0.0,189.74031076154023,1355.0637936169423,19114.828649122155,0,0,0,Talomo,0.005242730265078472,False,0.052930811772814286,0.052930811772814286,0.3182825420996815,0.09547138055214101,0.31866252371563986,Low Suitability,2,False,True,688
TALOMO_1488,7.197798198021917,125.4685134175851,0.0,106.71912824026214,1456.9554406090058,19003.988630159016,0,0,0,Talomo,0.00928340227345277,False,0.05917321409500738,0.05917321409500738,0.33116642984062294,0.1101706302350088,0.3306368377795248,Low Suitability,2,False,True,593
TALOMO_1489,7.197785988323609,125.47077571410529,0.0,80.0732626554012,1238.4404882997724,18895.80623908716,0,0,0,Talomo,0.01233452271743968,False,0.05265310421275292,0.05265310421275292,0.317709372854258,0.09481745077423334,0.31862302238057805,Low Suitability,2,False,True,689
TALOMO_1490,7.197773767468146,125.47303800668536,0.0,155.5475987158252,1034.2874504702136,18790.312515183712,0,0,0,Talomo,0.006387833529246663,False,0.04140537877691376,0.04140537877691376,0.29449484351495536,0.06833195432394086,0.29477278885971075,Low Suitability,1,False,True,910
TALOMO_1491,7.197761535455624,125.4753002953217,0.0,47.20898646854783,854.8486517157118,18686.05320216268,0,0,0,Talomo,0.020743020611985134,False,0.042996426456804425,0.042996426456804425,0.29777865616274296,0.07207846182168957,0.29795884353446017,Low Suitability,1,False,True,877
TALOMO_1492,7.197749292286135,125.47756258001074,0.0,57.31220554958236,718.8754443435706,18584.49488538577,0,0,0,Talomo,0.017149068373853715,False,0.03571999789336845,0.03571999789336845,0.2827606095954797,0.05494434666329337,0.28269509397248405,Low Suitability,1,False,True,1015
TALOMO_1493,7.197737037959777,125.4798248607489,9.0,50.648769223350904,654.0623759399114,18485.759817108024,0,0,0,Talomo,0.019361545590284666,False,0.03772982466551997,0.03772982466551997,0.2869087533988803,0.05967697106305943,0.2870481440731458,Low Suitability,1,False,True,978
TALOMO_1494,7.197724772476642,125.48208713753252,11.0,28.809603516528977,681.0383827363609,18389.89347132499,0,0,0,Talomo,0.03354623618007918,False,0.047775355283029966,0.047775355283029966,0.30764203557040143,0.08333160835208883,0.30476916129433385,Low Suitability,1,False,True,812
TALOMO_1495,7.197712495836829,125.48434941035804,7.0,15.167853664439948,790.4612361780644,18296.476348573076,0,0,0,Talomo,0.0618511288359462,False,0.06711337643117073,0.06711337643117073,0.347554377125001,0.12886766747767783,0.34712292984122967,Low Suitability,2,False,True,477
TALOMO_1496,7.197700208040428,125.48661167922187,10.0,102.73192898135486,954.38181722,18205.224693511624,0,0,0,Talomo,0.009640233338182147,False,0.0438039063541837,0.0438039063541837,0.29944523896435365,0.07397986900643258,0.29875008290447047,Low Suitability,1,False,True,869
TALOMO_1497,7.197687909087539,125.48887394412039,18.0,101.92038212127943,1149.721853397658,18116.89275481681,0,0,0,Talomo,0.009716248418331939,False,0.05410005583079528,0.05410005583079528,0.32069578117131786,0.09822464915954375,0.3199132173496717,Low Suitability,2,False,True,676
TALOMO_1498,7.197675598978254,125.49113620505,19.0,92.3562800931564,1363.039261107376,18030.48703982301,0,0,0,Talomo,0.010711652167397213,False,0.06314728822741564,0.06314728822741564,0.3393686446857146,0.11952855125890917,0.33848746788689776,Low Suitability,2,False,True,545
TALOMO_1499,7.200057557515621,125.46852563954764,11.0,39.75307166796735,1584.6691062211617,19229.03506655767,0,0,0,Talomo,0.024538027664452546,False,0.07685350314597808,0.07685350314597808,0.36765732671060763,0.15180315723531723,0.3644075800888218,Low Suitability,2,False,True,400
TALOMO_1500,7.200045343945702,125.470787947241,5.0,56.12398862578507,1386.4313410161253,19122.1259058928,0,0,0,Talomo,0.017505780392033272,False,0.06307616469890084,0.06307616469890084,0.33922185062954385,0.11936107366775028,0.33943073623411674,Low Suitability,2,False,True,534
TALOMO_1501,7.200033119215089,125.47305025099416,0.0,2.4011539175744137,1207.5626486819503,19017.23425039829,0,0,0,Talomo,0.29401786106556616,False,0.2165758391549229,0.2165758391549229,0.6560345890413859,0.48081327181368666,0.5643485570997901,Moderately Suitable,3,False,True,46
TALOMO_1502,7.2000208833238775,125.47531255080352,2.0,62.84553554752686,1057.9334750501864,18914.149846223532,0,0,0,Talomo,0.01566280228404688,False,0.048446670716410095,0.048446670716410095,0.30902758431205835,0.08491238329447517,0.30906023164227975,Low Suitability,1,False,True,773
TALOMO_1503,7.200008636272165,125.47757484666545,3.0,194.70608131806762,951.4404473070078,18813.822851198354,0,0,0,Talomo,0.00510970325124833,False,0.03856537564043767,0.03856537564043767,0.28863327296795727,0.06164447840545128,0.28884291757598385,Low Suitability,1,False,True,967
TALOMO_1504,7.199996378060046,125.47983713857639,9.0,67.23350708710642,903.4681023211361,18716.297607891076,0,0,0,Talomo,0.014655556231682581,False,0.0444545349042172,0.0444545349042172,0.3007880914059338,0.07551193166662727,0.2973232709957829,Low Suitability,1,False,True,885
TALOMO_1505,7.199984108687611,125.48209942653273,11.0,110.48496277859536,923.1848672133609,18621.618136403322,0,0,0,Talomo,0.00896981956199743,False,0.042577843461217624,0.042577843461217624,0.2969147297371369,0.07109280667683318,0.29691036146434535,Low Suitability,1,False,True,888
TALOMO_1506,7.199971828154959,125.48436171053085,4.0,108.513795573656,1006.621073786828,18528.87377452077,0,0,0,Talomo,0.009131269670289413,False,0.04337357443827651,0.04337357443827651,0.2985570635777431,0.07296654818025995,0.29846889983836966,Low Suitability,1,False,True,874
TALOMO_1507,7.199959536462184,125.48662399056718,7.0,204.9408327148159,1139.8691474602435,18438.772267140645,0,0,0,Talomo,0.004855763603640403,False,0.04699317261874194,0.04699317261874194,0.30602766451268065,0.08148976963574972,0.3059328624588652,Low Suitability,1,False,True,804
TALOMO_1508,7.199947233609382,125.48888626663809,24.0,103.77726964819755,1307.7910232417635,18351.165891715777,0,0,0,Talomo,0.009544054768344527,False,0.062127522014777094,0.062127522014777094,0.3372639175746584,0.11712726447794754,0.33728012070464186,Low Suitability,2,False,True,552
TALOMO_1509,7.199934919596649,125.49114853874002,24.0,137.84700637011184,1498.7771841110118,18265.814725228876,0,0,0,Talomo,0.007202171844702153,False,0.06801661929915839,0.06801661929915839,0.3494186080914329,0.13099457179360405,0.3487056771702727,Low Suitability,2,False,True,472
TALOMO_1510,7.202316916766169,125.46853786544679,11.0,174.00113075632726,1739.1472613046224,19454.690830917767,0,0,0,Talomo,0.005714248791868703,False,0.07169432355970055,0.07169432355970055,0.3570091359670152,0.13965461810193996,0.3574813779541994,Low Suitability,2,False,True,441
TALOMO_1511,7.202304699324601,125.47080018431696,6.0,54.502029356295395,1560.656555313617,19349.02780805528,0,0,0,Talomo,0.01801735921366943,False,0.0703534566994876,0.0703534566994876,0.3542416792715194,0.1364972219982507,0.3528632067610925,Low Suitability,2,False,True,454
TALOMO_1512,7.2022924707188025,125.47306249924678,2.0,106.56106816052578,1404.1597383429566,19244.65324878225,0,0,0,Talomo,0.009297044154559573,False,0.05787989681415727,0.05787989681415727,0.3284971121965723,0.10712520114390457,0.32868004927317196,Low Suitability,2,False,True,614
TALOMO_1513,7.202280230948867,125.4753248102327,16.0,80.3610577100614,1277.7637723473601,19142.793540566152,0,0,0,Talomo,0.012290892327919386,False,0.05977140574423161,0.05977140574423161,0.33240105613645987,0.11157921749938497,0.3315082400440124,Low Suitability,2,False,True,586
TALOMO_1514,7.202267980014893,125.47758711727116,16.0,57.58431707181813,1191.0902338040355,19043.671137877194,0,0,0,Talomo,0.017069414648533097,False,0.0592766254506405,0.0592766254506405,0.33137986374448697,0.11041413734301606,0.32996969516795893,Low Suitability,2,False,True,599
TALOMO_1515,7.202255717916972,125.47984942035849,3.0,101.06162537644913,1153.1312293938395,18947.329001167756,0,0,0,Talomo,0.009798001906314451,False,0.04898192858081647,0.04898192858081647,0.31013231961771953,0.08617277770475787,0.31092692517963877,Low Suitability,1,False,True,751
TALOMO_1516,7.202243444655201,125.48211171949112,1.0,111.00472113538208,1168.6433670471688,18853.595082773096,0,0,0,Talomo,0.008928195078413546,False,0.048355841957632484,0.048355841957632484,0.30884012002005345,0.08469850496130359,0.30928162098559764,Low Suitability,1,False,True,772
TALOMO_1517,7.202231160229674,125.48437401466543,0.0,17.361763142362793,1235.614424682449,18761.723799543397,0,0,0,Talomo,0.05446100095327337,False,0.07723630483975558,0.07723630483975558,0.36844740299776674,0.1527045566302033,0.3694388226845922,Low Suitability,2,False,True,380
TALOMO_1518,7.202218864640488,125.48663630587788,1.0,161.1940895334589,1346.3872747554233,18672.74589602998,0,0,0,Talomo,0.006165452778682855,False,0.053494772183627796,0.053494772183627796,0.3194465174809901,0.09679936206661797,0.3199821063898117,Low Suitability,2,False,True,674
TALOMO_1519,7.202206557887737,125.48889859312483,11.0,287.8394976258101,1491.232503925304,18585.79603537161,0,0,0,Talomo,0.0034621303811277716,False,0.06094810250332452,0.06094810250332452,0.3348296770690429,0.11435003529839721,0.33427264588482575,Low Suitability,2,False,True,570
TALOMO_1520,7.202194239971516,125.49116087640265,15.0,110.31079804254105,1661.2615892457536,18501.5251371486,0,0,0,Talomo,0.00898385437518665,False,0.07206146863975549,0.07206146863975549,0.3577668980835725,0.14051915020400862,0.3572285584305086,Low Suitability,2,False,True,442
TALOMO_1521,7.204576275773486,125.46855009528268,8.0,152.16767053661673,1913.9201176629501,19680.934964129305,0,0,0,Talomo,0.006528792900594104,False,0.07775782829185991,0.07775782829185991,0.3695237914239488,0.15393261003693393,0.36978652610039664,Low Suitability,2,False,True,377
TALOMO_1522,7.204564054460232,125.4708124253332,2.0,28.739840266489477,1753.312836870522,19575.962120067892,0,0,0,Talomo,0.03362492841384858,False,0.08541418759629357,0.08541418759629357,0.38532598882989544,0.17196136423585903,0.38348401663606624,Low Suitability,2,False,True,324
TALOMO_1523,7.20455182197921,125.47307475144332,3.0,41.888630680577414,1615.5870731950517,19472.62588346032,0,0,0,Talomo,0.02331620254905599,False,0.07448858763470433,0.07448858763470433,0.36277630424658974,0.1462343903111618,0.3628825569619466,Low Suitability,2,False,True,407
TALOMO_1524,7.204539578330515,125.47533707360942,25.0,60.94071171730676,1507.0292891032175,19371.964915002416,0,0,0,Talomo,0.016144470611896302,False,0.07392457679356057,0.07392457679356057,0.3616122247805586,0.1449062900462459,0.3583955979428601,Low Suitability,2,False,True,433
TALOMO_1525,7.204527323514242,125.47759939182795,21.0,85.288980707891,1434.2778550040243,19274.021130499998,0,0,0,Talomo,0.011588965262960297,False,0.0670762184146739,0.0670762184146739,0.3474776855424159,0.1287801699192034,0.3440277223256201,Low Suitability,2,False,True,503
TALOMO_1526,7.204515057530486,125.47986170609526,4.0,19.280603340021532,1402.9143425366142,19178.836158897553,0,0,0,Talomo,0.04930819775103093,False,0.08198947969135878,0.08198947969135878,0.37825762797852486,0.16389705918353076,0.3791749140104055,Low Suitability,2,False,True,336
TALOMO_1527,7.2045027803793396,125.48212401640781,1.0,182.60374953161528,1415.6921768643551,19085.760061921334,0,0,0,Talomo,0.005446511863461737,False,0.05570851256754117,0.05570851256754117,0.32401552491143526,0.10201215050233003,0.324612818662427,Low Suitability,2,False,True,647
TALOMO_1528,7.2044904920609,125.48438632276192,0.0,26.547205442229366,1471.461867251385,18995.009779112585,0,0,0,Talomo,0.03630132290903883,False,0.07556019020043148,0.07556019020043148,0.3649880180143244,0.14875773835273617,0.3638276999853092,Low Suitability,2,False,True,403
TALOMO_1529,7.204478192575267,125.48664862515406,0.0,63.446633924988525,1565.6358816515826,18906.96631884697,0,0,0,Talomo,0.015516714203629805,False,0.06695886370452848,0.06695886370452848,0.3472354735167654,0.12850382980255387,0.34739222544378046,Low Suitability,2,False,True,476
TALOMO_1530,7.206835634537494,125.46856232905532,13.0,128.0579766531549,2103.9361295169,19907.747406423932,0,0,0,Talomo,0.007748455585101213,False,0.08746271287170962,0.08746271287170962,0.38955400367429416,0.1767851136436715,0.3905659906019627,Low Suitability,2,False,True,289
TALOMO_1531,7.206823409352519,125.47082467028982,4.0,119.93976936298219,1958.9698630215194,19803.276826264802,0,0,0,Talomo,0.008268578692246826,False,0.07907823554795983,0.07907823554795983,0.3722490209080264,0.15704182904248887,0.3718865937708082,Low Suitability,2,False,True,367
TALOMO_1532,7.206811172996237,125.47308700758384,8.0,123.71003522936093,1836.7304133613475,19701.132935152546,0,0,0,Talomo,0.008018600894152956,False,0.0756961023869667,0.0756961023869667,0.36526853139099674,0.1490777765466416,0.3661195107117843,Low Suitability,2,False,True,392
TALOMO_1533,7.206798925468744,125.47534934093375,25.0,32.240615544246495,1742.0086964497457,19601.645461527667,0,0,0,Talomo,0.030083678765482024,False,0.09102886215793413,0.09102886215793413,0.3969142897788612,0.18518247671945903,0.39015848493094746,Low Suitability,2,False,True,291
TALOMO_1534,7.206786666770136,125.47761167033595,29.0,67.24694167912334,1679.4671731375215,19504.85505381427,0,0,0,Talomo,0.014652671246452335,False,0.0810188504114443,0.0810188504114443,0.37625431610674287,0.16161147722348293,0.3735890252316058,Low Suitability,2,False,True,355
TALOMO_1535,7.206774396900507,125.47987399578687,9.0,74.99784789159081,1652.7630419350905,19410.75128660492,0,0,0,Talomo,0.013158267342339445,False,0.07206672163664807,0.07206672163664807,0.357777739906764,0.14053151965873487,0.3587332853992361,Low Suitability,2,False,True,431
