{
  "building_density": {
    "min": 0.0,
    "max": 301.0
  },
  "road_accessibility": {
    "min": 0.0009439797589371672,
    "max": 0.3922741497217533
  },
  "facility_distance_m": {
    "min": 1.5734262203311689,
    "max": 1886.4596496620557
  },
  "flood": {
    "min": 0.0,
    "max": 3.0
  },
  "landslide": {
    "min": 0.0,
    "max": 3.0
  },
  "stormsurge": {
    "min": 0.0,
    "max": 3.0
  }
}